booking_id,cancellation_time,cancellation_reason,final_amount
B000015,2026-05-13 15:30:00,Personal,700
B000027,2026-07-08 08:30:00,Price,650
B000049,2026-05-30 14:00:00,Price,1200
B000052,2026-08-12 22:30:00,Price,850
B000083,2026-03-02 02:30:00,Personal,1300
B000085,2026-02-15 23:00:00,Other,436
B000086,2026-04-19 22:30:00,Weather,2000
B000126,2026-08-21 15:00:00,Personal,500
B000150,2026-06-29 05:30:00,Venue Issue,1500
B000152,2026-01-09 07:00:00,Price,650
B000166,2026-07-03 13:00:00,Weather,650
B000169,2026-05-10 11:00:00,Personal,450
B000175,2026-08-09 08:00:00,Price,650
B000183,2026-08-05 03:30:00,Personal,1850
B000187,2026-04-17 06:00:00,Weather,1500
B000199,2026-02-14 09:00:00,Weather,550
B000201,2026-08-19 09:30:00,Price,450
B000208,2026-01-22 05:30:00,Weather,1850
B000232,2026-02-16 14:00:00,Price,1200
B000244,2026-08-05 04:30:00,Personal,600
B000245,2026-05-24 21:30:00,Personal,700
B000250,2026-08-01 03:30:00,Weather,1200
B000276,2026-04-30 16:00:00,Personal,550
B000303,2026-01-16 04:00:00,Venue Issue,1067
B000308,2026-05-19 00:30:00,Personal,300
B000309,2026-07-22 12:00:00,Price,1800
B000311,2026-02-02 18:00:00,Personal,1750
B000324,2026-06-21 16:00:00,Price,650
B000338,2026-03-07 04:00:00,Personal,1940
B000342,2026-08-07 17:30:00,Price,1200
B000378,2026-08-06 19:30:00,Weather,679
B000386,2026-04-25 11:00:00,Personal,600
B000402,2026-05-03 17:30:00,Personal,850
B000409,2026-02-06 11:00:00,Venue Issue,1450
B000417,2026-08-23 19:00:00,Personal,2000
B000419,2026-02-26 08:00:00,Weather,630
B000428,2026-01-25 20:00:00,Personal,800
B000442,2026-04-12 23:30:00,Price,1500
B000443,2026-04-13 07:30:00,Venue Issue,2000
B000515,2026-03-18 20:00:00,Weather,1100
B000535,2026-05-13 07:00:00,Price,650
B000562,2026-06-04 02:30:00,Personal,1800
B000580,2026-06-25 03:00:00,Personal,3220
B000591,2026-05-22 09:00:00,Personal,1800
B000595,2026-06-22 15:30:00,Venue Issue,2250
B000602,2026-05-30 15:30:00,Venue Issue,1500
B000614,2026-03-24 20:30:00,Personal,1455
B000621,2026-07-23 09:00:00,Price,750
B000630,2026-08-08 05:30:00,Weather,750
B000637,2026-05-24 11:00:00,Price,1650
B000645,2026-01-31 21:30:00,Price,2910
B000677,2026-05-06 03:30:00,Personal,650
B000688,2026-02-11 17:30:00,Weather,1300
B000701,2026-01-05 03:00:00,Personal,500
B000706,2026-01-06 15:30:00,Price,3500
B000721,2026-04-22 10:30:00,Personal,679
B000739,2026-01-04 16:00:00,Personal,800
B000757,2026-05-25 11:00:00,Weather,1500
B000802,2026-04-26 18:00:00,Personal,650
B000814,2026-04-09 13:00:00,Personal,650
B000839,2026-03-13 23:00:00,Price,2250
B000848,2026-08-14 09:00:00,Price,650
B000852,2026-01-01 08:30:00,Personal,550
B000862,2026-05-30 16:30:00,Price,2000
B000866,2026-05-30 01:30:00,Personal,650
B000868,2026-05-16 11:00:00,Price,1500
B000882,2026-06-10 21:00:00,Other,1455
B000883,2026-02-10 01:30:00,Personal,1488
B000885,2026-04-29 14:30:00,Other,1100
B000891,2026-02-20 16:30:00,Price,750
B000897,2026-07-02 11:30:00,Price,2100
B000898,2026-04-28 22:30:00,Personal,824
B000901,2026-03-09 04:00:00,Weather,728
B000908,2026-06-23 14:00:00,Personal,506
B000920,2026-04-04 18:00:00,Personal,630
B000933,2026-04-28 21:30:00,Other,1450
B000938,2026-04-12 17:00:00,Price,1850
B000964,2026-06-10 10:30:00,Price,400
B000965,2026-06-06 21:00:00,Other,2100
B000970,2026-01-13 22:30:00,Personal,400
B001013,2026-07-05 16:00:00,Weather,2250
B001014,2026-02-18 00:00:00,Price,2050
B001025,2026-08-03 00:30:00,Personal,630
B001027,2026-05-26 04:30:00,Price,600
B001036,2026-07-25 05:00:00,Personal,1450
B001038,2026-03-18 15:30:00,Personal,400
B001040,2026-05-12 16:30:00,Personal,1200
B001046,2026-06-22 19:30:00,Price,582
B001048,2026-06-17 14:30:00,Weather,650
B001053,2026-08-02 14:30:00,Other,1500
B001061,2026-07-18 11:30:00,Weather,1500
B001070,2026-08-08 12:30:00,Weather,550
B001075,2026-01-01 05:30:00,Other,1500
B001086,2026-08-19 18:30:00,Price,1702
B001092,2026-03-14 04:00:00,Personal,900
B001106,2026-08-03 08:30:00,Venue Issue,600
B001149,2026-06-17 12:30:00,Personal,630
B001176,2026-04-11 10:00:00,Venue Issue,700
B001177,2026-04-06 17:30:00,Venue Issue,450
B001178,2026-04-05 22:00:00,Personal,1450
B001201,2026-06-27 12:30:00,Price,650
B001210,2026-03-13 20:30:00,Price,600
B001225,2026-02-16 07:30:00,Price,750
B001246,2026-02-15 07:00:00,Weather,700
B001276,2026-06-08 15:30:00,Venue Issue,350
B001295,2026-08-11 18:00:00,Price,350
B001303,2026-04-23 09:30:00,Weather,650
B001309,2026-01-02 13:30:00,Price,500
B001316,2026-05-20 02:00:00,Weather,650
B001319,2026-08-04 09:30:00,Other,1000
B001323,2026-04-11 01:00:00,Venue Issue,750
B001337,2026-03-16 09:30:00,Other,900
B001344,2026-06-06 13:00:00,Personal,630
B001364,2026-03-07 03:00:00,Venue Issue,679
B001365,2026-04-19 03:30:00,Price,550
B001367,2026-03-09 14:30:00,Personal,300
B001374,2026-02-16 23:30:00,Personal,4200
B001403,2026-07-18 23:00:00,Weather,700
B001408,2026-03-13 11:00:00,Personal,650
B001413,2026-06-20 04:30:00,Price,1600
B001416,2026-06-14 05:00:00,Weather,450
B001424,2026-02-20 08:30:00,Personal,850
B001436,2026-03-05 22:00:00,Personal,630
B001454,2026-03-28 09:00:00,Weather,800
B001455,2026-06-06 02:00:00,Personal,1000
B001459,2026-01-07 17:30:00,Personal,800
B001469,2026-05-21 14:00:00,Price,1750
B001475,2026-02-25 09:00:00,Personal,650
B001477,2026-08-09 07:30:00,Personal,700
B001484,2026-05-17 21:30:00,Weather,700
B001486,2026-03-10 19:00:00,Price,1500
B001499,2026-03-26 23:00:00,Price,650
B001513,2026-07-24 04:00:00,Other,1150
B001543,2026-06-21 12:30:00,Price,400
B001552,2026-08-21 19:30:00,Price,800
B001561,2026-07-11 03:30:00,Weather,750
B001565,2026-07-22 03:30:00,Personal,400
B001574,2026-06-06 04:00:00,Personal,650
B001579,2026-08-01 10:30:00,Venue Issue,650
B001614,2026-08-05 02:00:00,Other,679
B001615,2026-06-26 05:30:00,Other,600
B001624,2026-04-04 23:00:00,Personal,4074
B001643,2026-07-18 14:30:00,Personal,1500
B001652,2026-06-10 18:30:00,Weather,2231
B001675,2026-02-12 12:30:00,Personal,2910
B001696,2026-05-30 13:30:00,Weather,679
B001716,2026-03-15 15:30:00,Price,1650
B001735,2026-01-08 15:30:00,Personal,922
B001756,2026-04-10 04:00:00,Personal,644
B001761,2026-08-22 07:00:00,Price,650
B001777,2026-05-29 05:30:00,Personal,776
B001780,2026-06-06 17:00:00,Price,650
B001783,2026-07-31 06:00:00,Weather,450
B001792,2026-01-17 17:30:00,Price,900
B001794,2026-08-21 17:30:00,Weather,650
B001835,2026-01-30 10:30:00,Weather,500
B001854,2026-05-13 03:30:00,Personal,600
B001858,2026-08-30 03:30:00,Personal,400
B001862,2026-07-30 09:00:00,Venue Issue,4200
B001865,2026-02-24 10:00:00,Weather,3700
B001902,2026-03-31 09:00:00,Venue Issue,750
B001909,2026-03-07 12:30:00,Weather,1850
B001924,2026-03-01 08:00:00,Price,1380
B001931,2026-01-01 13:30:00,Weather,650
B001962,2026-08-27 20:00:00,Personal,650
B001971,2026-05-21 03:00:00,Other,1932
B001980,2026-06-09 11:30:00,Price,630
B001996,2026-02-14 07:30:00,Weather,2000
B001998,2026-01-25 03:30:00,Personal,1100
B002004,2026-07-18 03:00:00,Weather,900
B002016,2026-07-26 15:30:00,Venue Issue,1750
B002020,2026-07-03 20:30:00,Venue Issue,600
B002027,2026-04-11 13:00:00,Weather,4200
B002049,2026-02-19 21:00:00,Weather,750
B002052,2026-05-28 16:30:00,Personal,679
B002055,2026-03-29 03:30:00,Personal,800
B002060,2026-07-17 21:00:00,Venue Issue,1600
B002067,2026-06-20 02:30:00,Price,450
B002082,2026-08-18 01:00:00,Weather,414
B002106,2026-03-01 15:00:00,Personal,1500
B002107,2026-06-16 20:00:00,Personal,450
B002108,2026-03-23 10:00:00,Personal,650
B002116,2026-07-21 16:00:00,Price,600
B002120,2026-04-23 17:00:00,Other,500
B002131,2026-03-06 22:30:00,Weather,350
B002148,2026-05-07 11:30:00,Weather,750
B002170,2026-08-14 14:30:00,Personal,750
B002174,2026-03-11 19:30:00,Price,550
B002181,2026-03-19 16:30:00,Weather,2200
B002187,2026-02-19 16:30:00,Personal,1600
B002201,2026-03-18 13:00:00,Weather,700
B002227,2026-06-28 19:30:00,Price,1455
B002234,2026-03-13 14:30:00,Personal,1500
B002249,2026-05-23 22:30:00,Personal,1500
B002262,2026-07-04 11:00:00,Other,450
B002271,2026-03-15 22:00:00,Price,2300
B002277,2026-07-15 23:00:00,Personal,600
B002280,2026-03-14 00:00:00,Price,1500
B002306,2026-04-10 11:30:00,Weather,1500
B002315,2026-03-12 18:00:00,Personal,600
B002323,2026-05-10 18:00:00,Other,1200
B002324,2026-05-22 09:00:00,Personal,750
B002348,2026-06-08 08:00:00,Weather,388
B002388,2026-07-20 00:00:00,Other,750
B002400,2026-03-24 13:00:00,Price,3700
B002404,2026-03-27 19:30:00,Personal,1400
B002411,2026-05-29 06:00:00,Personal,1450
B002424,2026-08-06 04:30:00,Personal,679
B002447,2026-05-04 21:00:00,Weather,2050
B002448,2026-04-17 08:00:00,Venue Issue,600
B002451,2026-07-16 22:30:00,Price,630
B002465,2026-03-10 00:30:00,Price,2000
B002469,2026-08-22 21:30:00,Weather,900
B002473,2026-02-01 15:00:00,Weather,650
B002474,2026-05-01 03:00:00,Weather,2400
B002484,2026-02-19 01:00:00,Weather,1200
B002486,2026-07-18 12:30:00,Other,1500
B002487,2026-02-26 11:00:00,Weather,1116
B002505,2026-02-13 21:30:00,Personal,600
B002507,2026-04-05 05:30:00,Other,650
B002519,2026-03-22 02:30:00,Weather,1500
B002530,2026-01-05 03:30:00,Personal,1200
B002538,2026-01-15 17:00:00,Personal,700
B002551,2026-08-16 00:00:00,Personal,1450
B002569,2026-01-04 06:30:00,Personal,350
B002579,2026-04-28 05:00:00,Weather,1450
B002587,2026-03-22 13:00:00,Personal,600
B002591,2026-01-18 06:00:00,Price,400
B002617,2026-04-30 00:00:00,Price,1600
B002664,2026-03-01 07:00:00,Personal,850
B002680,2026-06-05 00:00:00,Weather,1500
B002683,2026-01-04 01:00:00,Price,450
B002684,2026-07-10 00:30:00,Venue Issue,322
B002705,2026-05-12 00:00:00,Price,750
B002712,2026-07-05 14:00:00,Personal,650
B002716,2026-07-05 05:00:00,Other,2100
B002717,2026-03-03 02:30:00,Personal,1750
B002719,2026-06-24 08:30:00,Price,850
B002729,2026-08-29 07:00:00,Price,300
B002730,2026-08-08 03:00:00,Weather,1200
B002753,2026-05-20 20:30:00,Weather,550
B002759,2026-07-27 04:00:00,Personal,1650
B002762,2026-08-08 21:00:00,Weather,1150
B002767,2026-03-01 03:00:00,Venue Issue,2037
B002783,2026-06-13 06:00:00,Personal,2328
B002785,2026-04-10 13:30:00,Personal,650
B002808,2026-05-01 18:30:00,Other,644
B002818,2026-01-09 17:30:00,Personal,3300
B002824,2026-08-11 04:00:00,Personal,650
B002827,2026-06-04 06:00:00,Venue Issue,1450
B002843,2026-06-18 07:30:00,Price,340
B002865,2026-06-01 05:30:00,Price,1450
B002873,2026-01-28 23:00:00,Personal,2000
B002899,2026-08-01 23:00:00,Weather,300
B002903,2026-06-16 08:30:00,Price,650
B002907,2026-08-14 03:00:00,Venue Issue,400
B002909,2026-06-14 23:30:00,Weather,3500
B003000,2026-07-19 13:00:00,Personal,600
B003027,2026-08-16 13:00:00,Personal,1380
B003052,2026-03-03 08:30:00,Weather,1200
B003070,2026-01-27 03:00:00,Weather,400
B003072,2026-04-01 03:30:00,Price,500
B003087,2026-03-03 12:30:00,Weather,1850
B003101,2026-04-19 16:30:00,Personal,4000
B003155,2026-04-24 00:30:00,Venue Issue,400
B003168,2026-04-12 20:30:00,Weather,1200
B003170,2026-02-09 16:00:00,Price,550
B003229,2026-03-24 19:00:00,Personal,400
B003239,2026-05-06 05:00:00,Personal,600
B003250,2026-06-07 17:00:00,Personal,1150
B003252,2026-04-23 02:30:00,Other,700
B003275,2026-02-14 12:00:00,Other,1288
B003280,2026-04-09 23:00:00,Personal,1300
B003283,2026-08-04 08:00:00,Personal,700
B003297,2026-02-10 09:00:00,Weather,1058
B003313,2026-03-12 14:30:00,Weather,506
B003317,2026-07-12 05:30:00,Personal,1850
B003325,2026-03-26 17:30:00,Personal,2050
B003340,2026-08-27 09:30:00,Venue Issue,650
B003357,2026-03-19 22:30:00,Personal,700
B003368,2026-06-29 08:30:00,Weather,2050
B003374,2026-05-29 19:00:00,Weather,650
B003384,2026-07-24 21:30:00,Personal,650
B003406,2026-03-20 08:30:00,Weather,600
B003413,2026-02-01 01:30:00,Personal,500
B003414,2026-08-20 05:00:00,Personal,1450
B003419,2026-06-13 06:30:00,Price,650
B003431,2026-05-27 03:00:00,Personal,600
B003443,2026-05-20 00:00:00,Venue Issue,1750
B003454,2026-04-18 11:30:00,Price,650
B003455,2026-08-22 11:00:00,Other,650
B003459,2026-08-04 23:30:00,Price,400
B003467,2026-06-12 18:00:00,Personal,1500
B003475,2026-04-22 00:30:00,Personal,650
B003482,2026-01-31 12:30:00,Personal,630
B003489,2026-01-15 04:30:00,Venue Issue,950
B003495,2026-01-23 00:00:00,Personal,2050
B003509,2026-04-28 09:00:00,Other,650
B003514,2026-08-21 02:30:00,Price,550
B003519,2026-01-16 15:30:00,Price,800
B003532,2026-01-11 16:00:00,Personal,1200
B003560,2026-07-06 15:00:00,Venue Issue,600
B003579,2026-06-06 11:30:00,Other,650
B003597,2026-02-02 21:30:00,Price,1400
B003622,2026-06-25 20:00:00,Other,750
B003623,2026-01-23 17:30:00,Price,1500
B003624,2026-02-16 12:30:00,Weather,700
B003681,2026-04-10 09:30:00,Price,1600
B003690,2026-04-08 10:00:00,Venue Issue,700
B003702,2026-01-05 14:30:00,Personal,950
B003711,2026-04-30 16:00:00,Personal,1450
B003713,2026-01-18 00:30:00,Price,900
B003724,2026-07-29 08:30:00,Other,552
B003728,2026-06-11 19:00:00,Venue Issue,450
B003746,2026-02-14 17:30:00,Price,600
B003748,2026-05-04 07:30:00,Venue Issue,750
B003774,2026-01-30 19:30:00,Venue Issue,300
B003781,2026-07-24 03:00:00,Weather,400
B003795,2026-08-05 02:00:00,Weather,450
B003812,2026-03-24 10:00:00,Other,300
B003827,2026-06-28 07:30:00,Personal,800
B003862,2026-06-04 09:30:00,Price,600
B003864,2026-03-16 10:30:00,Personal,436
B003880,2026-07-18 11:00:00,Venue Issue,450
B003888,2026-01-27 08:30:00,Weather,1164
B003910,2026-05-13 20:30:00,Personal,2000
B003926,2026-04-28 04:00:00,Personal,2400
B003945,2026-07-08 14:30:00,Price,1794
B003955,2026-07-20 13:30:00,Weather,500
B003962,2026-08-26 09:30:00,Other,900
B003974,2026-04-29 20:00:00,Price,300
B004034,2026-08-05 10:00:00,Weather,3000
B004043,2026-04-19 08:00:00,Venue Issue,1300
B004048,2026-03-27 18:00:00,Personal,1150
B004061,2026-04-23 23:30:00,Personal,300
B004064,2026-05-23 15:30:00,Personal,1800
B004105,2026-03-25 16:30:00,Weather,650
B004106,2026-03-14 21:00:00,Weather,679
B004117,2026-01-05 23:30:00,Price,2975
B004147,2026-05-03 13:30:00,Price,650
B004155,2026-02-13 06:00:00,Weather,600
B004158,2026-01-13 05:30:00,Other,582
B004184,2026-02-07 12:00:00,Personal,600
B004203,2026-01-08 15:30:00,Personal,400
B004205,2026-08-01 16:00:00,Venue Issue,650
B004214,2026-01-01 09:00:00,Other,1450
B004223,2026-03-16 00:00:00,Personal,2000
B004225,2026-01-06 17:00:00,Venue Issue,1200
B004238,2026-07-18 20:30:00,Venue Issue,1164
B004241,2026-03-14 08:30:00,Personal,1750
B004247,2026-05-13 03:00:00,Weather,750
B004253,2026-04-13 20:00:00,Personal,650
B004262,2026-05-26 09:30:00,Personal,1800
B004264,2026-07-04 22:00:00,Price,2250
B004266,2026-04-25 01:00:00,Price,1200
B004270,2026-01-02 04:00:00,Personal,400
B004289,2026-08-29 02:30:00,Weather,2000
B004299,2026-03-18 16:30:00,Weather,1794
B004320,2026-01-08 05:30:00,Weather,750
B004329,2026-01-29 18:00:00,Weather,650
B004334,2026-02-12 05:30:00,Personal,2900
B004361,2026-08-20 07:30:00,Personal,1450
B004379,2026-04-27 19:30:00,Price,291
B004380,2026-01-24 13:30:00,Personal,874
B004387,2026-01-30 23:30:00,Personal,2050
B004407,2026-04-14 09:00:00,Weather,650
B004437,2026-03-14 17:00:00,Venue Issue,500
B004463,2026-01-24 16:00:00,Personal,650
B004467,2026-01-28 07:00:00,Weather,2250
B004479,2026-02-04 08:30:00,Price,500
B004485,2026-07-03 02:30:00,Weather,650
B004489,2026-08-10 10:30:00,Weather,1850
B004493,2026-03-26 13:30:00,Personal,900
B004525,2026-06-28 10:00:00,Personal,650
B004533,2026-07-30 20:30:00,Personal,650
B004544,2026-01-09 09:00:00,Price,750
B004556,2026-01-29 18:00:00,Weather,600
B004607,2026-05-18 00:00:00,Weather,750
B004612,2026-03-20 11:30:00,Other,1200
B004621,2026-01-31 07:00:00,Price,450
B004625,2026-05-03 02:00:00,Price,600
B004629,2026-08-24 06:00:00,Personal,1800
B004636,2026-03-03 21:30:00,Price,1500
B004645,2026-05-06 03:30:00,Price,1450
B004646,2026-07-05 17:00:00,Weather,800
B004672,2026-07-06 05:00:00,Personal,276
B004674,2026-01-25 00:00:00,Price,2037
B004694,2026-06-20 11:00:00,Personal,1500
B004715,2026-03-28 16:30:00,Weather,1100
B004721,2026-06-19 20:30:00,Weather,1450
B004724,2026-05-19 19:00:00,Personal,1450
B004734,2026-04-13 05:00:00,Personal,1334
B004754,2026-04-26 11:00:00,Weather,650
B004773,2026-04-26 17:30:00,Weather,800
B004779,2026-08-02 09:30:00,Weather,690
B004780,2026-01-04 07:30:00,Personal,600
B004838,2026-04-21 03:30:00,Personal,1794
B004856,2026-06-07 07:00:00,Personal,800
B004859,2026-08-21 12:00:00,Personal,1450
B004862,2026-07-01 07:00:00,Weather,679
B004872,2026-01-11 09:30:00,Weather,650
B004887,2026-04-11 20:00:00,Personal,400
B004889,2026-05-30 01:30:00,Price,400
B004892,2026-06-25 18:00:00,Price,550
B004901,2026-08-09 04:00:00,Weather,1750
B004922,2026-05-24 00:30:00,Personal,2200
B004935,2026-04-17 16:30:00,Personal,425
B004962,2026-01-20 22:00:00,Weather,4500
B004965,2026-06-22 09:00:00,Personal,400
B004971,2026-05-30 17:00:00,Price,1750
B004978,2026-05-24 22:00:00,Weather,650
B004980,2026-01-12 00:30:00,Weather,500
B004991,2026-08-09 22:00:00,Personal,1402
B004993,2026-04-17 05:30:00,Personal,650
B005002,2026-07-19 23:00:00,Weather,850
B005019,2026-08-09 15:00:00,Venue Issue,750
B005023,2026-03-02 09:30:00,Weather,1100
B005027,2026-05-03 11:00:00,Personal,1406
B005034,2026-07-04 07:30:00,Price,400
B005041,2026-05-16 04:00:00,Weather,2000
B005045,2026-08-25 12:00:00,Other,1750
B005059,2026-08-26 11:00:00,Personal,728
B005074,2026-06-05 16:30:00,Weather,1850
B005095,2026-08-01 15:30:00,Personal,650
B005101,2026-08-12 18:30:00,Venue Issue,582
B005113,2026-06-20 18:30:00,Other,550
B005114,2026-04-25 09:30:00,Personal,600
B005120,2026-05-04 06:00:00,Price,1100
B005124,2026-01-20 19:00:00,Personal,1500
B005127,2026-01-05 13:00:00,Weather,1698
B005165,2026-06-06 16:00:00,Personal,1850
B005185,2026-01-31 20:30:00,Other,1500
B005211,2026-03-28 16:30:00,Venue Issue,750
B005236,2026-02-08 04:30:00,Venue Issue,650
B005246,2026-03-28 21:00:00,Weather,1100
B005248,2026-06-27 12:00:00,Personal,1000
B005252,2026-04-08 23:00:00,Price,750
B005289,2026-03-28 08:00:00,Personal,500
B005302,2026-02-07 11:30:00,Personal,1100
B005317,2026-02-08 15:00:00,Personal,650
B005351,2026-06-27 02:00:00,Personal,1850
B005353,2026-06-08 19:00:00,Weather,850
B005359,2026-04-10 21:30:00,Personal,1450
B005369,2026-05-18 11:30:00,Venue Issue,368
B005379,2026-07-26 05:00:00,Personal,550
B005384,2026-08-27 13:30:00,Price,1843
B005386,2026-01-26 13:30:00,Weather,650
B005388,2026-06-08 17:30:00,Personal,700
B005398,2026-06-13 01:00:00,Weather,450
B005399,2026-05-06 23:00:00,Personal,750
B005403,2026-08-02 09:30:00,Other,630
B005413,2026-08-29 09:00:00,Personal,800
B005421,2026-01-20 21:30:00,Personal,2975
B005425,2026-04-30 20:30:00,Weather,728
B005442,2026-08-14 03:00:00,Personal,4100
B005447,2026-02-23 22:30:00,Price,700
B005487,2026-02-05 22:30:00,Price,1164
B005493,2026-06-25 22:30:00,Personal,650
B005496,2026-06-12 23:30:00,Price,1200
B005501,2026-04-20 06:00:00,Personal,2000
B005532,2026-06-06 21:30:00,Other,1650
B005555,2026-03-21 02:30:00,Personal,1455
B005556,2026-04-14 12:30:00,Price,800
B005561,2026-05-24 08:30:00,Weather,1500
B005582,2026-04-21 00:00:00,Price,300
B005585,2026-04-03 22:00:00,Personal,550
B005597,2026-05-20 16:00:00,Venue Issue,873
B005599,2026-04-13 22:30:00,Price,650
B005601,2026-03-06 03:30:00,Personal,800
B005604,2026-07-23 00:00:00,Weather,2300
B005612,2026-04-07 07:00:00,Weather,1500
B005613,2026-07-08 05:00:00,Personal,1300
B005646,2026-05-10 03:00:00,Other,1900
B005664,2026-04-13 02:00:00,Price,1500
B005686,2026-08-10 09:30:00,Personal,552
B005687,2026-01-30 14:00:00,Other,750
B005693,2026-02-05 22:30:00,Venue Issue,679
B005694,2026-03-08 08:30:00,Weather,950
B005737,2026-08-30 16:30:00,Personal,4000
B005742,2026-06-06 12:00:00,Personal,2250
B005771,2026-08-16 03:00:00,Weather,3000
B005777,2026-03-20 16:30:00,Personal,300
B005797,2026-02-08 15:30:00,Other,700
B005810,2026-07-23 01:00:00,Weather,3680
B005833,2026-04-14 07:30:00,Price,600
B005848,2026-07-17 23:30:00,Price,650
B005850,2026-05-14 03:30:00,Venue Issue,700
B005860,2026-06-26 16:30:00,Weather,1500
B005885,2026-01-12 17:00:00,Personal,1200
B005902,2026-05-17 05:30:00,Weather,500
B005914,2026-01-08 12:30:00,Venue Issue,500
B005924,2025-12-31 13:30:00,Price,1500
B005950,2026-01-04 13:00:00,Price,1500
B005984,2026-07-31 19:00:00,Weather,600
B005986,2026-05-30 10:30:00,Personal,2116
B005991,2026-07-25 00:00:00,Weather,650
B006007,2026-08-28 21:00:00,Venue Issue,750
B006052,2026-03-09 05:30:00,Weather,1955
B006061,2026-04-13 11:00:00,Price,644
B006064,2026-06-14 11:30:00,Personal,700
B006065,2026-04-14 06:00:00,Personal,700
B006081,2026-05-28 05:30:00,Personal,1500
B006092,2026-03-25 10:30:00,Weather,700
B006113,2026-07-02 10:30:00,Venue Issue,400
B006123,2026-04-24 20:00:00,Price,1450
B006133,2026-06-27 16:00:00,Weather,650
B006134,2026-01-12 05:30:00,Personal,850
B006137,2026-06-15 15:30:00,Weather,400
B006140,2026-01-20 06:00:00,Price,1600
B006152,2026-06-21 11:00:00,Personal,1500
B006171,2026-01-03 20:30:00,Weather,824
B006188,2026-04-30 07:30:00,Venue Issue,650
B006198,2026-05-14 13:00:00,Other,2100
B006199,2026-08-29 10:00:00,Price,700
B006200,2026-05-11 23:30:00,Weather,2182
B006201,2026-01-22 18:30:00,Personal,728
B006205,2026-01-26 20:00:00,Personal,650
B006210,2026-04-24 18:30:00,Personal,600
B006231,2026-06-26 18:30:00,Personal,850
B006239,2026-06-11 22:00:00,Venue Issue,300
B006254,2026-07-31 09:00:00,Personal,2900
B006257,2026-04-20 07:30:00,Price,2000
B006272,2026-06-15 03:00:00,Personal,450
B006278,2026-05-18 19:00:00,Personal,550
B006283,2026-05-12 16:00:00,Personal,500
B006287,2026-03-02 05:30:00,Venue Issue,650
B006295,2026-04-07 11:00:00,Personal,1500
B006307,2026-05-31 07:00:00,Price,4000
B006312,2026-04-22 05:00:00,Personal,650
B006323,2026-07-03 18:30:00,Weather,340
B006329,2026-02-24 23:00:00,Other,3700
B006345,2026-06-10 04:00:00,Personal,776
B006348,2026-01-29 04:30:00,Personal,1600
B006354,2026-02-26 10:30:00,Personal,679
B006356,2026-05-16 19:30:00,Other,800
B006362,2026-03-25 08:30:00,Weather,650
B006368,2026-06-20 04:00:00,Other,595
B006369,2026-06-25 14:00:00,Venue Issue,750
B006388,2026-08-22 18:00:00,Venue Issue,1232
B006398,2026-08-15 19:00:00,Other,1455
B006406,2026-02-20 19:30:00,Price,3000
B006419,2026-06-18 14:30:00,Personal,1600
B006462,2026-06-15 04:30:00,Venue Issue,700
B006472,2026-04-13 12:00:00,Price,1850
B006473,2026-08-21 04:30:00,Personal,1500
B006498,2026-01-01 08:00:00,Personal,1988
B006502,2026-04-23 23:00:00,Personal,1450
B006504,2026-03-08 21:00:00,Personal,679
B006512,2026-06-12 12:30:00,Personal,900
B006522,2026-03-09 18:00:00,Other,679
B006543,2026-07-07 07:00:00,Personal,1000
B006558,2026-04-06 02:30:00,Weather,1200
B006574,2026-08-01 06:00:00,Personal,700
B006587,2026-05-30 13:00:00,Personal,500
B006591,2026-08-04 11:00:00,Weather,1300
B006596,2026-01-30 13:30:00,Weather,550
B006601,2026-04-09 08:30:00,Personal,1450
B006615,2026-03-25 20:00:00,Venue Issue,900
B006638,2026-05-19 09:30:00,Venue Issue,1100
B006640,2026-08-03 22:00:00,Personal,1500
B006653,2026-04-25 16:30:00,Weather,600
B006659,2026-08-14 11:30:00,Personal,600
B006662,2026-01-30 15:30:00,Other,350
B006681,2026-05-21 17:00:00,Personal,679
B006697,2026-06-02 05:30:00,Personal,300
B006703,2026-03-15 12:30:00,Price,2100
B006712,2026-02-03 18:00:00,Price,1200
B006714,2026-08-11 06:00:00,Price,368
B006724,2026-05-29 09:30:00,Price,2000
B006729,2026-01-30 14:00:00,Weather,2050
B006732,2026-02-24 07:00:00,Personal,1200
B006748,2026-08-13 18:00:00,Personal,1750
B006754,2026-08-23 04:00:00,Price,400
B006776,2026-01-29 00:00:00,Personal,800
B006795,2026-01-05 12:00:00,Venue Issue,1500
B006796,2026-03-05 03:00:00,Price,850
B006832,2026-01-07 23:00:00,Venue Issue,1850
B006854,2026-05-15 03:30:00,Personal,1334
B006874,2026-05-27 22:30:00,Price,1150
B006880,2026-06-29 03:30:00,Venue Issue,1300
B006899,2026-02-13 23:30:00,Weather,850
B006909,2026-04-25 07:30:00,Price,2250
B006926,2026-01-23 17:30:00,Weather,800
B006936,2026-06-18 00:30:00,Weather,776
B006957,2026-07-15 09:30:00,Weather,700
B006973,2026-05-30 23:30:00,Personal,600
B006980,2026-03-14 11:00:00,Weather,388
B006981,2026-02-15 02:30:00,Personal,600
B006984,2026-01-19 01:30:00,Venue Issue,1200
B007023,2026-01-16 12:30:00,Price,1750
B007028,2026-08-08 12:30:00,Venue Issue,350
B007044,2026-04-06 20:30:00,Weather,1650
B007046,2026-03-12 23:30:00,Weather,300
B007049,2026-03-11 00:30:00,Personal,400
B007051,2026-03-19 12:00:00,Other,2250
B007057,2026-02-12 20:30:00,Price,500
B007065,2026-01-23 14:30:00,Weather,1200
B007069,2026-05-09 00:00:00,Personal,1200
B007072,2026-03-06 04:30:00,Personal,900
B007079,2026-02-03 03:00:00,Weather,800
B007086,2026-08-22 19:00:00,Personal,900
B007117,2026-05-12 23:30:00,Price,800
B007119,2026-06-13 03:30:00,Personal,1450
B007126,2026-03-08 03:30:00,Other,700
B007140,2026-04-17 03:00:00,Price,400
B007156,2026-05-09 17:30:00,Personal,600
B007165,2026-08-24 20:30:00,Price,1500
B007183,2026-07-03 18:30:00,Price,1940
B007195,2026-03-16 15:00:00,Weather,650
B007217,2026-04-01 02:00:00,Price,650
B007222,2026-05-10 04:30:00,Weather,1200
B007235,2026-06-04 05:00:00,Personal,450
B007248,2026-07-30 20:30:00,Weather,300
B007264,2026-01-03 13:30:00,Venue Issue,400
B007269,2026-03-22 05:30:00,Personal,400
B007279,2026-04-05 17:30:00,Personal,950
B007294,2026-01-30 09:00:00,Price,550
B007325,2026-02-13 03:00:00,Personal,2050
B007334,2026-03-10 15:30:00,Personal,1200
B007342,2026-07-13 07:00:00,Price,873
B007360,2026-03-18 22:00:00,Personal,600
B007373,2026-03-30 03:30:00,Personal,650
B007389,2026-07-20 16:30:00,Venue Issue,1500
B007411,2026-02-19 23:00:00,Other,450
B007453,2026-08-14 10:00:00,Price,3000
B007459,2026-03-28 07:00:00,Venue Issue,1988
B007467,2026-03-24 14:00:00,Personal,630
B007487,2026-06-21 09:00:00,Price,552
B007503,2026-07-01 12:00:00,Weather,450
B007513,2026-06-29 22:30:00,Price,1455
B007522,2026-07-21 15:00:00,Price,1406
B007552,2026-04-29 14:30:00,Price,2100
B007566,2026-02-17 18:00:00,Other,650
B007581,2026-06-17 07:00:00,Personal,600
B007586,2026-01-07 03:00:00,Other,1380
B007588,2026-02-22 15:00:00,Personal,630
B007609,2026-07-12 11:30:00,Venue Issue,600
B007617,2026-06-20 21:30:00,Personal,750
B007625,2026-01-01 13:30:00,Other,485
B007632,2026-07-06 22:30:00,Personal,644
B007635,2026-04-08 05:00:00,Weather,700
B007638,2026-08-29 18:00:00,Personal,650
B007642,2026-02-09 12:30:00,Personal,1400
B007643,2026-06-27 03:30:00,Price,650
B007647,2026-01-02 16:30:00,Weather,1445
B007650,2026-04-21 11:00:00,Weather,450
B007653,2026-01-23 04:00:00,Weather,291
B007655,2026-02-26 07:30:00,Weather,300
B007656,2026-01-08 15:00:00,Price,600
B007657,2026-04-25 07:30:00,Weather,1500
B007672,2026-03-26 07:30:00,Price,750
B007674,2026-03-28 16:00:00,Other,700
B007676,2026-03-11 08:00:00,Venue Issue,650
B007680,2026-06-21 07:00:00,Personal,600
B007687,2026-06-16 06:30:00,Weather,350
B007697,2026-02-18 10:30:00,Price,388
B007698,2026-01-14 20:00:00,Venue Issue,550
B007713,2026-05-30 05:30:00,Venue Issue,950
B007742,2026-05-18 08:30:00,Venue Issue,1500
B007754,2026-05-11 03:00:00,Personal,1275
B007784,2026-06-01 10:30:00,Personal,650
B007809,2026-04-28 06:00:00,Price,436
B007813,2026-02-27 14:30:00,Weather,450
B007824,2026-04-26 04:00:00,Personal,750
B007843,2026-07-19 22:30:00,Weather,400
B007881,2026-07-26 07:00:00,Price,2100
B007924,2026-07-10 12:00:00,Price,700
B007943,2026-02-07 20:00:00,Price,450
B007954,2026-06-17 03:30:00,Weather,800
B007962,2026-05-05 16:00:00,Personal,1850
B007992,2026-01-08 01:00:00,Venue Issue,750
B008002,2026-08-14 15:00:00,Weather,450
B008012,2026-03-26 03:30:00,Price,400
B008014,2026-03-21 15:30:00,Venue Issue,2910
B008024,2026-05-14 06:00:00,Venue Issue,400
B008067,2026-01-26 01:00:00,Venue Issue,950
B008076,2026-08-05 11:30:00,Personal,950
B008097,2026-06-12 18:00:00,Price,1750
B008114,2026-03-02 00:00:00,Weather,1100
B008161,2026-03-27 05:30:00,Weather,1100
B008171,2026-04-23 09:00:00,Personal,1800
B008172,2026-04-22 06:00:00,Price,900
B008192,2026-03-03 15:30:00,Personal,650
B008202,2026-06-28 16:00:00,Price,650
B008229,2026-01-02 07:00:00,Weather,450
B008235,2026-05-15 09:00:00,Weather,1150
B008236,2026-04-26 11:00:00,Venue Issue,650
B008249,2026-02-28 18:00:00,Weather,550
B008262,2026-06-13 12:00:00,Price,1164
B008281,2026-08-18 13:30:00,Personal,400
B008285,2026-06-05 07:30:00,Weather,1750
B008293,2026-07-04 19:30:00,Personal,414
B008296,2026-08-04 09:00:00,Weather,500
B008303,2026-05-15 13:30:00,Weather,900
B008321,2026-08-25 11:00:00,Price,500
B008323,2026-08-14 23:00:00,Personal,2050
B008326,2026-05-22 08:00:00,Personal,1000
B008328,2026-06-27 03:00:00,Price,388
B008348,2026-02-24 09:30:00,Weather,1500
B008352,2026-02-02 19:30:00,Weather,1150
B008361,2026-08-19 16:30:00,Price,650
B008386,2026-07-03 01:00:00,Personal,1800
B008392,2025-12-31 19:00:00,Other,679
B008394,2026-04-02 21:30:00,Weather,650
B008398,2026-01-09 15:30:00,Personal,650
B008411,2026-02-10 14:00:00,Weather,1794
B008417,2025-12-31 04:00:00,Weather,650
B008462,2026-04-26 06:00:00,Venue Issue,900
B008485,2026-03-21 01:00:00,Personal,1500
B008486,2026-02-13 18:00:00,Personal,950
B008505,2026-01-24 02:30:00,Weather,1058
B008519,2026-01-25 07:00:00,Other,1200
B008522,2026-05-16 10:30:00,Price,1450
B008528,2026-01-06 22:30:00,Weather,650
B008537,2026-03-31 21:30:00,Other,4000
B008541,2026-08-06 01:30:00,Weather,700
B008542,2026-03-17 01:30:00,Price,650
B008550,2026-08-06 18:00:00,Price,4000
B008556,2026-07-29 07:00:00,Personal,850
B008559,2026-08-06 14:30:00,Weather,1500
B008567,2026-06-09 01:00:00,Personal,900
B008586,2026-05-30 12:00:00,Price,3000
B008588,2026-03-08 09:00:00,Venue Issue,350
B008592,2026-08-16 22:00:00,Price,1400
B008595,2026-04-11 02:30:00,Personal,1380
B008602,2026-03-20 01:30:00,Weather,650
B008606,2026-03-18 01:00:00,Weather,400
B008608,2026-02-28 11:00:00,Weather,400
B008616,2026-01-07 01:30:00,Personal,450
B008640,2026-02-04 18:30:00,Weather,291
B008652,2026-03-20 23:30:00,Personal,679
B008671,2026-08-12 19:00:00,Other,300
B008708,2026-06-15 14:30:00,Personal,1200
B008711,2026-03-02 14:00:00,Personal,750
B008721,2026-04-22 15:00:00,Venue Issue,400
B008724,2026-04-17 18:00:00,Price,850
B008732,2026-03-04 02:00:00,Venue Issue,1334
B008745,2026-05-09 11:00:00,Personal,700
B008754,2026-07-13 06:00:00,Weather,1455
B008769,2026-01-14 19:00:00,Price,600
B008828,2026-05-25 07:00:00,Price,1500
B008859,2026-05-01 21:00:00,Price,1067
B008887,2026-01-15 05:00:00,Venue Issue,700
B008890,2026-01-15 02:30:00,Price,750
B008902,2026-02-13 06:30:00,Weather,400
B008905,2026-08-13 19:30:00,Personal,950
B008915,2026-07-24 20:00:00,Venue Issue,1500
B008924,2026-02-27 11:30:00,Weather,850
B008927,2026-04-10 23:00:00,Price,1450
B008928,2026-06-06 03:00:00,Price,650
B008939,2026-06-24 13:00:00,Weather,650
B008940,2026-04-19 10:30:00,Other,600
B008965,2026-02-21 08:00:00,Personal,950
B008969,2026-04-08 15:00:00,Venue Issue,650
B008980,2026-01-24 06:30:00,Personal,750
B008987,2026-07-09 16:00:00,Weather,1261
B009001,2026-05-15 03:00:00,Personal,800
B009004,2026-08-01 00:30:00,Personal,400
B009008,2026-02-26 18:30:00,Personal,598
B009028,2026-03-21 13:00:00,Other,450
B009101,2026-02-19 07:30:00,Other,700
B009103,2026-01-30 11:30:00,Venue Issue,900
B009115,2026-06-10 01:30:00,Venue Issue,1850
B009117,2026-05-12 14:30:00,Price,650
B009131,2026-07-07 06:30:00,Weather,1850
B009153,2026-04-07 19:00:00,Other,650
B009161,2026-02-01 00:00:00,Price,679
B009176,2026-02-25 19:30:00,Personal,1200
B009179,2026-01-01 18:30:00,Personal,2250
B009180,2026-07-03 03:30:00,Price,2100
B009187,2026-08-08 14:30:00,Personal,750
B009198,2026-08-04 01:00:00,Price,650
B009222,2026-08-13 19:30:00,Venue Issue,450
B009238,2026-04-12 05:00:00,Price,650
B009250,2026-03-18 01:30:00,Price,2182
B009254,2026-06-29 05:30:00,Personal,550
B009273,2026-04-29 11:00:00,Weather,1275
B009344,2026-07-08 04:00:00,Personal,850
B009351,2026-06-18 13:00:00,Price,650
B009352,2026-01-30 04:30:00,Weather,1700
B009363,2026-02-05 03:00:00,Personal,679
B009368,2026-06-18 15:30:00,Weather,1750
B009382,2026-07-26 02:00:00,Weather,2100
B009390,2026-07-16 18:30:00,Weather,750
B009397,2026-07-12 10:30:00,Personal,1150
B009412,2026-01-01 03:30:00,Venue Issue,450
B009427,2026-08-06 10:30:00,Personal,700
B009430,2026-03-21 03:30:00,Other,1455
B009445,2026-08-02 12:30:00,Other,550
B009454,2026-03-19 20:00:00,Personal,700
B009465,2026-02-03 12:00:00,Price,400
B009471,2026-06-10 02:30:00,Personal,500
B009522,2026-07-08 10:00:00,Personal,500
B009526,2026-05-12 19:00:00,Personal,1746
B009532,2026-04-26 18:30:00,Weather,400
B009543,2026-03-25 00:30:00,Personal,400
B009546,2026-02-12 09:30:00,Price,1100
B009569,2026-04-04 02:30:00,Weather,1500
B009606,2026-01-02 04:30:00,Weather,468
B009608,2026-06-12 04:00:00,Weather,1500
B009631,2026-03-03 02:30:00,Price,1450
B009635,2026-07-26 01:30:00,Weather,1200
B009657,2026-01-28 23:30:00,Price,700
B009672,2026-08-15 20:00:00,Personal,630
B009678,2026-03-11 00:30:00,Price,1196
B009715,2026-04-21 10:30:00,Personal,776
B009716,2026-07-14 09:30:00,Personal,1100
B009733,2026-04-20 00:30:00,Venue Issue,1200
B009737,2026-07-17 22:30:00,Price,400
B009743,2026-06-12 10:30:00,Price,1300
B009758,2026-02-14 05:30:00,Price,1750
B009769,2026-06-09 22:00:00,Weather,2100
B009776,2026-07-26 15:30:00,Personal,1200
B009778,2026-02-14 14:30:00,Weather,4100
B009795,2026-04-29 09:30:00,Price,425
B009808,2026-04-08 10:00:00,Venue Issue,650
B009817,2026-03-05 00:30:00,Price,450
B009818,2025-12-30 23:00:00,Personal,800
B009843,2026-04-14 01:00:00,Other,1800
B009850,2026-03-22 17:30:00,Price,950
B009857,2026-07-09 11:30:00,Venue Issue,598
B009863,2026-05-03 20:00:00,Personal,728
B009864,2026-03-20 13:30:00,Price,750
B009874,2026-06-12 10:30:00,Price,1200
B009878,2026-08-17 18:30:00,Personal,750
B009879,2026-02-06 14:00:00,Personal,1150
B009897,2026-02-12 06:00:00,Personal,800
B009911,2026-07-31 11:30:00,Other,1450
B009915,2026-05-02 10:00:00,Personal,1472
B009919,2026-08-25 02:30:00,Venue Issue,1450
B009928,2026-05-19 05:00:00,Venue Issue,1794
B009931,2026-04-03 07:30:00,Personal,400
B009941,2026-03-23 13:30:00,Price,850
B009952,2026-06-26 20:30:00,Price,1200
B009958,2026-08-15 01:30:00,Personal,1300
B009960,2026-05-30 02:00:00,Other,1650
B009980,2026-07-13 11:00:00,Weather,1800
B010003,2026-01-21 04:00:00,Weather,298
B010077,2026-08-17 23:30:00,Venue Issue,1380
B010086,2026-02-21 16:00:00,Venue Issue,950
B010096,2026-05-15 09:00:00,Weather,800
B010128,2026-02-02 17:30:00,Price,552
B010158,2026-02-22 08:00:00,Price,1450
B010168,2026-05-11 06:30:00,Price,350
B010190,2026-06-28 11:00:00,Weather,400
B010191,2026-05-07 08:00:00,Price,1100
B010202,2026-08-19 04:30:00,Personal,1750
B010208,2026-06-30 14:00:00,Weather,700
B010220,2026-08-21 08:00:00,Personal,450
B010222,2026-07-30 13:30:00,Personal,1500
B010226,2026-01-10 07:00:00,Venue Issue,450
B010254,2026-01-21 07:00:00,Other,500
B010260,2026-03-09 07:30:00,Weather,1100
B010294,2026-06-01 11:00:00,Price,598
B010309,2026-04-12 06:30:00,Price,340
B010312,2026-04-03 01:00:00,Weather,700
B010328,2026-07-20 11:00:00,Price,700
B010334,2026-01-17 22:30:00,Price,679
B010335,2026-04-18 16:00:00,Weather,1400
B010340,2026-05-13 04:00:00,Price,3000
B010397,2026-06-16 04:30:00,Price,650
B010412,2026-08-17 03:30:00,Personal,650
B010428,2026-07-27 06:00:00,Price,1450
B010431,2026-02-09 05:30:00,Other,1150
B010435,2026-04-05 07:00:00,Weather,350
B010476,2026-02-12 19:30:00,Weather,400
B010488,2026-05-08 19:30:00,Venue Issue,600
B010496,2026-05-17 01:30:00,Price,950
B010513,2026-04-04 08:00:00,Weather,750
B010517,2026-08-18 21:30:00,Venue Issue,850
B010518,2026-02-19 06:00:00,Weather,4000
B010520,2026-02-16 13:00:00,Weather,1400
B010529,2026-01-09 04:30:00,Personal,1358
B010530,2026-05-14 17:30:00,Other,1150
B010531,2026-04-25 23:30:00,Weather,2400
B010533,2026-01-21 10:00:00,Other,1100
B010544,2026-04-21 02:00:00,Venue Issue,450
B010548,2026-04-18 16:00:00,Personal,2100
B010552,2026-01-12 21:30:00,Weather,850
B010553,2026-03-07 21:00:00,Weather,650
B010578,2026-01-28 19:00:00,Weather,650
B010583,2026-07-09 22:00:00,Price,1649
B010596,2026-07-31 11:00:00,Weather,300
B010605,2026-05-15 09:30:00,Personal,1750
B010618,2026-04-29 14:30:00,Weather,1850
B010622,2026-01-10 06:00:00,Personal,690
B010624,2026-07-06 23:30:00,Price,850
B010627,2026-06-12 05:00:00,Personal,650
B010643,2026-08-03 14:30:00,Weather,1450
B010683,2026-03-07 01:00:00,Weather,1500
B010711,2026-04-16 13:30:00,Personal,2100
B010738,2026-08-05 20:30:00,Personal,414
B010751,2026-06-01 20:30:00,Weather,1150
B010755,2026-08-16 07:00:00,Weather,650
B010756,2026-04-15 21:30:00,Venue Issue,450
B010757,2026-02-13 02:00:00,Price,3700
B010761,2026-06-10 21:00:00,Personal,1200
B010764,2026-03-10 07:30:00,Price,600
B010774,2026-07-20 11:30:00,Personal,700
B010780,2026-07-30 15:00:00,Other,500
B010805,2026-05-28 03:00:00,Venue Issue,1750
B010819,2026-02-03 05:00:00,Personal,600
B010828,2026-04-13 06:00:00,Weather,400
B010833,2026-02-14 09:00:00,Other,1500
B010834,2026-05-03 14:00:00,Price,1200
B010837,2026-07-19 13:30:00,Other,1261
B010845,2026-01-10 22:00:00,Weather,510
B010852,2026-01-05 07:00:00,Weather,3700
B010891,2026-03-14 18:30:00,Other,1794
B010895,2026-07-09 00:00:00,Price,550
B010902,2026-04-17 20:00:00,Price,2900
B010913,2026-05-01 21:00:00,Venue Issue,2100
B010922,2026-05-13 11:30:00,Venue Issue,1940
B010923,2026-04-14 20:30:00,Price,750
B010930,2026-01-28 11:00:00,Weather,700
B010935,2026-04-13 20:00:00,Personal,600
B010944,2026-04-01 21:30:00,Personal,500
B010948,2026-01-10 14:00:00,Price,1380
B010949,2026-04-20 23:00:00,Price,1100
B010963,2026-06-09 16:30:00,Personal,700
B010981,2026-03-19 17:00:00,Personal,650
B010992,2026-08-06 04:00:00,Venue Issue,650
B010997,2026-06-03 13:30:00,Personal,1500
B011000,2026-04-28 23:30:00,Personal,650
B011006,2026-06-04 09:00:00,Venue Issue,1850
B011031,2026-08-11 04:30:00,Personal,2100
B011052,2026-05-18 02:00:00,Price,550
B011075,2026-01-03 17:30:00,Personal,1058
B011085,2026-03-12 20:30:00,Weather,400
B011104,2026-06-19 21:00:00,Price,1200
B011137,2026-04-11 00:30:00,Venue Issue,2100
B011148,2026-02-10 06:30:00,Personal,922
B011156,2026-07-07 02:30:00,Venue Issue,550
B011157,2026-01-29 01:00:00,Venue Issue,1940
B011159,2026-02-24 18:00:00,Personal,1564
B011174,2026-08-04 17:00:00,Venue Issue,600
B011188,2026-03-14 12:30:00,Price,1400
B011191,2026-04-07 18:00:00,Price,776
B011213,2026-07-15 00:00:00,Price,1500
B011220,2026-06-19 00:00:00,Personal,500
B011221,2026-02-07 00:00:00,Venue Issue,1450
B011244,2026-04-03 15:00:00,Personal,2910
B011250,2026-03-12 09:30:00,Price,550
B011253,2026-07-02 20:00:00,Weather,650
B011276,2026-04-09 19:00:00,Personal,3000
B011281,2026-01-06 00:30:00,Personal,750
B011290,2026-01-25 05:30:00,Personal,650
B011322,2026-07-13 00:00:00,Venue Issue,850
B011337,2026-08-15 12:30:00,Personal,950
B011338,2026-05-06 14:00:00,Weather,800
B011370,2026-02-16 00:30:00,Personal,950
B011373,2026-07-29 09:00:00,Venue Issue,485
B011380,2026-05-21 07:00:00,Personal,4200
B011381,2026-05-21 14:30:00,Personal,2100
B011397,2026-07-01 03:30:00,Personal,1750
B011430,2026-07-20 06:00:00,Other,2100
B011448,2026-05-14 16:00:00,Other,1000
B011480,2026-05-04 23:30:00,Venue Issue,800
B011484,2026-01-08 22:30:00,Price,400
B011492,2026-08-30 03:30:00,Weather,600
B011500,2026-04-12 09:30:00,Price,1750
B011508,2026-06-04 15:00:00,Weather,800
B011512,2026-08-17 16:30:00,Personal,700
B011518,2026-02-08 09:30:00,Personal,650
B011523,2026-01-16 20:30:00,Other,650
B011533,2026-03-02 03:30:00,Other,2050
B011542,2026-08-20 09:00:00,Venue Issue,1750
B011543,2026-03-10 04:00:00,Venue Issue,552
B011574,2026-06-01 06:30:00,Weather,900
B011580,2026-05-13 09:00:00,Venue Issue,900
B011588,2026-07-27 06:30:00,Venue Issue,750
B011594,2026-08-19 13:30:00,Personal,750
B011635,2026-06-19 13:00:00,Personal,1500
B011646,2026-06-26 17:00:00,Weather,300
B011650,2026-04-02 17:30:00,Weather,750
B011653,2026-05-20 15:00:00,Price,679
B011673,2026-02-13 15:00:00,Venue Issue,650
B011679,2026-02-14 04:00:00,Price,700
B011712,2026-04-30 11:00:00,Other,1067
B011721,2026-05-19 09:30:00,Weather,630
B011741,2026-05-31 01:30:00,Price,873
B011745,2026-02-05 12:30:00,Other,550
B011751,2026-06-28 19:00:00,Weather,350
B011753,2026-07-09 00:00:00,Personal,388
B011755,2026-04-04 15:00:00,Other,1150
B011764,2026-02-14 21:30:00,Venue Issue,850
B011766,2026-08-19 02:30:00,Personal,850
B011771,2026-02-19 19:00:00,Weather,500
B011786,2026-08-24 20:30:00,Personal,679
B011801,2026-01-03 12:30:00,Price,2070
B011818,2026-07-28 08:30:00,Personal,2900
B011821,2026-06-19 14:30:00,Personal,500
B011841,2026-01-11 11:30:00,Personal,3880
B011846,2026-02-07 07:30:00,Personal,500
B011849,2026-07-14 11:30:00,Price,1020
B011850,2026-06-08 21:30:00,Venue Issue,776
B011859,2026-01-02 00:00:00,Weather,900
B011872,2026-04-02 23:00:00,Weather,650
B011891,2026-03-22 07:30:00,Personal,1406
B011897,2026-06-10 09:00:00,Price,291
B011900,2026-06-07 17:30:00,Other,485
B011902,2026-07-04 03:30:00,Personal,400
B011908,2026-02-24 01:30:00,Weather,650
B011922,2026-07-28 14:30:00,Weather,900
B011934,2026-07-08 09:00:00,Price,950
B011936,2026-06-24 18:30:00,Weather,1850
B011942,2026-01-01 16:00:00,Other,485
B011952,2026-04-04 19:30:00,Personal,2100
B011953,2026-02-02 17:00:00,Venue Issue,750
B011961,2026-08-08 19:00:00,Price,500
B011966,2026-01-23 05:30:00,Price,1261
B011967,2026-03-18 11:30:00,Personal,736
B011970,2026-06-25 21:30:00,Price,750
B011975,2026-02-16 14:00:00,Weather,500
B011980,2026-07-02 07:30:00,Price,1455
B011984,2026-06-19 02:30:00,Price,650
B011990,2026-06-23 07:00:00,Weather,600
B011994,2026-05-01 10:00:00,Weather,650
B012004,2026-07-20 19:00:00,Weather,644
B012014,2026-04-18 14:30:00,Other,600
B012056,2026-01-24 22:30:00,Weather,650
B012063,2026-01-31 04:30:00,Personal,1500
B012070,2026-02-06 17:00:00,Weather,2000
B012087,2026-08-07 01:00:00,Weather,650
B012092,2026-06-24 11:30:00,Personal,700
B012101,2026-03-18 04:00:00,Personal,1750
B012117,2026-05-30 06:30:00,Weather,1500
B012125,2026-07-18 04:30:00,Personal,700
B012141,2026-04-22 20:30:00,Weather,600
B012155,2026-05-25 08:00:00,Weather,2000
B012157,2026-06-14 01:30:00,Price,700
B012162,2026-03-06 20:30:00,Personal,1700
B012163,2026-06-16 01:00:00,Personal,300
B012183,2026-05-28 05:30:00,Personal,1450
B012200,2026-01-17 13:30:00,Price,400
B012207,2026-07-01 09:00:00,Personal,1932
B012239,2026-06-13 23:30:00,Personal,500
B012247,2026-03-25 15:00:00,Price,600
B012259,2026-08-18 23:30:00,Personal,550
B012265,2026-08-18 00:30:00,Weather,2100
B012274,2026-06-01 20:30:00,Other,900
B012278,2026-02-05 19:00:00,Venue Issue,750
B012298,2026-02-13 05:00:00,Personal,800
B012305,2026-02-18 21:30:00,Price,690
B012314,2026-01-02 01:30:00,Price,400
B012332,2026-08-21 08:30:00,Personal,1850
B012370,2026-07-26 11:30:00,Personal,750
B012382,2026-04-19 12:30:00,Price,650
B012393,2026-05-13 14:00:00,Venue Issue,644
B012427,2026-07-20 06:30:00,Price,1104
B012430,2026-04-15 11:30:00,Venue Issue,630
B012435,2026-01-08 17:30:00,Personal,874
B012442,2026-06-04 16:30:00,Personal,750
B012452,2026-01-26 08:00:00,Personal,650
B012453,2026-04-17 21:30:00,Personal,1455
B012464,2026-04-05 10:00:00,Price,1500
B012481,2026-05-24 19:00:00,Personal,2000
B012491,2026-04-18 09:00:00,Personal,2000
B012495,2026-01-10 15:00:00,Personal,400
B012513,2026-05-01 15:00:00,Venue Issue,728
B012534,2026-02-14 19:30:00,Price,300
B012537,2026-03-28 18:00:00,Personal,1100
B012556,2026-03-10 13:30:00,Price,400
B012563,2026-03-03 23:00:00,Price,1750
B012577,2026-03-21 18:30:00,Venue Issue,700
B012579,2026-07-03 09:30:00,Price,1150
B012580,2026-05-22 20:00:00,Personal,650
B012589,2026-01-26 17:30:00,Personal,3700
B012597,2026-01-03 07:30:00,Price,1800
B012635,2026-08-06 17:00:00,Weather,400
B012637,2026-05-20 13:00:00,Price,1850
B012653,2026-01-29 20:00:00,Personal,1600
B012660,2026-02-07 22:00:00,Weather,400
B012671,2026-05-28 21:30:00,Venue Issue,1850
B012702,2026-06-18 04:30:00,Venue Issue,340
B012709,2026-03-06 11:00:00,Personal,1610
B012710,2026-07-12 06:00:00,Price,450
B012722,2026-03-18 17:30:00,Weather,650
B012734,2026-04-11 11:30:00,Weather,414
B012756,2025-12-31 06:30:00,Weather,750
B012759,2026-03-07 10:00:00,Personal,1900
B012771,2026-02-01 02:00:00,Price,650
B012780,2026-06-14 06:00:00,Personal,4000
B012803,2026-07-21 19:00:00,Personal,2100
B012805,2026-06-03 16:00:00,Personal,1261
B012821,2026-02-21 16:30:00,Personal,650
B012827,2026-01-06 13:00:00,Weather,700
B012828,2026-02-07 10:30:00,Other,2100
B012835,2026-01-19 08:00:00,Weather,1450
B012843,2026-05-20 10:30:00,Personal,1940
B012866,2026-04-15 08:00:00,Other,2000
B012875,2026-03-12 04:00:00,Price,450
B012893,2026-06-22 04:00:00,Weather,1455
B012902,2026-06-22 20:30:00,Personal,2037
B012940,2026-04-07 12:00:00,Other,3220
B012989,2026-04-26 23:30:00,Weather,700
B012990,2026-05-20 07:00:00,Personal,276
B012993,2026-07-24 11:30:00,Personal,700
B012999,2026-05-11 16:00:00,Weather,600
B013028,2026-02-22 11:00:00,Personal,1100
B013041,2026-01-05 14:30:00,Price,750
B013063,2026-06-10 04:30:00,Other,1450
B013069,2026-06-18 12:00:00,Venue Issue,950
B013070,2026-05-28 17:30:00,Price,1200
B013090,2026-07-17 12:00:00,Personal,2000
B013099,2026-03-09 19:00:00,Personal,1200
B013120,2026-03-21 00:30:00,Price,550
B013132,2026-02-24 11:00:00,Price,3000
B013138,2026-04-19 11:30:00,Venue Issue,600
B013156,2026-01-17 18:00:00,Personal,450
B013165,2026-01-18 02:00:00,Other,630
B013197,2026-02-02 07:30:00,Venue Issue,700
B013199,2026-02-07 21:00:00,Personal,450
B013223,2026-08-06 04:00:00,Price,679
B013228,2026-03-30 09:30:00,Weather,1058
B013260,2026-03-08 01:30:00,Price,1067
B013262,2026-06-01 14:00:00,Other,800
B013305,2026-04-26 03:30:00,Personal,550
B013316,2026-03-09 19:00:00,Other,4100
B013331,2026-04-14 14:00:00,Other,500
B013332,2026-06-07 00:30:00,Price,300
B013335,2026-05-14 10:00:00,Weather,1300
B013349,2026-07-01 09:00:00,Personal,1940
B013351,2026-02-01 04:30:00,Weather,800
B013360,2026-07-08 09:30:00,Personal,400
B013378,2026-01-13 03:00:00,Price,2100
B013400,2026-07-05 09:30:00,Personal,1500
B013409,2026-06-15 14:00:00,Weather,1500
B013418,2026-08-30 11:30:00,Personal,1450
B013425,2026-01-22 11:30:00,Personal,824
B013427,2026-01-05 14:30:00,Personal,1450
B013429,2026-01-08 18:00:00,Personal,3000
B013436,2026-05-07 15:00:00,Personal,650
B013442,2026-08-21 16:00:00,Venue Issue,650
B013445,2026-02-05 18:30:00,Personal,950
B013447,2026-08-14 09:00:00,Price,1450
B013461,2026-06-03 14:30:00,Personal,1116
B013462,2026-04-04 10:00:00,Price,450
B013474,2026-03-27 05:00:00,Personal,800
B013480,2026-03-29 02:30:00,Personal,850
B013488,2026-01-20 01:30:00,Personal,2000
B013492,2026-02-27 05:30:00,Venue Issue,1455
B013517,2026-03-18 13:00:00,Venue Issue,1850
B013528,2026-02-25 20:00:00,Price,650
B013529,2026-04-15 23:30:00,Price,700
B013536,2026-02-05 20:30:00,Price,450
B013548,2026-01-14 18:00:00,Weather,750
B013554,2026-08-05 09:30:00,Price,630
B013562,2026-03-18 04:00:00,Venue Issue,3500
B013569,2026-07-18 07:30:00,Price,4200
B013581,2026-05-07 05:00:00,Personal,350
B013582,2026-04-22 12:30:00,Price,1450
B013584,2026-02-06 11:30:00,Personal,1020
B013594,2026-03-09 18:00:00,Price,300
B013602,2026-01-21 03:30:00,Personal,700
B013612,2026-06-14 00:00:00,Personal,1450
B013627,2026-06-17 19:00:00,Personal,2037
B013628,2026-02-14 02:00:00,Price,550
B013639,2026-05-21 06:00:00,Weather,450
B013643,2026-04-30 20:00:00,Personal,291
B013684,2026-04-06 01:00:00,Personal,1000
B013685,2026-01-21 18:30:00,Price,1500
B013693,2026-05-18 09:00:00,Price,350
B013698,2026-04-03 20:00:00,Weather,4000
B013722,2026-04-18 00:00:00,Venue Issue,850
B013743,2026-05-19 05:30:00,Venue Issue,1600
B013748,2026-04-19 01:00:00,Personal,2000
B013763,2026-05-23 05:00:00,Other,1200
B013776,2026-05-25 07:30:00,Weather,3201
B013790,2026-01-12 06:00:00,Weather,600
B013810,2026-07-11 18:30:00,Weather,1940
B013830,2026-06-02 19:30:00,Price,800
B013831,2026-07-11 21:30:00,Other,650
B013845,2026-01-23 20:30:00,Weather,450
B013852,2026-02-08 01:30:00,Personal,650
B013853,2026-02-23 01:30:00,Venue Issue,750
B013870,2026-04-18 13:30:00,Personal,400
B013877,2026-08-12 20:00:00,Personal,1750
B013893,2026-02-05 17:00:00,Weather,1500
B013894,2026-02-14 18:30:00,Personal,400
B013904,2026-08-20 19:30:00,Personal,800
B013931,2026-02-17 06:00:00,Personal,750
B013952,2026-06-24 06:30:00,Weather,650
B013969,2026-05-29 13:30:00,Weather,1150
B013971,2026-04-02 08:00:00,Venue Issue,300
B013973,2026-07-24 05:30:00,Weather,1400
B013980,2026-02-16 16:30:00,Venue Issue,1200
B013983,2026-08-14 14:30:00,Weather,728
B013986,2026-01-08 08:30:00,Other,782
B013988,2026-03-04 14:00:00,Other,485
B014007,2026-08-26 06:30:00,Price,600
B014019,2026-02-20 10:30:00,Venue Issue,1200
B014022,2026-07-16 09:00:00,Venue Issue,850
B014028,2026-05-09 15:00:00,Venue Issue,1500
B014031,2026-07-19 21:30:00,Other,650
B014055,2026-05-23 15:00:00,Other,650
B014069,2026-05-04 12:00:00,Price,550
B014070,2026-05-31 07:00:00,Weather,2250
B014143,2026-07-12 16:30:00,Personal,300
B014147,2026-03-22 01:30:00,Personal,1300
B014162,2026-04-13 11:00:00,Personal,600
B014196,2026-08-23 22:00:00,Personal,500
B014212,2026-08-02 11:30:00,Weather,552
B014214,2026-04-26 01:30:00,Price,1200
B014236,2026-01-09 14:30:00,Venue Issue,552
B014245,2026-07-14 14:30:00,Personal,600
B014253,2026-03-22 22:00:00,Personal,2100
B014265,2026-04-23 08:00:00,Personal,500
B014282,2026-07-12 15:30:00,Personal,400
B014298,2026-06-27 19:30:00,Personal,400
B014302,2026-07-16 18:30:00,Price,650
B014303,2026-05-17 03:30:00,Venue Issue,414
B014320,2026-06-13 23:00:00,Personal,630
B014333,2026-05-28 11:00:00,Personal,750
B014347,2026-05-02 03:00:00,Personal,1100
B014368,2026-07-30 03:30:00,Weather,2900
B014372,2026-08-25 03:00:00,Weather,2100
B014383,2026-05-01 15:30:00,Personal,400
B014396,2026-07-21 02:30:00,Price,350
B014403,2026-04-26 09:00:00,Personal,700
B014428,2026-01-17 09:00:00,Personal,1698
B014453,2025-12-30 21:30:00,Price,650
B014454,2026-07-02 12:00:00,Weather,300
B014463,2026-03-24 20:30:00,Other,2000
B014479,2026-05-07 06:30:00,Personal,650
B014500,2026-01-01 08:30:00,Personal,650
B014501,2026-05-18 14:00:00,Price,650
B014530,2026-02-20 13:00:00,Personal,595
B014540,2026-03-22 14:30:00,Price,1334
B014543,2026-07-25 12:00:00,Personal,600
B014565,2026-07-19 18:00:00,Personal,1200
B014579,2026-02-02 11:30:00,Personal,1200
B014595,2026-08-11 13:00:00,Other,450
B014631,2026-04-23 06:30:00,Venue Issue,382
B014637,2026-03-25 14:00:00,Personal,450
B014648,2026-03-09 19:00:00,Personal,450
B014662,2026-06-09 10:30:00,Weather,650
B014666,2026-04-02 08:30:00,Other,700
B014667,2026-08-04 21:00:00,Venue Issue,600
B014668,2026-08-31 16:30:00,Venue Issue,2000
B014672,2026-06-21 11:30:00,Personal,450
B014697,2026-05-11 15:00:00,Weather,2100
B014698,2026-06-02 15:30:00,Personal,1450
B014721,2026-05-15 21:00:00,Personal,900
B014726,2026-01-24 10:30:00,Personal,2182
B014757,2026-05-06 15:00:00,Price,728
B014771,2026-01-09 08:00:00,Personal,650
B014796,2026-05-27 16:30:00,Personal,1850
B014798,2026-03-22 06:00:00,Personal,750
B014805,2026-08-19 03:30:00,Price,600
B014810,2026-08-22 14:30:00,Personal,1500
B014813,2026-07-07 18:00:00,Personal,450
B014818,2026-04-26 01:30:00,Weather,2000
B014822,2026-05-06 16:00:00,Other,450
B014846,2026-06-28 12:00:00,Personal,510
B014866,2026-07-01 19:00:00,Personal,700
B014880,2026-04-29 09:30:00,Weather,1500
B014888,2026-02-28 19:00:00,Weather,550
B014913,2026-07-19 06:00:00,Personal,900
B014919,2026-03-27 23:30:00,Personal,700
B014927,2026-04-12 18:30:00,Price,300
B014940,2026-04-21 02:30:00,Personal,1800
B014941,2026-08-07 08:00:00,Venue Issue,552
B014944,2026-07-06 06:30:00,Venue Issue,700
B014945,2026-04-12 10:30:00,Price,1150
B014952,2026-01-07 06:30:00,Personal,1800
B014971,2026-05-24 02:00:00,Venue Issue,600
B014972,2026-04-04 01:00:00,Other,600
B014974,2026-01-04 13:30:00,Weather,500
B014983,2026-06-09 08:30:00,Personal,1850
B014985,2026-05-09 11:00:00,Price,1850
B015000,2026-06-27 13:30:00,Other,650
B015005,2026-04-02 00:30:00,Personal,650
B015007,2026-05-09 22:30:00,Price,750
B015016,2026-03-12 15:30:00,Weather,1500
B015027,2026-08-19 10:30:00,Weather,1850
B015029,2026-04-11 01:30:00,Other,598
B015045,2026-02-20 21:30:00,Venue Issue,800
B015057,2026-05-02 05:30:00,Weather,2050
B015059,2026-02-12 04:30:00,Weather,2100
B015074,2026-02-09 21:30:00,Venue Issue,1100
B015104,2026-05-17 10:00:00,Other,650
B015108,2026-01-17 05:30:00,Personal,450
B015114,2026-08-31 08:00:00,Weather,1300
B015148,2026-01-04 02:00:00,Weather,650
B015153,2026-08-21 10:00:00,Weather,400
B015157,2026-04-30 19:30:00,Price,1200
B015185,2026-02-13 16:00:00,Personal,550
B015196,2026-06-15 01:00:00,Personal,700
B015197,2026-06-18 20:30:00,Venue Issue,850
B015211,2026-01-06 16:00:00,Price,400
B015217,2026-03-25 10:30:00,Price,750
B015218,2026-05-19 13:00:00,Personal,1200
B015222,2026-02-07 01:30:00,Personal,638
B015224,2026-05-09 02:00:00,Other,1200
B015228,2026-01-28 23:30:00,Personal,650
B015270,2026-04-02 00:30:00,Weather,460
B015273,2026-03-20 22:30:00,Venue Issue,700
B015286,2026-01-07 18:30:00,Weather,800
B015289,2026-04-04 18:30:00,Personal,722
B015293,2026-04-30 02:30:00,Weather,650
B015311,2026-03-26 22:00:00,Personal,598
B015349,2026-08-04 20:00:00,Personal,400
B015351,2026-01-18 04:00:00,Weather,2400
B015389,2026-05-21 21:00:00,Personal,2000
B015397,2026-02-08 05:30:00,Other,1200
B015409,2026-01-30 08:00:00,Venue Issue,736
B015433,2026-08-28 11:00:00,Personal,1358
B015441,2026-07-31 04:30:00,Personal,1500
B015487,2026-01-17 02:00:00,Weather,800
B015505,2026-02-09 01:30:00,Price,1150
B015557,2026-01-28 21:00:00,Venue Issue,1530
B015569,2026-05-11 23:00:00,Personal,300
B015579,2026-07-07 03:00:00,Price,1850
B015592,2026-02-16 03:30:00,Weather,534
B015599,2026-03-17 01:00:00,Other,1200
B015614,2026-07-14 21:30:00,Price,690
B015621,2026-06-27 08:00:00,Other,4000
B015625,2026-02-03 02:00:00,Personal,2900
B015629,2026-06-25 03:00:00,Personal,650
B015637,2026-01-11 02:30:00,Price,650
B015640,2026-08-17 04:00:00,Venue Issue,1200
B015652,2026-06-08 23:30:00,Weather,750
B015661,2026-05-19 04:00:00,Personal,1500
B015673,2026-04-28 23:00:00,Venue Issue,3000
B015675,2026-02-11 05:30:00,Other,650
B015677,2026-08-15 10:00:00,Other,485
B015679,2026-01-14 06:30:00,Price,450
B015683,2026-02-26 16:30:00,Price,2000
B015684,2026-04-21 16:30:00,Weather,2100
B015689,2026-04-26 16:00:00,Other,1300
B015691,2026-05-31 18:30:00,Personal,1500
B015706,2026-07-21 12:30:00,Price,1500
B015744,2026-07-18 23:00:00,Price,2050
B015747,2026-03-09 15:00:00,Venue Issue,1500
B015759,2026-05-07 02:00:00,Weather,1300
B015771,2026-06-01 06:30:00,Personal,600
B015773,2026-06-17 02:30:00,Personal,1500
B015785,2026-01-05 02:30:00,Personal,550
B015811,2026-06-15 14:00:00,Personal,824
B015819,2026-06-19 03:00:00,Personal,400
B015833,2026-01-08 16:00:00,Price,650
B015837,2026-03-27 05:00:00,Other,650
B015843,2026-04-18 19:30:00,Personal,2000
B015898,2026-01-15 21:00:00,Other,1650
B015899,2026-07-04 21:00:00,Weather,3700
B015904,2026-02-20 12:30:00,Weather,750
B015907,2026-04-06 14:00:00,Price,1450
B015909,2026-06-23 12:30:00,Personal,1104
B015931,2026-01-21 11:00:00,Venue Issue,1850
B015942,2026-04-13 20:00:00,Weather,552
B015949,2026-04-19 12:00:00,Venue Issue,630
B015955,2026-07-30 11:00:00,Price,1500
B015958,2026-02-25 08:30:00,Other,550
B015970,2026-06-11 19:00:00,Price,650
B016051,2026-04-25 17:00:00,Personal,350
B016054,2026-01-25 07:30:00,Personal,900
B016070,2026-03-24 05:30:00,Price,1455
B016090,2026-03-28 14:30:00,Weather,500
B016092,2026-01-13 14:30:00,Personal,1200
B016139,2026-03-04 04:00:00,Other,600
B016144,2026-05-26 14:00:00,Weather,700
B016154,2026-02-22 23:30:00,Personal,824
B016161,2026-06-19 09:00:00,Weather,700
B016176,2026-01-17 14:30:00,Price,1500
B016186,2026-06-14 11:30:00,Weather,728
B016189,2026-03-06 02:00:00,Personal,340
B016201,2026-02-14 09:00:00,Price,630
B016210,2026-03-18 22:00:00,Weather,679
B016234,2026-07-30 22:00:00,Weather,650
B016265,2026-07-12 13:30:00,Personal,2250
B016283,2026-03-15 12:30:00,Venue Issue,600
B016293,2026-01-30 19:00:00,Price,1300
B016302,2026-02-23 11:30:00,Weather,450
B016307,2026-06-24 10:30:00,Weather,650
B016334,2026-03-18 06:00:00,Other,1100
B016358,2026-01-02 19:00:00,Price,1800
B016384,2026-04-08 15:30:00,Price,450
B016389,2026-04-04 09:30:00,Weather,552
B016407,2026-08-19 00:00:00,Other,400
B016417,2026-01-26 18:30:00,Personal,800
B016430,2026-01-08 06:30:00,Personal,500
B016436,2026-08-06 08:30:00,Venue Issue,1488
B016440,2026-03-07 10:30:00,Other,600
B016458,2026-03-21 15:00:00,Price,650
B016480,2026-08-18 06:00:00,Price,1750
B016501,2026-08-29 09:30:00,Personal,1850
B016504,2026-04-25 10:30:00,Other,776
B016506,2026-03-28 13:30:00,Weather,500
B016515,2026-07-24 20:00:00,Personal,582
B016519,2026-08-04 18:00:00,Price,2100
B016535,2026-02-15 18:30:00,Personal,1288
B016549,2026-06-19 06:30:00,Personal,500
B016551,2026-08-19 00:00:00,Price,595
B016570,2026-06-18 10:00:00,Weather,550
B016574,2026-07-30 21:00:00,Personal,1500
B016577,2026-08-19 14:00:00,Weather,1150
B016593,2026-08-10 14:30:00,Personal,750
B016605,2026-03-11 16:00:00,Personal,1150
B016633,2026-07-02 14:30:00,Personal,400
B016645,2026-03-15 08:30:00,Price,550
B016675,2026-05-08 14:00:00,Personal,1450
B016691,2026-03-20 05:30:00,Price,2000
B016731,2026-08-08 01:00:00,Other,550
B016765,2026-06-20 17:30:00,Price,500
B016767,2026-05-18 00:00:00,Venue Issue,650
B016768,2026-03-08 03:30:00,Price,500
B016788,2026-01-12 07:30:00,Price,1100
B016801,2026-06-11 00:30:00,Price,650
B016808,2026-05-15 20:00:00,Weather,450
B016817,2026-03-09 18:30:00,Venue Issue,650
B016819,2026-07-02 20:00:00,Weather,1261
B016854,2026-06-14 10:00:00,Price,600
B016894,2026-03-05 01:00:00,Other,450
B016914,2026-02-09 13:30:00,Weather,1150
B016920,2026-05-26 14:00:00,Other,1300
B016966,2026-05-12 21:30:00,Weather,2100
B016971,2026-05-16 02:00:00,Personal,450
B016973,2026-01-10 13:30:00,Weather,1200
B016983,2026-01-22 03:30:00,Weather,1164
B017014,2026-02-21 19:00:00,Venue Issue,1600
B017040,2026-03-17 18:30:00,Personal,728
B017069,2026-03-18 00:30:00,Personal,3000
B017079,2026-07-23 20:30:00,Weather,650
B017091,2026-05-23 00:00:00,Weather,2100
B017108,2026-08-19 17:00:00,Price,1200
B017109,2026-06-25 00:30:00,Other,1400
B017116,2026-01-22 08:30:00,Price,1261
B017157,2026-05-22 10:30:00,Weather,1200
B017166,2026-02-06 14:00:00,Personal,700
B017203,2026-01-22 17:00:00,Personal,450
B017211,2026-04-28 05:30:00,Other,1100
B017234,2026-07-27 01:30:00,Weather,1200
B017237,2026-05-22 02:00:00,Venue Issue,900
B017238,2026-01-17 01:30:00,Weather,388
B017243,2026-04-21 05:30:00,Other,600
B017254,2026-04-21 14:00:00,Venue Issue,750
B017255,2026-07-11 18:30:00,Other,2250
B017269,2026-07-17 01:00:00,Personal,2000
B017271,2026-08-18 13:00:00,Weather,1500
B017272,2026-01-27 13:00:00,Other,1164
B017281,2026-08-04 10:00:00,Weather,630
B017298,2026-07-19 21:30:00,Personal,630
B017304,2026-02-01 13:00:00,Personal,1200
B017305,2026-08-22 06:00:00,Personal,350
B017308,2026-01-16 12:30:00,Venue Issue,400
B017312,2026-04-24 04:00:00,Price,700
B017316,2026-06-08 14:00:00,Weather,679
B017318,2026-07-17 11:00:00,Personal,2300
B017348,2026-07-06 16:00:00,Weather,850
B017357,2026-06-23 18:00:00,Personal,650
B017358,2026-07-27 22:00:00,Personal,1100
B017380,2026-06-18 20:30:00,Personal,1400
B017385,2026-08-27 10:30:00,Other,450
B017411,2026-07-20 08:00:00,Price,1850
B017413,2026-08-05 22:00:00,Price,650
B017418,2026-02-19 02:00:00,Weather,1450
B017434,2026-05-23 14:00:00,Weather,400
B017447,2026-06-08 14:00:00,Personal,2100
B017460,2026-05-15 01:00:00,Price,1150
B017473,2026-02-24 14:00:00,Personal,1988
B017480,2026-05-28 05:30:00,Personal,600
B017501,2026-02-27 03:00:00,Venue Issue,368
B017512,2026-03-30 13:00:00,Personal,900
B017544,2026-04-22 16:30:00,Personal,600
B017547,2026-02-07 11:00:00,Weather,388
B017549,2026-06-24 07:00:00,Price,750
B017550,2026-03-12 06:00:00,Personal,3000
B017569,2026-01-27 17:30:00,Other,598
B017583,2026-02-07 15:30:00,Personal,650
B017632,2026-06-03 00:00:00,Personal,1940
B017643,2026-05-06 03:30:00,Weather,650
B017650,2026-04-22 23:00:00,Venue Issue,1500
B017671,2026-04-24 13:00:00,Weather,650
B017692,2026-03-26 21:30:00,Personal,1150
B017696,2026-01-20 17:00:00,Other,900
B017706,2026-07-01 13:30:00,Personal,340
B017736,2026-08-15 12:30:00,Price,1850
B017743,2026-07-27 16:30:00,Price,1450
B017745,2026-03-22 12:00:00,Other,700
B017756,2026-02-08 15:00:00,Price,3500
B017778,2026-07-11 03:00:00,Personal,1200
B017787,2026-01-21 20:00:00,Other,291
B017806,2026-03-10 03:00:00,Personal,300
B017820,2026-03-22 07:00:00,Venue Issue,2100
B017823,2026-05-13 18:00:00,Other,598
B017826,2026-05-23 10:30:00,Venue Issue,750
B017828,2026-08-04 09:00:00,Personal,3000
B017837,2026-02-26 22:30:00,Other,400
B017848,2026-02-04 09:30:00,Price,340
B017857,2026-07-21 11:00:00,Personal,1200
B017866,2026-01-02 04:30:00,Other,1455
B017880,2026-06-04 02:30:00,Personal,850
B017898,2026-08-02 00:00:00,Venue Issue,630
B017914,2026-07-24 22:00:00,Personal,1300
B017919,2026-06-18 18:30:00,Personal,436
B017920,2026-07-06 11:00:00,Weather,3000
B017923,2026-08-06 02:30:00,Personal,1400
B017925,2026-06-26 21:30:00,Price,1200
B017933,2026-06-12 09:30:00,Price,350
B017949,2026-06-21 17:30:00,Weather,1300
B017962,2026-04-24 00:00:00,Personal,700
B017966,2026-02-15 16:00:00,Weather,800
B017967,2026-04-26 16:00:00,Weather,700
B017975,2026-02-05 01:00:00,Weather,650
B018001,2026-03-10 10:30:00,Weather,2100
B018018,2026-03-13 18:30:00,Weather,1200
B018025,2026-05-07 05:30:00,Personal,950
B018031,2026-01-09 00:30:00,Price,630
B018038,2026-05-08 08:00:00,Venue Issue,650
B018039,2026-06-19 21:00:00,Venue Issue,800
B018050,2026-02-22 00:00:00,Personal,1100
B018053,2026-05-09 17:00:00,Personal,776
B018060,2026-05-10 07:00:00,Personal,1746
B018068,2026-01-11 15:00:00,Weather,388
B018069,2026-07-16 13:30:00,Price,600
B018080,2026-04-10 00:30:00,Other,900
B018096,2026-02-08 08:00:00,Weather,650
B018101,2026-02-28 07:00:00,Personal,600
B018104,2026-07-24 07:30:00,Personal,900
B018113,2026-05-01 14:30:00,Personal,1450
B018117,2026-03-09 21:00:00,Other,650
B018133,2026-08-02 02:00:00,Price,700
B018145,2026-08-02 11:00:00,Weather,2050
B018159,2026-01-11 04:00:00,Personal,800
B018182,2026-06-13 22:30:00,Price,2050
B018206,2026-05-09 02:00:00,Personal,950
B018228,2026-01-26 11:00:00,Weather,1500
B018251,2026-08-25 23:30:00,Other,950
B018270,2026-08-01 04:00:00,Personal,1200
B018271,2026-06-25 21:00:00,Weather,600
B018330,2026-05-31 12:30:00,Personal,850
B018360,2026-08-25 02:00:00,Price,436
B018361,2026-06-24 00:00:00,Venue Issue,400
B018387,2026-07-29 01:00:00,Price,350
B018398,2026-04-27 04:30:00,Price,1450
B018400,2026-08-24 10:30:00,Price,1450
B018403,2026-07-19 08:00:00,Other,1500
B018425,2026-06-23 10:30:00,Personal,630
B018445,2026-04-19 12:30:00,Weather,1750
B018461,2026-01-17 18:00:00,Personal,4000
B018485,2026-03-15 12:00:00,Weather,600
B018492,2026-01-12 13:00:00,Personal,650
B018529,2026-01-18 23:30:00,Venue Issue,1300
B018543,2026-01-04 19:30:00,Personal,2100
B018560,2026-08-06 09:00:00,Personal,2050
B018575,2026-02-23 03:30:00,Other,550
B018576,2026-03-01 02:00:00,Weather,552
B018621,2026-07-27 19:30:00,Weather,2050
B018633,2026-05-08 15:30:00,Venue Issue,550
B018673,2026-03-05 06:00:00,Price,1450
B018679,2026-04-18 03:30:00,Personal,1200
B018709,2026-08-01 15:30:00,Weather,1455
B018710,2026-07-04 13:30:00,Other,650
B018712,2026-02-27 18:00:00,Weather,1500
B018719,2026-04-19 22:30:00,Price,650
B018724,2026-04-25 02:30:00,Weather,650
B018729,2026-04-04 03:00:00,Venue Issue,750
B018733,2026-04-29 20:30:00,Personal,650
B018740,2026-02-12 11:30:00,Personal,650
B018745,2026-02-19 21:00:00,Weather,3000
B018760,2026-07-26 19:00:00,Weather,1610
B018770,2026-05-10 19:30:00,Other,340
B018788,2026-08-06 15:30:00,Personal,1100
B018797,2026-05-27 20:30:00,Price,1794
B018816,2026-07-24 12:30:00,Personal,782
B018826,2026-07-05 17:30:00,Personal,1698
B018827,2026-04-17 07:00:00,Other,650
B018845,2026-01-20 19:00:00,Personal,3977
B018852,2026-01-18 02:00:00,Weather,1100
B018856,2026-02-20 09:30:00,Personal,400
B018858,2026-05-02 20:00:00,Weather,1450
B018863,2026-06-06 02:00:00,Price,300
B018869,2026-01-15 20:00:00,Personal,382
B018870,2026-07-05 23:30:00,Weather,700
B018873,2026-01-23 07:30:00,Personal,350
B018881,2026-02-24 08:30:00,Price,300
B018894,2026-01-07 23:30:00,Personal,300
B018895,2026-08-25 04:30:00,Venue Issue,630
B018898,2026-02-25 19:00:00,Personal,1750
B018899,2026-03-03 11:00:00,Price,1610
B018900,2026-03-21 22:30:00,Venue Issue,1067
B018902,2026-08-01 14:00:00,Weather,550
B018904,2026-01-20 16:30:00,Personal,700
B018913,2026-04-21 16:00:00,Personal,1850
B018918,2026-02-06 22:30:00,Price,650
B018919,2026-02-01 09:30:00,Personal,750
B018927,2026-02-22 12:30:00,Personal,2250
B018928,2026-02-18 21:00:00,Weather,1334
B018946,2026-05-12 22:00:00,Other,1450
B018947,2026-07-24 01:00:00,Weather,700
B018956,2026-02-12 10:00:00,Other,1116
B018996,2026-03-17 12:30:00,Other,400
B019008,2026-01-21 06:00:00,Weather,650
B019032,2026-05-20 19:30:00,Other,600
B019056,2026-03-27 17:30:00,Personal,600
B019057,2026-05-21 01:30:00,Personal,650
B019068,2026-03-13 17:00:00,Price,650
B019097,2026-07-27 18:30:00,Personal,750
B019116,2026-02-19 23:00:00,Price,650
B019126,2026-05-14 14:30:00,Weather,1200
B019154,2026-07-18 17:00:00,Venue Issue,300
B019169,2026-03-09 21:00:00,Price,500
B019174,2026-07-10 23:30:00,Personal,1800
B019197,2026-05-31 16:00:00,Venue Issue,300
B019204,2026-03-09 08:00:00,Other,1450
B019207,2026-05-10 06:00:00,Other,1450
B019209,2026-02-17 23:30:00,Price,350
B019230,2026-01-30 10:00:00,Price,1600
B019273,2026-08-20 03:00:00,Weather,850
B019274,2026-02-10 22:30:00,Weather,950
B019278,2026-07-25 14:00:00,Personal,400
B019333,2026-06-25 20:00:00,Weather,700
B019334,2026-03-05 11:00:00,Price,4000
B019377,2026-07-08 06:30:00,Weather,644
B019415,2026-08-25 04:30:00,Price,650
B019425,2026-03-14 03:30:00,Weather,650
B019426,2026-06-28 06:00:00,Personal,700
B019428,2026-02-21 15:30:00,Price,1988
B019434,2026-05-30 22:30:00,Weather,400
B019437,2026-04-10 07:00:00,Price,690
B019439,2026-01-20 23:00:00,Price,3000
B019445,2026-02-16 11:00:00,Personal,2000
B019447,2026-05-05 04:30:00,Personal,1164
B019487,2026-04-17 07:30:00,Personal,750
B019510,2026-08-17 01:00:00,Price,650
B019511,2026-04-22 07:30:00,Personal,900
B019515,2026-08-22 11:00:00,Weather,1455
B019534,2026-08-22 08:30:00,Price,700
B019535,2026-01-31 10:00:00,Personal,400
B019540,2026-08-03 02:00:00,Price,800
B019548,2026-05-11 06:00:00,Weather,650
B019552,2026-07-29 02:00:00,Personal,4074
B019573,2026-08-23 14:00:00,Venue Issue,1650
B019598,2026-06-13 23:30:00,Price,3500
B019604,2026-04-28 03:30:00,Price,1500
B019609,2026-02-15 19:30:00,Weather,1750
B019614,2026-07-25 07:30:00,Weather,1500
B019623,2026-03-16 21:00:00,Personal,2668
B019642,2026-04-16 12:00:00,Personal,1100
B019643,2026-06-22 10:30:00,Personal,600
B019672,2026-07-08 02:30:00,Personal,350
B019678,2026-05-14 04:00:00,Personal,850
B019689,2026-05-31 08:30:00,Weather,650
B019695,2026-02-28 19:00:00,Other,425
B019702,2026-06-08 03:30:00,Other,750
B019720,2026-06-30 07:00:00,Venue Issue,1500
B019724,2026-03-20 01:00:00,Personal,765
B019730,2026-04-05 18:00:00,Weather,2813
B019742,2026-03-24 04:00:00,Venue Issue,700
B019752,2026-02-13 01:00:00,Weather,450
B019772,2026-04-13 09:30:00,Personal,900
B019776,2026-07-20 10:30:00,Personal,300
B019785,2026-06-16 15:00:00,Weather,630
B019790,2026-06-22 08:00:00,Price,1500
B019795,2026-04-08 08:00:00,Personal,4000
B019797,2026-02-25 19:00:00,Weather,1850
B019810,2026-03-01 01:30:00,Venue Issue,690
B019827,2026-02-21 12:30:00,Weather,650
B019837,2026-07-09 00:00:00,Personal,2100
B019840,2026-04-20 17:00:00,Personal,650
B019847,2026-01-04 22:30:00,Weather,1450
B019861,2026-04-23 05:30:00,Price,630
B019877,2026-06-15 19:30:00,Price,468
B019885,2026-07-15 02:00:00,Price,1150
B019898,2026-04-29 19:00:00,Personal,1698
B019924,2026-07-24 15:00:00,Venue Issue,1000
B019926,2026-04-17 20:00:00,Personal,400
B019928,2026-03-31 04:00:00,Price,782
B019935,2026-06-04 21:00:00,Weather,650
B019961,2026-07-01 23:00:00,Venue Issue,750
B019980,2026-02-07 09:30:00,Personal,850
B019981,2026-08-21 10:30:00,Personal,1500
B020007,2026-07-29 12:00:00,Personal,700
B020008,2026-03-29 11:30:00,Personal,1472
B020085,2026-01-05 06:00:00,Price,485
B020106,2026-08-04 18:00:00,Personal,450
B020130,2026-08-17 12:00:00,Personal,400
B020147,2026-02-08 14:30:00,Weather,600
B020175,2026-05-09 07:30:00,Personal,850
B020194,2026-06-03 15:00:00,Weather,2000
B020196,2026-05-11 17:30:00,Personal,1300
B020212,2026-04-10 21:30:00,Personal,1150
B020215,2026-08-01 04:00:00,Personal,1450
B020226,2026-05-31 12:00:00,Personal,950
B020234,2026-01-15 14:30:00,Price,350
B020238,2026-05-29 22:30:00,Other,750
B020244,2026-02-12 03:00:00,Personal,1850
B020245,2026-06-15 11:30:00,Weather,2100
B020247,2026-04-27 08:30:00,Price,350
B020291,2026-08-17 21:30:00,Weather,1800
B020294,2026-07-17 13:00:00,Other,644
B020295,2026-08-15 19:30:00,Personal,1261
B020304,2026-03-04 06:00:00,Weather,1200
B020329,2026-03-17 13:30:00,Other,500
B020364,2026-06-25 01:30:00,Price,450
B020373,2026-03-26 21:00:00,Price,650
B020423,2026-04-15 07:00:00,Weather,1650
B020428,2026-03-28 04:30:00,Weather,552
B020436,2026-06-02 11:30:00,Other,350
B020439,2026-06-04 20:30:00,Personal,650
B020465,2026-02-24 14:30:00,Other,1000
B020473,2026-07-06 15:30:00,Other,2900
B020497,2026-04-20 05:00:00,Price,600
B020511,2026-01-28 18:00:00,Weather,450
B020553,2026-02-24 03:30:00,Weather,1200
B020555,2026-03-27 08:00:00,Weather,550
B020560,2026-08-17 19:00:00,Personal,1500
B020583,2026-03-25 09:30:00,Personal,630
B020604,2026-07-29 00:30:00,Weather,2100
B020611,2026-05-19 01:30:00,Price,700
B020615,2026-04-05 12:30:00,Personal,1700
B020633,2026-07-30 12:00:00,Venue Issue,506
B020657,2026-06-26 19:00:00,Venue Issue,1200
B020659,2026-03-02 09:30:00,Other,650
B020660,2026-06-13 08:00:00,Price,3600
B020666,2026-02-13 16:00:00,Personal,450
B020671,2026-05-14 10:30:00,Venue Issue,1164
B020683,2026-07-01 09:00:00,Personal,650
B020685,2026-04-11 04:30:00,Weather,2100
B020696,2026-03-04 11:30:00,Weather,650
B020705,2026-01-01 02:30:00,Personal,1500
B020711,2026-04-25 21:00:00,Weather,690
B020715,2026-07-23 19:00:00,Venue Issue,600
B020756,2026-01-07 23:00:00,Venue Issue,650
B020758,2026-05-04 07:30:00,Price,874
B020768,2026-01-25 23:30:00,Personal,750
B020770,2026-08-10 08:00:00,Weather,1000
B020779,2026-07-03 02:00:00,Venue Issue,2070
B020789,2026-01-15 07:30:00,Weather,650
B020804,2026-02-17 17:30:00,Weather,550
B020809,2026-05-02 06:00:00,Weather,1750
B020836,2026-06-15 16:00:00,Personal,598
B020838,2026-01-30 03:30:00,Personal,1200
B020855,2026-01-29 22:00:00,Price,1164
B020884,2026-03-10 15:30:00,Weather,1450
B020886,2026-03-06 21:30:00,Price,1455
B020890,2026-05-09 20:30:00,Venue Issue,700
B020891,2026-02-05 05:30:00,Weather,1100
B020900,2026-08-21 03:30:00,Venue Issue,1518
B020902,2026-08-24 16:00:00,Price,350
B020907,2026-07-14 01:30:00,Personal,400
B020916,2026-04-10 23:30:00,Personal,500
B020921,2026-04-21 22:30:00,Weather,350
B020927,2026-08-18 06:30:00,Other,650
B020938,2026-07-09 02:00:00,Personal,950
B020939,2026-05-30 14:00:00,Weather,750
B020945,2026-07-23 10:00:00,Personal,828
B020949,2026-01-04 04:30:00,Other,1300
B020950,2026-07-28 22:00:00,Personal,650
B020953,2026-02-26 11:00:00,Personal,650
B020972,2026-06-12 07:00:00,Weather,1200
B020985,2026-05-02 15:00:00,Other,650
B020987,2026-03-26 17:30:00,Weather,550
B020992,2026-08-20 18:30:00,Personal,600
B020993,2026-02-04 12:00:00,Weather,582
B021006,2026-05-12 03:00:00,Weather,1500
B021020,2026-02-22 11:00:00,Personal,1200
B021040,2026-08-05 06:30:00,Venue Issue,679
B021085,2026-04-24 19:00:00,Personal,450
B021088,2026-03-26 15:30:00,Price,1450
B021090,2026-02-21 00:00:00,Other,630
B021100,2026-04-27 09:00:00,Weather,550
B021113,2026-04-04 04:00:00,Price,1500
B021116,2026-06-04 10:30:00,Price,630
B021130,2026-08-25 05:30:00,Weather,300
B021132,2026-03-09 04:00:00,Venue Issue,1746
B021135,2026-01-22 05:00:00,Price,388
B021141,2026-02-27 11:00:00,Venue Issue,400
B021150,2026-08-30 03:30:00,Personal,650
B021163,2026-04-26 08:00:00,Price,1500
B021164,2026-03-02 22:30:00,Personal,1406
B021165,2026-03-29 10:00:00,Personal,400
B021168,2026-06-18 19:00:00,Weather,600
B021169,2026-06-22 15:30:00,Personal,1100
B021171,2026-05-29 06:30:00,Price,600
B021185,2026-01-05 16:30:00,Personal,1988
B021223,2026-07-09 19:30:00,Personal,1200
B021227,2026-05-22 23:00:00,Venue Issue,1850
B021231,2026-04-08 05:30:00,Weather,2400
B021244,2026-04-06 22:00:00,Personal,1750
B021248,2026-03-06 14:00:00,Personal,400
B021257,2026-08-25 08:00:00,Personal,400
B021263,2026-05-19 13:00:00,Personal,873
B021271,2026-05-08 12:00:00,Price,1500
B021272,2026-04-12 00:30:00,Venue Issue,485
B021281,2026-02-16 16:30:00,Other,750
B021291,2026-03-17 11:00:00,Price,400
B021296,2026-02-13 05:00:00,Price,728
B021303,2026-06-12 13:00:00,Personal,1500
B021319,2026-06-20 16:00:00,Weather,400
B021325,2026-01-25 12:00:00,Other,2100
B021326,2026-03-11 16:00:00,Personal,2813
B021327,2026-03-30 19:00:00,Price,850
B021334,2026-08-18 07:00:00,Venue Issue,1200
B021346,2026-03-15 09:30:00,Personal,400
B021353,2026-04-05 19:00:00,Venue Issue,2100
B021354,2026-08-22 16:30:00,Weather,2900
B021358,2026-01-12 13:30:00,Personal,1300
B021368,2026-06-01 10:30:00,Weather,400
B021375,2026-05-23 00:00:00,Personal,550
B021392,2026-02-27 01:30:00,Other,600
B021393,2026-02-28 05:00:00,Weather,1200
B021438,2026-07-25 07:00:00,Personal,1572
B021443,2026-04-01 17:00:00,Weather,300
B021457,2026-08-31 13:00:00,Personal,800
B021459,2026-03-21 00:00:00,Price,650
B021462,2026-06-29 22:00:00,Price,850
B021467,2026-06-02 18:00:00,Price,4200
B021468,2026-03-19 02:30:00,Other,1500
B021473,2026-03-28 08:30:00,Personal,1500
B021485,2026-03-06 05:00:00,Other,400
B021486,2026-04-17 05:00:00,Other,750
B021487,2026-01-04 13:00:00,Price,1150
B021493,2026-04-15 08:30:00,Personal,350
B021520,2026-06-22 12:00:00,Weather,650
B021523,2026-04-27 22:00:00,Price,500
B021530,2026-06-01 09:30:00,Venue Issue,900
B021540,2026-03-06 00:30:00,Weather,1200
B021558,2026-03-03 04:00:00,Venue Issue,630
B021564,2026-02-21 20:00:00,Other,550
B021565,2026-05-28 13:30:00,Venue Issue,550
B021586,2026-05-17 15:00:00,Weather,800
B021588,2026-08-20 20:00:00,Personal,1455
B021596,2026-01-04 11:30:00,Personal,679
B021619,2026-04-04 06:30:00,Other,1100
B021642,2026-01-18 21:30:00,Personal,300
B021662,2026-07-16 06:00:00,Personal,700
B021704,2026-05-02 10:30:00,Venue Issue,3492
B021719,2026-02-06 19:00:00,Venue Issue,700
B021729,2026-06-29 16:30:00,Price,900
B021740,2026-08-17 10:30:00,Personal,630
B021764,2026-02-14 11:30:00,Price,291
B021770,2026-03-24 03:00:00,Venue Issue,1500
B021777,2026-05-02 04:30:00,Personal,436
B021783,2026-08-30 08:00:00,Personal,1150
B021787,2026-05-23 08:30:00,Personal,824
B021799,2026-07-19 04:30:00,Other,800
B021804,2026-01-26 10:30:00,Price,750
B021811,2026-07-15 01:30:00,Price,1275
B021826,2026-03-19 16:00:00,Personal,1150
B021851,2026-03-27 13:30:00,Personal,1500
B021856,2026-05-16 11:00:00,Price,1261
B021857,2026-08-05 01:30:00,Personal,400
B021861,2026-06-05 18:00:00,Personal,700
B021868,2026-04-04 17:30:00,Price,450
B021871,2026-03-30 16:00:00,Personal,400
B021875,2026-03-14 12:00:00,Venue Issue,1450
B021879,2026-05-28 09:30:00,Weather,534
B021901,2026-02-09 00:00:00,Price,650
B021908,2026-06-30 17:30:00,Personal,600
B021912,2026-06-07 20:30:00,Personal,1450
B021913,2026-08-03 18:00:00,Price,600
B021942,2026-03-24 09:30:00,Personal,534
B021949,2026-04-05 00:00:00,Personal,2200
B021953,2026-05-16 05:30:00,Weather,2250
B021959,2026-03-26 17:00:00,Weather,1380
B021961,2026-03-07 07:30:00,Venue Issue,650
B021967,2026-01-01 10:30:00,Weather,650
B021975,2026-06-29 17:00:00,Weather,950
B021979,2026-01-08 00:30:00,Price,1500
B021991,2026-07-02 01:30:00,Personal,3700
B022000,2026-02-14 06:00:00,Price,1500
B022001,2026-02-05 17:30:00,Venue Issue,650
B022048,2026-01-29 07:00:00,Venue Issue,1300
B022054,2026-05-18 13:00:00,Venue Issue,582
B022055,2026-05-02 04:00:00,Weather,400
B022106,2026-03-14 21:00:00,Personal,2900
B022113,2026-02-04 13:00:00,Other,728
B022130,2026-05-04 13:30:00,Personal,500
B022132,2026-03-31 03:30:00,Personal,650
B022142,2026-05-02 01:00:00,Weather,436
B022148,2026-05-19 02:00:00,Weather,1500
B022179,2026-08-29 11:30:00,Personal,500
B022180,2026-06-18 08:00:00,Personal,1300
B022182,2026-06-25 18:30:00,Weather,600
B022197,2026-01-07 18:30:00,Personal,1500
B022202,2026-01-04 17:30:00,Venue Issue,400
B022205,2026-04-24 16:30:00,Personal,850
B022214,2026-01-13 13:00:00,Price,800
B022221,2026-05-27 07:00:00,Price,650
B022224,2026-07-09 15:00:00,Weather,600
B022229,2026-04-01 21:30:00,Price,2050
B022242,2026-06-16 18:00:00,Personal,750
B022247,2026-01-31 19:00:00,Venue Issue,2050
B022248,2026-03-09 22:30:00,Personal,2050
B022257,2026-01-09 15:30:00,Price,650
B022275,2026-03-02 11:00:00,Price,485
B022297,2026-03-06 17:30:00,Personal,2100
B022317,2026-02-21 21:30:00,Weather,750
B022320,2026-07-31 02:00:00,Price,922
B022342,2026-06-15 00:30:00,Weather,598
B022352,2026-07-13 14:00:00,Weather,1500
B022355,2026-03-18 19:30:00,Price,1400
B022361,2026-01-02 19:00:00,Other,650
B022362,2026-02-21 21:00:00,Weather,500
B022372,2026-03-03 11:00:00,Price,750
B022375,2026-02-05 13:30:00,Weather,2000
B022377,2026-08-12 02:00:00,Personal,750
B022397,2026-08-30 04:30:00,Other,800
B022404,2026-01-06 21:00:00,Venue Issue,1750
B022406,2026-02-26 07:30:00,Personal,550
B022412,2026-04-05 10:30:00,Venue Issue,650
B022429,2026-07-04 01:30:00,Other,1800
B022432,2026-05-07 09:00:00,Weather,322
B022437,2026-02-28 18:30:00,Personal,1500
B022445,2026-05-28 23:30:00,Other,450
B022464,2026-06-30 19:30:00,Personal,1450
B022478,2026-06-11 05:00:00,Weather,679
B022505,2026-05-19 00:00:00,Personal,1650
B022507,2026-05-06 22:30:00,Other,1850
B022516,2026-08-01 11:00:00,Weather,650
B022518,2026-02-28 00:30:00,Personal,650
B022525,2026-05-22 14:30:00,Personal,650
B022528,2026-08-20 13:30:00,Other,750
B022535,2026-04-07 00:00:00,Price,1300
B022555,2026-01-17 10:30:00,Weather,650
B022569,2026-05-08 08:30:00,Venue Issue,650
B022574,2026-05-13 03:00:00,Personal,1800
B022582,2026-04-16 21:30:00,Venue Issue,552
B022589,2026-08-17 17:00:00,Other,300
B022602,2026-04-02 13:00:00,Venue Issue,824
B022603,2026-02-23 21:00:00,Weather,900
B022609,2026-02-28 22:30:00,Weather,500
B022614,2026-07-21 07:00:00,Price,1500
B022625,2026-08-03 23:00:00,Weather,1150
B022633,2026-04-30 05:30:00,Price,600
B022640,2026-03-09 13:30:00,Price,650
B022659,2026-01-05 23:30:00,Personal,1200
B022676,2026-04-27 05:30:00,Price,1500
B022681,2026-04-14 21:00:00,Weather,600
B022686,2026-02-23 04:30:00,Venue Issue,1164
B022692,2026-04-16 07:30:00,Price,650
B022700,2026-01-23 21:30:00,Personal,2000
B022719,2026-08-16 03:30:00,Weather,350
B022736,2026-04-11 19:00:00,Personal,300
B022752,2026-08-01 03:30:00,Personal,700
B022760,2026-04-01 20:00:00,Weather,1450
B022794,2026-03-06 13:30:00,Venue Issue,4200
B022801,2026-07-17 07:30:00,Weather,450
B022803,2026-01-16 15:30:00,Other,2100
B022810,2026-04-26 04:30:00,Personal,650
B022815,2026-01-26 01:30:00,Personal,1600
B022817,2026-04-18 22:00:00,Weather,644
B022824,2026-08-06 19:30:00,Personal,550
B022873,2026-08-21 18:00:00,Personal,600
B022905,2026-04-06 02:30:00,Price,750
B022912,2026-01-30 09:30:00,Personal,700
B022948,2026-02-05 09:30:00,Personal,1800
B022969,2026-03-02 23:00:00,Price,650
B022978,2026-08-31 16:30:00,Weather,700
B022982,2026-08-13 11:30:00,Price,1900
B022983,2026-05-05 15:00:00,Price,550
B022997,2026-05-23 02:00:00,Price,600
B023013,2026-01-25 10:00:00,Weather,700
B023029,2026-08-22 12:00:00,Weather,850
B023032,2026-08-23 11:00:00,Weather,776
B023037,2026-08-16 20:30:00,Personal,598
B023057,2026-04-18 10:00:00,Weather,1500
B023061,2026-06-16 09:30:00,Personal,900
B023063,2026-03-21 06:30:00,Venue Issue,1600
B023072,2026-03-24 02:30:00,Personal,1702
B023088,2026-05-30 22:00:00,Weather,350
B023091,2026-05-29 13:30:00,Personal,595
B023095,2026-02-09 05:30:00,Price,2000
B023103,2026-07-01 21:30:00,Weather,750
B023124,2026-04-02 22:30:00,Personal,850
B023127,2026-06-04 05:00:00,Price,1500
B023136,2026-03-06 10:00:00,Personal,500
B023162,2026-03-28 17:00:00,Weather,650
B023187,2026-05-23 19:00:00,Weather,1358
B023189,2026-01-27 08:30:00,Personal,690
B023201,2026-03-26 06:00:00,Personal,598
B023231,2026-02-15 19:00:00,Weather,1300
B023257,2026-04-05 02:30:00,Price,388
B023259,2026-04-25 04:30:00,Other,1200
B023283,2026-08-12 03:30:00,Price,1455
B023305,2026-01-13 02:00:00,Personal,1500
B023312,2026-04-29 13:30:00,Personal,436
B023330,2026-04-21 01:00:00,Price,765
B023356,2026-03-16 18:00:00,Other,900
B023359,2026-08-28 11:30:00,Venue Issue,750
B023368,2026-03-31 17:00:00,Weather,776
B023375,2026-02-17 00:30:00,Personal,1012
B023388,2026-05-08 17:00:00,Personal,1200
B023413,2026-05-30 03:00:00,Venue Issue,2900
B023432,2026-03-07 00:00:00,Personal,291
B023442,2026-04-15 13:00:00,Price,450
B023444,2026-04-06 13:30:00,Venue Issue,2400
B023446,2026-04-04 13:30:00,Personal,750
B023455,2026-03-27 23:30:00,Personal,650
B023459,2026-08-04 05:30:00,Price,1500
B023468,2026-05-01 08:30:00,Price,1150
B023482,2026-06-07 05:30:00,Price,1850
B023487,2026-05-30 07:30:00,Personal,700
B023488,2026-07-30 22:00:00,Price,1067
B023489,2026-02-26 01:30:00,Price,650
B023501,2026-06-05 10:00:00,Personal,460
B023505,2026-01-04 14:30:00,Other,1500
B023509,2026-08-24 08:00:00,Venue Issue,450
B023515,2026-01-04 07:00:00,Venue Issue,450
B023537,2026-02-02 14:30:00,Weather,750
B023541,2026-06-20 11:00:00,Other,436
B023546,2026-01-01 18:00:00,Weather,300
B023547,2026-04-28 03:30:00,Personal,550
B023549,2026-02-19 21:30:00,Weather,550
B023550,2026-01-14 19:30:00,Personal,2250
B023576,2026-01-31 07:00:00,Weather,1800
B023589,2026-06-13 20:30:00,Weather,600
B023631,2026-06-04 20:30:00,Personal,1500
B023651,2026-02-07 23:30:00,Weather,388
B023666,2026-06-30 23:00:00,Personal,1200
B023682,2026-02-02 04:30:00,Price,2250
B023687,2026-01-19 11:00:00,Price,1988
B023692,2026-06-04 01:30:00,Other,650
B023698,2026-07-11 13:00:00,Personal,550
B023700,2026-01-26 18:30:00,Personal,850
B023714,2026-02-22 07:30:00,Weather,950
B023754,2026-02-19 20:30:00,Personal,340
B023756,2026-08-09 10:30:00,Personal,300
B023778,2026-03-11 07:30:00,Personal,900
B023805,2026-07-02 14:00:00,Personal,1500
B023808,2026-04-30 10:30:00,Price,2000
B023811,2026-02-07 15:30:00,Weather,450
B023828,2026-07-05 09:30:00,Price,750
B023835,2026-05-12 21:30:00,Other,552
B023844,2026-02-21 03:30:00,Other,340
B023849,2026-02-26 22:30:00,Venue Issue,650
B023856,2026-05-04 15:00:00,Weather,1400
B023875,2026-06-21 04:00:00,Price,550
B023884,2026-03-27 23:00:00,Personal,1400
B023885,2026-03-20 21:00:00,Price,600
B023888,2026-05-22 20:30:00,Weather,550
B023901,2026-02-17 22:00:00,Venue Issue,1100
B023908,2026-08-02 00:00:00,Weather,2000
B023914,2026-01-31 16:30:00,Price,400
B023918,2026-01-22 06:30:00,Price,650
B023921,2026-03-20 00:00:00,Personal,750
B023922,2026-05-15 23:00:00,Other,600
B023925,2026-04-24 19:00:00,Price,500
B023932,2026-05-31 20:00:00,Weather,630
B023934,2026-07-30 22:30:00,Personal,500
B023947,2026-02-20 08:00:00,Personal,750
B023960,2026-02-06 18:30:00,Price,1400
B023965,2026-06-08 00:00:00,Weather,650
B023977,2026-03-10 15:00:00,Price,1500
B023987,2026-01-14 03:00:00,Price,1164
B023992,2026-04-28 23:00:00,Price,650
B024001,2026-05-03 19:00:00,Personal,1100
B024002,2026-01-12 15:30:00,Weather,400
B024007,2026-01-09 21:00:00,Weather,460
B024013,2026-05-13 01:30:00,Price,600
B024020,2026-03-28 18:00:00,Weather,850
B024028,2026-01-12 12:00:00,Other,900
B024037,2026-08-27 16:00:00,Personal,650
B024053,2026-07-19 11:00:00,Personal,650
B024061,2026-05-09 06:00:00,Personal,450
B024068,2026-07-01 12:00:00,Other,750
B024074,2026-03-04 22:00:00,Price,400
B024105,2026-05-11 19:30:00,Weather,750
B024116,2026-07-31 13:30:00,Venue Issue,1200
B024141,2026-08-26 05:30:00,Weather,750
B024147,2026-05-24 10:00:00,Weather,388
B024152,2026-07-01 23:00:00,Personal,1000
B024178,2026-08-25 19:00:00,Personal,650
B024189,2026-05-02 04:00:00,Price,2000
B024190,2026-02-12 08:00:00,Weather,2000
B024199,2026-07-05 11:00:00,Personal,1850
B024240,2026-08-24 17:00:00,Price,2328
B024242,2026-05-22 10:00:00,Weather,1500
B024243,2026-08-09 19:00:00,Price,300
B024292,2026-05-24 23:00:00,Weather,700
B024298,2026-07-18 07:30:00,Price,414
B024318,2026-04-30 09:00:00,Venue Issue,350
B024332,2026-06-14 04:30:00,Weather,650
B024337,2026-04-09 17:00:00,Personal,1500
B024352,2026-05-28 21:30:00,Weather,1500
B024355,2026-03-07 09:30:00,Weather,450
B024366,2026-08-10 07:30:00,Personal,300
B024370,2026-01-08 07:00:00,Personal,1200
B024373,2026-08-18 04:00:00,Personal,400
B024381,2026-03-10 23:00:00,Personal,700
B024382,2026-07-16 21:30:00,Personal,300
B024402,2026-06-12 14:00:00,Venue Issue,400
B024404,2026-02-14 00:30:00,Weather,1300
B024412,2026-07-15 03:30:00,Personal,1450
B024414,2026-07-07 04:30:00,Personal,1300
B024415,2026-03-17 23:00:00,Personal,1850
B024418,2026-04-21 08:30:00,Personal,450
B024419,2026-08-28 22:30:00,Weather,850
B024422,2026-07-20 21:30:00,Price,800
B024428,2026-06-11 17:00:00,Personal,700
B024438,2026-08-12 06:00:00,Price,400
B024453,2026-08-22 05:00:00,Venue Issue,300
B024459,2026-06-21 08:00:00,Price,450
B024463,2026-02-10 05:30:00,Venue Issue,1750
B024477,2026-02-01 00:30:00,Price,680
B024493,2026-06-17 01:00:00,Price,630
B024496,2026-01-31 01:30:00,Price,950
B024513,2026-02-25 01:00:00,Weather,1200
B024514,2026-03-27 13:00:00,Weather,1150
B024516,2026-08-01 13:00:00,Venue Issue,679
B024517,2026-04-08 20:30:00,Personal,900
B024524,2026-06-26 01:30:00,Personal,500
B024530,2026-07-16 03:30:00,Price,400
B024535,2026-06-28 20:30:00,Weather,550
B024572,2026-06-08 12:30:00,Price,506
B024574,2026-05-31 22:30:00,Weather,3000
B024582,2026-06-29 12:00:00,Personal,700
B024584,2026-02-07 10:00:00,Personal,485
B024590,2026-05-09 06:30:00,Price,1932
B024607,2026-05-04 09:00:00,Personal,1455
B024609,2026-02-28 13:00:00,Personal,1100
B024610,2026-03-26 14:30:00,Personal,600
B024637,2026-01-01 22:30:00,Personal,700
B024639,2026-05-14 19:30:00,Personal,800
B024640,2026-03-15 03:00:00,Price,650
B024662,2026-08-10 18:00:00,Personal,2000
B024672,2026-03-21 16:00:00,Personal,950
B024675,2026-07-01 00:00:00,Price,534
B024691,2026-03-31 22:30:00,Personal,414
B024692,2026-05-01 13:00:00,Price,700
B024701,2026-05-02 04:00:00,Price,1610
B024709,2026-01-14 16:00:00,Other,1450
B024713,2026-06-23 16:00:00,Personal,1450
B024720,2026-04-27 06:30:00,Personal,2050
B024736,2026-04-14 22:00:00,Price,1100
B024769,2026-03-19 04:30:00,Personal,3395
B024775,2026-04-15 03:30:00,Personal,600
B024780,2026-08-19 18:00:00,Weather,2000
B024796,2026-03-28 20:30:00,Other,400
B024801,2026-03-03 01:30:00,Weather,750
B024805,2026-08-21 12:00:00,Venue Issue,679
B024808,2026-05-29 00:00:00,Personal,1702
B024818,2026-03-03 17:30:00,Other,436
B024819,2026-05-10 04:00:00,Price,550
B024832,2026-08-23 23:00:00,Price,650
B024839,2026-05-01 22:30:00,Venue Issue,500
B024873,2026-05-21 04:30:00,Price,350
B024879,2026-02-18 06:00:00,Price,598
B024894,2026-07-03 07:30:00,Personal,500
B024952,2026-06-10 08:30:00,Personal,750
B024955,2026-03-31 17:00:00,Personal,1150
B024978,2026-01-09 03:30:00,Personal,1200
B024983,2026-08-18 03:00:00,Personal,700
B024993,2026-02-04 15:00:00,Other,950
B024997,2026-03-24 00:00:00,Personal,400
B025000,2026-01-26 11:30:00,Weather,400
B025013,2026-07-07 21:30:00,Price,1850
B025033,2026-03-03 07:00:00,Venue Issue,595
B025037,2026-06-28 08:30:00,Personal,510
B025048,2026-08-10 01:30:00,Price,400
B025065,2026-06-05 15:00:00,Personal,1500
B025070,2026-03-15 01:30:00,Price,2668
B025077,2026-06-14 10:00:00,Venue Issue,1164
B025092,2026-04-14 13:30:00,Personal,340
B025100,2026-06-26 14:00:00,Personal,1698
B025104,2026-05-07 23:30:00,Personal,1261
B025110,2026-06-29 01:30:00,Venue Issue,2182
B025113,2026-07-12 15:00:00,Price,2000
B025115,2026-05-07 16:00:00,Other,3600
B025122,2026-01-09 01:00:00,Personal,874
B025129,2026-04-13 21:00:00,Personal,650
B025139,2026-02-02 09:00:00,Weather,350
B025163,2026-01-16 16:30:00,Weather,2000
B025167,2026-03-06 00:00:00,Personal,2000
B025172,2026-03-10 08:00:00,Price,650
B025192,2026-05-24 09:30:00,Weather,1450
B025201,2026-07-30 04:30:00,Personal,650
B025208,2026-06-01 11:00:00,Weather,736
B025212,2026-06-22 07:00:00,Venue Issue,400
B025221,2026-08-26 00:30:00,Price,1200
B025241,2026-02-04 01:00:00,Other,2900
B025255,2026-02-20 05:00:00,Weather,4100
B025271,2026-02-06 07:30:00,Weather,2100
B025300,2026-05-22 16:00:00,Personal,1500
B025304,2026-01-06 01:30:00,Venue Issue,460
B025330,2026-06-19 21:00:00,Other,1164
B025352,2026-02-28 12:30:00,Personal,1450
B025360,2026-05-22 06:00:00,Personal,750
B025381,2026-06-18 10:30:00,Price,1300
B025383,2026-08-12 18:00:00,Personal,750
B025386,2026-02-28 14:30:00,Personal,650
B025389,2026-02-02 17:30:00,Price,2250
B025436,2026-07-14 05:00:00,Weather,450
B025441,2026-04-09 14:00:00,Personal,550
B025445,2026-04-28 19:00:00,Price,650
B025463,2026-08-13 04:00:00,Price,1100
B025472,2026-03-21 14:30:00,Price,728
B025486,2026-02-10 02:30:00,Personal,2000
B025487,2026-08-14 22:30:00,Price,2250
B025496,2026-06-26 13:00:00,Price,644
B025501,2026-07-24 16:00:00,Weather,600
B025515,2026-02-14 16:00:00,Other,550
B025519,2026-04-01 19:00:00,Price,400
B025520,2026-01-21 11:30:00,Venue Issue,650
B025525,2026-08-08 23:00:00,Personal,3000
B025554,2026-02-19 06:30:00,Personal,1455
B025574,2026-02-03 07:00:00,Personal,2050
B025580,2026-05-28 09:00:00,Price,436
B025594,2026-06-23 03:00:00,Other,1932
B025606,2026-07-22 22:00:00,Other,2037
B025618,2026-02-14 18:30:00,Weather,2100
B025623,2026-07-25 12:30:00,Weather,650
B025640,2026-05-08 11:30:00,Price,436
B025646,2026-04-03 17:00:00,Price,1164
B025656,2026-05-31 16:30:00,Personal,300
B025723,2026-03-01 05:00:00,Venue Issue,600
B025732,2026-01-04 04:30:00,Personal,400
B025744,2026-05-31 09:30:00,Personal,2100
B025755,2026-07-05 12:00:00,Personal,1200
B025798,2026-06-03 11:00:00,Weather,436
B025803,2026-08-05 22:00:00,Price,1200
B025842,2026-02-07 22:00:00,Weather,850
B025850,2026-04-09 12:00:00,Weather,650
B025853,2026-05-25 17:30:00,Other,1450
B025879,2026-04-13 12:00:00,Weather,1600
B025908,2026-01-19 23:00:00,Weather,450
B025931,2026-08-29 11:30:00,Other,600
B025937,2026-05-13 04:30:00,Other,450
B025946,2026-07-15 04:30:00,Personal,650
B025955,2026-06-13 03:00:00,Weather,750
B025956,2026-05-30 11:00:00,Personal,650
B025964,2026-03-12 19:30:00,Venue Issue,1698
B025998,2026-05-10 05:00:00,Weather,2000
B025999,2026-01-17 12:00:00,Personal,400
B026018,2026-07-17 03:00:00,Personal,1150
B026029,2026-02-25 23:30:00,Weather,1850
B026042,2026-01-01 11:00:00,Price,850
B026046,2026-03-26 14:00:00,Price,2100
B026056,2026-07-29 01:00:00,Venue Issue,644
B026069,2026-05-01 19:00:00,Personal,2328
B026076,2026-08-04 00:00:00,Personal,700
B026090,2026-05-18 02:00:00,Personal,1800
B026096,2026-05-01 02:30:00,Weather,650
B026131,2026-08-14 18:30:00,Venue Issue,582
B026137,2026-06-10 21:00:00,Personal,1450
B026151,2026-07-14 01:00:00,Weather,679
B026153,2026-07-30 18:00:00,Personal,1200
B026155,2026-07-12 00:30:00,Other,552
B026171,2026-03-31 10:30:00,Price,700
B026177,2026-05-12 14:30:00,Price,1750
B026188,2026-03-20 10:30:00,Price,400
B026210,2026-01-20 18:00:00,Personal,750
B026223,2026-01-04 16:30:00,Personal,650
B026224,2026-04-28 19:30:00,Personal,900
B026239,2026-08-23 13:00:00,Personal,1650
B026246,2026-07-23 04:30:00,Personal,1800
B026253,2026-08-05 04:30:00,Weather,650
B026291,2026-04-18 07:30:00,Venue Issue,1300
B026295,2026-06-10 09:30:00,Price,1800
B026297,2026-08-14 01:30:00,Weather,1300
B026300,2026-05-25 03:30:00,Weather,450
B026303,2026-04-03 20:00:00,Personal,436
B026317,2026-01-26 22:00:00,Personal,700
B026323,2026-01-19 09:30:00,Price,1100
B026326,2026-06-29 11:00:00,Weather,322
B026343,2026-05-11 17:30:00,Other,350
B026365,2026-07-12 22:30:00,Weather,650
B026369,2026-07-12 15:30:00,Weather,1200
B026373,2026-03-20 20:00:00,Personal,450
B026374,2026-03-25 01:30:00,Weather,650
B026382,2026-06-25 14:30:00,Weather,1750
B026398,2026-02-05 09:00:00,Other,2200
B026416,2026-07-25 07:30:00,Weather,638
B026425,2026-06-10 09:00:00,Personal,300
B026453,2026-02-25 09:00:00,Weather,600
B026462,2026-06-23 22:00:00,Weather,800
B026464,2026-08-19 17:30:00,Personal,2900
B026483,2026-02-15 15:30:00,Personal,850
B026499,2026-01-13 05:30:00,Personal,1300
B026511,2026-06-19 03:30:00,Personal,700
B026556,2026-01-18 15:00:00,Other,1500
B026572,2026-04-17 15:30:00,Weather,450
B026588,2026-06-29 06:00:00,Price,650
B026609,2026-07-09 10:00:00,Price,400
B026617,2026-03-06 04:30:00,Personal,600
B026622,2026-06-22 04:00:00,Personal,1750
B026634,2026-05-14 01:00:00,Venue Issue,1750
B026657,2026-05-28 15:30:00,Venue Issue,1750
B026659,2026-08-07 19:00:00,Personal,2100
B026661,2026-07-04 13:00:00,Weather,728
B026669,2026-06-22 07:30:00,Personal,950
B026671,2026-06-11 16:30:00,Venue Issue,1500
B026675,2026-07-10 10:00:00,Personal,650
B026686,2026-03-24 04:30:00,Weather,450
B026712,2026-05-10 05:00:00,Personal,485
B026717,2026-08-09 14:30:00,Personal,2050
B026719,2026-06-03 20:00:00,Personal,1500
B026726,2026-08-19 17:00:00,Price,650
B026729,2026-05-20 12:00:00,Personal,300
B026744,2026-03-26 09:30:00,Weather,1455
B026754,2026-08-10 07:00:00,Weather,1200
B026756,2026-04-18 16:00:00,Personal,850
B026759,2026-05-10 03:30:00,Venue Issue,388
B026775,2026-04-03 12:30:00,Weather,1800
B026776,2026-06-15 20:00:00,Weather,450
B026781,2026-08-28 03:00:00,Personal,650
B026800,2026-02-13 23:30:00,Weather,750
B026829,2026-03-29 17:00:00,Weather,900
B026831,2026-03-21 14:30:00,Other,800
B026835,2026-07-10 09:30:00,Price,1450
B026871,2026-01-05 01:00:00,Weather,650
B026876,2026-07-09 00:30:00,Venue Issue,450
B026877,2026-06-03 18:30:00,Personal,690
B026886,2026-08-06 18:00:00,Personal,1100
B026912,2026-06-04 01:30:00,Personal,1750
B026920,2026-07-26 12:30:00,Weather,1104
B026928,2026-05-06 06:00:00,Other,1500
B026930,2026-07-13 03:30:00,Personal,600
B026932,2026-02-13 22:30:00,Personal,1800
B026951,2026-01-28 05:00:00,Other,1750
B026952,2026-02-13 17:30:00,Personal,750
B026966,2026-08-26 09:00:00,Personal,1455
B026994,2026-07-14 00:30:00,Price,630
B027028,2026-03-11 06:00:00,Price,2050
B027029,2026-04-13 01:00:00,Venue Issue,650
B027053,2026-02-05 07:30:00,Weather,550
B027093,2026-08-08 16:00:00,Personal,1100
B027101,2026-02-17 05:30:00,Price,850
B027104,2026-08-28 23:00:00,Venue Issue,291
B027114,2026-04-15 11:30:00,Venue Issue,922
B027124,2026-06-05 20:00:00,Weather,800
B027145,2026-06-13 11:30:00,Venue Issue,3000
B027181,2026-08-16 14:30:00,Venue Issue,700
B027182,2026-07-04 22:00:00,Price,1200
B027200,2026-06-19 09:30:00,Personal,650
B027205,2026-01-06 16:30:00,Personal,300
B027206,2026-03-14 10:00:00,Price,1100
B027227,2026-08-17 01:00:00,Weather,300
B027232,2026-04-20 02:00:00,Personal,550
B027242,2026-07-02 07:30:00,Weather,800
B027244,2026-06-29 07:30:00,Personal,750
B027253,2026-01-21 10:00:00,Personal,1500
B027265,2026-05-08 07:00:00,Personal,1702
B027284,2026-01-05 11:30:00,Weather,485
B027289,2026-08-16 16:30:00,Other,1800
B027291,2025-12-31 18:00:00,Price,700
B027316,2026-06-01 09:30:00,Price,500
B027317,2026-01-13 17:30:00,Price,1850
B027325,2026-07-17 15:30:00,Personal,1850
B027354,2026-08-05 10:00:00,Venue Issue,600
B027356,2026-07-20 02:00:00,Weather,650
B027371,2026-06-07 07:00:00,Other,600
B027380,2026-03-31 07:00:00,Personal,700
B027421,2026-05-11 11:00:00,Personal,1450
B027430,2026-08-25 18:30:00,Venue Issue,1200
B027433,2026-06-15 02:30:00,Personal,1750
B027440,2026-04-06 12:30:00,Venue Issue,550
B027449,2026-01-24 12:30:00,Personal,1750
B027460,2026-01-08 21:30:00,Venue Issue,1200
B027462,2026-03-05 07:30:00,Other,1067
B027463,2026-05-11 22:30:00,Personal,300
B027470,2026-07-13 17:30:00,Personal,1650
B027472,2026-03-27 16:00:00,Personal,400
B027478,2026-04-21 14:30:00,Personal,630
B027480,2026-04-29 01:00:00,Personal,630
B027492,2026-07-14 22:30:00,Personal,600
B027498,2026-04-07 21:30:00,Weather,750
B027500,2026-06-21 07:30:00,Weather,450
B027552,2026-03-12 17:30:00,Weather,650
B027564,2026-04-18 17:00:00,Price,450
B027565,2026-01-31 23:00:00,Weather,300
B027571,2026-07-14 13:00:00,Personal,552
B027576,2026-07-31 03:30:00,Price,534
B027577,2026-07-07 05:30:00,Weather,500
B027605,2026-04-04 12:30:00,Personal,650
B027628,2026-02-22 04:00:00,Personal,1800
B027630,2026-04-30 22:30:00,Personal,400
B027639,2026-02-27 15:30:00,Weather,1334
B027643,2026-01-05 01:00:00,Personal,291
B027648,2026-04-02 05:00:00,Weather,650
B027650,2026-06-10 21:00:00,Personal,679
B027676,2026-03-24 15:30:00,Personal,650
B027678,2026-08-08 01:30:00,Weather,1500
B027696,2026-07-21 07:30:00,Personal,1800
B027727,2026-07-20 12:00:00,Weather,650
B027744,2026-07-20 04:00:00,Price,1300
B027745,2026-02-03 00:00:00,Weather,2900
B027782,2026-03-20 17:30:00,Venue Issue,650
B027789,2026-03-07 20:00:00,Personal,1500
B027800,2026-06-05 18:30:00,Personal,800
B027806,2026-06-03 03:30:00,Price,1400
B027807,2026-07-19 22:00:00,Personal,950
B027828,2026-05-21 02:00:00,Price,550
B027831,2026-04-08 21:30:00,Price,1200
B027856,2026-01-24 01:30:00,Weather,1500
B027861,2026-06-27 01:00:00,Weather,700
B027866,2026-06-07 06:00:00,Price,650
B027867,2026-05-29 08:00:00,Personal,534
B027881,2026-05-23 16:00:00,Personal,650
B027884,2026-01-06 20:00:00,Weather,630
B027886,2026-01-08 22:00:00,Price,630
B027892,2026-01-09 22:30:00,Venue Issue,1610
B027914,2026-02-12 21:30:00,Personal,800
B027943,2026-08-27 10:00:00,Price,900
B027953,2026-05-18 20:00:00,Price,1750
B027956,2026-03-14 18:00:00,Personal,679
B027957,2026-06-14 18:00:00,Venue Issue,436
B027959,2026-03-07 22:00:00,Price,1750
B027974,2026-05-03 09:30:00,Other,1500
B027978,2026-01-09 09:00:00,Other,450
B027983,2026-07-27 08:30:00,Price,1200
B027989,2026-07-06 20:30:00,Weather,1500
B028008,2026-01-06 03:00:00,Personal,950
B028034,2026-06-13 02:30:00,Price,1455
B028044,2026-08-25 00:00:00,Personal,414
B028056,2026-01-09 03:30:00,Price,1500
B028061,2026-08-18 07:00:00,Weather,400
B028064,2026-05-03 13:30:00,Personal,1912
B028069,2026-08-25 22:30:00,Personal,850
B028110,2026-05-22 13:30:00,Venue Issue,500
B028127,2026-08-09 09:00:00,Price,400
B028135,2026-02-19 23:00:00,Personal,1200
B028148,2026-06-23 15:30:00,Weather,750
B028152,2026-01-22 01:00:00,Price,450
B028153,2026-04-15 13:00:00,Other,650
B028160,2026-04-25 21:30:00,Venue Issue,1450
B028211,2026-06-02 01:00:00,Price,600
B028214,2026-08-26 17:00:00,Weather,850
B028216,2026-04-10 23:30:00,Venue Issue,500
B028243,2026-07-04 23:00:00,Personal,1850
B028256,2026-02-05 21:30:00,Weather,1750
B028262,2026-03-07 15:00:00,Weather,630
B028276,2026-07-21 09:00:00,Price,800
B028314,2026-03-14 22:30:00,Weather,2100
B028347,2026-03-23 05:30:00,Price,436
B028387,2026-01-29 03:30:00,Weather,679
B028392,2026-01-31 07:30:00,Personal,400
B028399,2026-01-12 21:30:00,Venue Issue,1300
B028401,2026-05-04 16:00:00,Personal,1450
B028409,2026-03-15 18:00:00,Venue Issue,873
B028429,2026-01-03 10:30:00,Personal,550
B028438,2026-06-21 11:30:00,Weather,700
B028440,2026-05-28 09:30:00,Price,1100
B028460,2026-05-17 11:00:00,Venue Issue,950
B028463,2026-05-26 06:30:00,Personal,650
B028466,2026-06-04 18:00:00,Personal,750
B028519,2026-01-19 22:00:00,Other,679
B028529,2026-02-27 09:00:00,Price,276
B028544,2026-06-16 22:30:00,Venue Issue,600
B028554,2026-08-12 21:30:00,Weather,500
B028565,2026-06-01 20:30:00,Weather,2100
B028566,2026-01-29 09:00:00,Other,679
B028568,2026-07-30 08:30:00,Weather,1400
B028588,2026-05-20 13:30:00,Other,700
B028590,2026-01-30 01:00:00,Price,650
B028603,2026-06-01 16:00:00,Price,276
B028610,2026-03-31 13:30:00,Other,400
B028623,2026-06-15 07:30:00,Personal,552
B028645,2026-08-21 07:00:00,Venue Issue,1164
B028648,2026-05-15 09:30:00,Weather,450
B028674,2026-04-29 23:30:00,Price,400
B028694,2026-05-24 11:30:00,Personal,1750
B028695,2026-01-15 16:30:00,Personal,630
B028706,2026-08-08 12:30:00,Personal,650
B028710,2026-01-18 21:00:00,Price,1455
B028731,2026-08-29 03:30:00,Price,1450
B028765,2026-02-16 06:00:00,Weather,436
B028787,2026-08-30 05:00:00,Price,630
B028808,2026-07-17 17:00:00,Other,679
B028827,2026-08-05 19:30:00,Weather,450
B028829,2026-08-25 10:30:00,Personal,900
B028838,2026-01-18 06:00:00,Weather,598
B028859,2026-08-26 14:00:00,Personal,1850
B028863,2026-04-09 08:00:00,Venue Issue,1450
B028869,2026-06-10 10:30:00,Other,1200
B028881,2026-08-10 02:00:00,Price,850
B028886,2026-04-06 18:00:00,Venue Issue,2100
B028898,2026-03-22 15:30:00,Personal,400
B028950,2026-04-20 05:30:00,Personal,750
B028955,2026-08-31 05:30:00,Other,600
B028971,2026-02-27 14:00:00,Personal,650
B028984,2026-03-08 16:00:00,Personal,485
B028988,2026-04-29 22:00:00,Personal,650
B028991,2026-07-09 13:00:00,Personal,552
B028999,2026-07-30 04:00:00,Personal,582
B029019,2026-03-10 01:30:00,Weather,2000
B029022,2026-04-30 11:30:00,Price,1275
B029033,2026-07-13 03:00:00,Personal,2250
B029046,2026-08-13 18:30:00,Weather,388
B029056,2026-04-29 09:00:00,Venue Issue,850
B029059,2026-03-03 07:30:00,Weather,1200
B029062,2026-08-21 03:30:00,Price,1500
B029076,2026-08-13 21:00:00,Personal,1500
B029084,2026-06-11 06:30:00,Weather,1500
B029096,2026-03-24 01:00:00,Other,1750
B029100,2026-01-13 03:30:00,Personal,400
B029102,2026-03-29 13:00:00,Personal,2050
B029115,2026-01-14 01:00:00,Personal,598
B029116,2026-01-31 19:30:00,Venue Issue,950
B029118,2026-05-10 02:30:00,Weather,1850
B029130,2026-04-04 08:30:00,Price,650
B029143,2026-03-23 18:30:00,Price,1100
B029151,2026-01-20 00:00:00,Price,534
B029159,2026-08-01 03:30:00,Personal,1150
B029165,2026-01-20 00:00:00,Personal,750
B029180,2026-03-20 11:30:00,Venue Issue,1455
B029197,2026-03-21 00:30:00,Price,700
B029198,2026-07-18 09:30:00,Personal,650
B029204,2026-06-27 14:30:00,Price,598
B029211,2026-07-25 22:00:00,Personal,1800
B029223,2026-04-01 23:30:00,Weather,1200
B029224,2026-07-29 16:00:00,Other,1850
B029225,2026-07-13 01:30:00,Weather,1850
B029228,2026-05-11 06:00:00,Weather,4200
B029235,2026-05-05 00:00:00,Venue Issue,650
B029236,2026-02-20 07:30:00,Personal,1200
B029254,2026-07-05 12:00:00,Price,1750
B029260,2026-01-08 13:30:00,Price,1750
B029263,2026-08-09 22:00:00,Price,1800
B029270,2026-05-18 04:00:00,Weather,750
B029272,2026-03-15 18:30:00,Personal,2000
B029281,2026-01-24 19:00:00,Weather,600
B029311,2026-07-01 04:30:00,Other,2100
B029372,2026-05-01 08:00:00,Personal,650
B029395,2026-07-01 19:30:00,Weather,500
B029416,2026-05-21 08:30:00,Venue Issue,600
B029460,2026-04-21 14:00:00,Other,824
B029463,2026-01-24 16:00:00,Weather,850
B029485,2026-08-27 19:00:00,Other,1300
B029488,2026-02-23 19:00:00,Personal,1600
B029491,2026-04-04 06:30:00,Personal,1200
B029492,2026-02-26 08:00:00,Venue Issue,1450
B029498,2026-01-17 22:30:00,Weather,388
B029501,2026-05-18 00:00:00,Personal,1450
B029514,2026-07-11 06:30:00,Personal,630
B029524,2026-06-26 00:30:00,Personal,1500
B029527,2026-07-15 22:30:00,Weather,400
B029537,2026-07-03 20:30:00,Personal,700
B029545,2026-06-16 22:00:00,Other,728
B029563,2026-03-10 23:00:00,Other,4000
B029566,2026-05-31 15:00:00,Weather,550
B029577,2026-08-02 16:00:00,Personal,1300
B029579,2026-02-06 22:30:00,Venue Issue,736
B029588,2026-01-04 18:00:00,Personal,1000
B029595,2026-07-16 09:30:00,Personal,1700
B029608,2026-02-12 09:00:00,Personal,1300
B029618,2026-08-23 07:00:00,Personal,650
B029630,2026-08-18 19:00:00,Personal,1100
B029631,2026-02-14 17:00:00,Price,291
B029649,2026-03-03 10:30:00,Personal,1500
B029671,2026-01-27 12:00:00,Personal,700
B029674,2026-02-20 09:30:00,Personal,400
B029681,2026-03-08 13:00:00,Personal,650
B029708,2026-03-18 22:00:00,Venue Issue,1800
B029719,2026-01-15 23:00:00,Personal,650
B029753,2026-03-01 16:00:00,Weather,550
B029754,2026-02-06 22:00:00,Personal,600
B029757,2026-02-25 02:30:00,Personal,650
B029761,2026-03-31 02:00:00,Weather,1164
B029824,2026-05-23 04:30:00,Weather,1275
B029828,2026-02-22 17:00:00,Personal,500
B029852,2026-04-25 04:00:00,Personal,485
B029865,2026-07-06 05:30:00,Weather,1500
B029888,2026-01-28 13:30:00,Weather,550
B029923,2026-05-15 23:00:00,Price,1600
B029934,2026-01-16 04:30:00,Price,1200
B029936,2026-04-08 01:00:00,Venue Issue,1455
B029939,2026-04-24 20:00:00,Personal,650
B029974,2026-02-24 14:00:00,Personal,650
B029978,2026-06-14 17:00:00,Price,1100
B029982,2026-03-29 06:30:00,Weather,690
B029987,2026-06-05 17:30:00,Personal,1450
B029990,2026-02-02 02:30:00,Personal,3000
