user_id,age,gender,city,area,registration_date,membership_type,acquisition_channel
U00001,35,Male,Bengaluru,Whitefield,2025-08-05,Basic,Google
U00002,38,Male,Chennai,T Nagar,2025-03-09,Basic,Referral
U00003,42,Female,Mumbai,Thane,2026-07-10,Pro,Google
U00004,43,Male,Hyderabad,Kondapur,2025-05-23,Basic,Instagram
U00005,28,Male,Bengaluru,Jayanagar,2025-12-12,Basic,Referral
U00006,33,Male,Bengaluru,Whitefield,2026-07-08,Premium,Google
U00007,29,Female,Bengaluru,Jayanagar,2026-08-08,Basic,YouTube
U00008,30,Male,Pune,Viman Nagar,2025-07-13,Basic,Google
U00009,44,Male,Mumbai,Borivali,2025-09-03,Basic,Instagram
U00010,33,Female,Mumbai,Bandra,2025-11-10,Premium,Google
U00011,40,Male,Bengaluru,Marathahalli,2026-01-19,Basic,Google
U00012,43,Female,Chennai,T Nagar,2025-10-04,Basic,Referral
U00013,38,Male,Pune,Kothrud,2025-03-13,Basic,Referral
U00014,18,Male,Bengaluru,Jayanagar,2025-05-09,Basic,Google
U00015,33,Male,Bengaluru,Marathahalli,2025-12-24,Basic,Google
U00016,32,Female,Bengaluru,Jayanagar,2026-06-09,Premium,Google
U00017,23,Male,Bengaluru,Jayanagar,2025-08-08,Basic,Other
U00018,29,Male,Hyderabad,Madhapur,2025-01-06,Premium,Instagram
U00019,25,Male,Hyderabad,Kondapur,2025-08-16,Basic,College/Community
U00020,24,Male,Bengaluru,Jayanagar,2025-01-17,Basic,YouTube
U00021,19,Male,Mumbai,Andheri,2026-08-08,Basic,Instagram
U00022,29,Male,Bengaluru,Indiranagar,2025-01-12,Pro,Other
U00023,38,Female,Bengaluru,Jayanagar,2026-08-21,Premium,YouTube
U00024,31,Male,Bengaluru,Yelahanka,2026-05-14,Pro,YouTube
U00025,33,Male,Hyderabad,Kukatpally,2026-05-17,Premium,Google
U00026,28,Male,Pune,Hinjewadi,2025-03-11,Premium,Referral
U00027,37,Male,Bengaluru,Whitefield,2025-04-18,Premium,Google
U00028,26,Male,Hyderabad,Gachibowli,2025-07-20,Premium,Instagram
U00029,27,Female,Hyderabad,Kukatpally,2025-02-21,Basic,College/Community
U00030,34,Female,Bengaluru,Whitefield,2026-07-03,Basic,College/Community
U00031,29,Female,Mumbai,Powai,2025-09-16,Basic,Instagram
U00032,23,Female,Bengaluru,HSR Layout,2026-04-27,Basic,YouTube
U00033,36,Male,Bengaluru,Electronic City,2025-09-21,Basic,YouTube
U00034,28,Male,Chennai,Anna Nagar,2025-10-30,Basic,Instagram
U00035,26,Female,Chennai,Velachery,2026-07-30,Basic,Google
U00036,38,Male,Pune,Hinjewadi,2026-07-08,Basic,Google
U00037,23,Male,Bengaluru,Indiranagar,2026-07-09,Pro,YouTube
U00038,44,Female,Bengaluru,Indiranagar,2025-05-05,Basic,College/Community
U00039,42,Female,Mumbai,Andheri,2025-09-27,Basic,Instagram
U00040,42,Male,Hyderabad,Madhapur,2026-04-25,Premium,Referral
U00041,41,Male,Bengaluru,Whitefield,2025-05-12,Basic,YouTube
U00042,42,Female,Hyderabad,Kondapur,2025-01-02,Basic,YouTube
U00043,33,Female,Bengaluru,Koramangala,2025-04-25,Basic,Instagram
U00044,37,Female,Chennai,Anna Nagar,2026-04-26,Basic,Referral
U00045,33,Other,Bengaluru,Marathahalli,2025-01-01,Basic,College/Community
U00046,23,Male,Mumbai,Thane,2025-11-27,Basic,Google
U00047,22,Male,Bengaluru,Indiranagar,2026-07-31,Basic,Google
U00048,38,Male,Hyderabad,Kukatpally,2026-01-26,Premium,College/Community
U00049,21,Male,Hyderabad,Gachibowli,2025-05-23,Basic,Instagram
U00050,19,Female,Bengaluru,Indiranagar,2025-11-24,Basic,College/Community
U00051,45,Other,Chennai,OMR,2026-01-12,Basic,Google
U00052,23,Male,Pune,Hinjewadi,2025-03-31,Basic,Instagram
U00053,26,Male,Chennai,Anna Nagar,2025-02-11,Premium,Instagram
U00054,45,Male,Chennai,Velachery,2025-02-04,Basic,Instagram
U00055,34,Female,Hyderabad,Kukatpally,2026-05-09,Premium,Instagram
U00056,31,Male,Chennai,T Nagar,2026-07-07,Basic,YouTube
U00057,24,Male,Bengaluru,Indiranagar,2025-05-04,Premium,Instagram
U00058,39,Male,Bengaluru,HSR Layout,2025-02-26,Basic,Other
U00059,36,Male,Bengaluru,Koramangala,2026-04-01,Basic,Referral
U00060,18,Female,Bengaluru,Indiranagar,2025-08-23,Premium,Google
U00061,37,Male,Bengaluru,Indiranagar,2026-01-27,Premium,Google
U00062,42,Male,Bengaluru,Electronic City,2026-05-07,Basic,YouTube
U00063,32,Male,Pune,Wakad,2025-12-09,Pro,Google
U00064,35,Male,Bengaluru,Whitefield,2025-06-25,Basic,Instagram
U00065,20,Female,Bengaluru,Whitefield,2025-02-21,Basic,College/Community
U00066,35,Male,Hyderabad,Madhapur,2026-07-04,Basic,Google
U00067,19,Male,Bengaluru,Marathahalli,2026-04-23,Premium,Instagram
U00068,27,Female,Pune,Baner,2026-05-04,Pro,Referral
U00069,28,Male,Bengaluru,Koramangala,2025-01-05,Basic,Referral
U00070,44,Female,Chennai,Velachery,2025-07-28,Basic,Google
U00071,41,Male,Pune,Kothrud,2025-08-05,Basic,College/Community
U00072,20,Male,Bengaluru,Whitefield,2026-06-20,Basic,Referral
U00073,24,Female,Bengaluru,HSR Layout,2025-12-08,Basic,Referral
U00074,25,Female,Pune,Wakad,2026-02-05,Basic,Google
U00075,36,Male,Mumbai,Thane,2026-04-07,Basic,Other
U00076,35,Male,Mumbai,Powai,2025-07-30,Basic,Google
U00077,30,Male,Pune,Wakad,2025-01-26,Basic,Referral
U00078,30,Male,Bengaluru,HSR Layout,2025-09-09,Premium,Google
U00079,41,Male,Bengaluru,Yelahanka,2025-01-03,Premium,YouTube
U00080,36,Female,Bengaluru,Yelahanka,2025-01-02,Basic,Instagram
U00081,40,Male,Pune,Baner,2025-01-02,Basic,Instagram
U00082,29,Male,Mumbai,Borivali,2025-05-30,Basic,College/Community
U00083,34,Female,Bengaluru,Indiranagar,2026-08-06,Basic,Google
U00084,45,Male,Bengaluru,HSR Layout,2025-01-04,Premium,Google
U00085,39,Female,Bengaluru,Jayanagar,2026-05-12,Pro,Referral
U00086,29,Male,Bengaluru,Electronic City,2026-07-04,Premium,YouTube
U00087,45,Male,Mumbai,Powai,2026-04-13,Basic,Instagram
U00088,30,Female,Mumbai,Borivali,2025-03-11,Basic,Instagram
U00089,42,Male,Pune,Wakad,2025-07-20,Basic,Other
U00090,29,Male,Hyderabad,Banjara Hills,2025-11-04,Pro,Referral
U00091,36,Female,Bengaluru,Indiranagar,2025-09-09,Pro,Google
U00092,31,Female,Mumbai,Thane,2025-10-14,Basic,College/Community
U00093,24,Other,Pune,Hinjewadi,2025-10-19,Basic,Referral
U00094,30,Male,Hyderabad,Madhapur,2025-06-03,Premium,Instagram
U00095,23,Male,Pune,Kothrud,2025-05-13,Basic,Instagram
U00096,41,Female,Hyderabad,Kukatpally,2026-08-09,Premium,Google
U00097,36,Male,Hyderabad,Banjara Hills,2025-10-01,Premium,College/Community
U00098,36,Male,Hyderabad,Banjara Hills,2026-05-24,Basic,Instagram
U00099,21,Female,Bengaluru,Indiranagar,2025-12-19,Pro,Instagram
U00100,36,Male,Bengaluru,Marathahalli,2025-01-05,Pro,College/Community
U00101,26,Male,Bengaluru,Electronic City,2025-10-20,Pro,Instagram
U00102,33,Female,Mumbai,Powai,2025-12-26,Basic,Referral
U00103,44,Male,Bengaluru,Electronic City,2026-08-21,Basic,Instagram
U00104,21,Male,Hyderabad,Madhapur,2025-08-02,Basic,Referral
U00105,23,Male,Chennai,T Nagar,2026-02-10,Basic,Google
U00106,25,Female,Bengaluru,Indiranagar,2026-03-12,Basic,Instagram
U00107,44,Male,Bengaluru,Electronic City,2025-01-15,Basic,Referral
U00108,41,Male,Pune,Viman Nagar,2025-09-30,Premium,YouTube
U00109,33,Female,Bengaluru,Indiranagar,2026-07-17,Basic,YouTube
U00110,22,Female,Bengaluru,Yelahanka,2025-02-14,Basic,Referral
U00111,38,Male,Bengaluru,Yelahanka,2026-02-16,Basic,Referral
U00112,39,Female,Bengaluru,Jayanagar,2025-07-06,Premium,Referral
U00113,27,Female,Chennai,OMR,2025-06-19,Premium,Referral
U00114,40,Female,Pune,Hinjewadi,2026-08-17,Basic,YouTube
U00115,30,Male,Mumbai,Andheri,2026-02-05,Pro,Referral
U00116,43,Female,Pune,Viman Nagar,2025-09-03,Basic,Referral
U00117,31,Male,Pune,Kothrud,2026-07-06,Basic,Instagram
U00118,24,Male,Bengaluru,Yelahanka,2025-02-12,Premium,Instagram
U00119,37,Male,Chennai,Anna Nagar,2025-06-28,Premium,Google
U00120,23,Female,Hyderabad,Madhapur,2026-04-02,Basic,College/Community
U00121,24,Male,Pune,Baner,2026-06-19,Pro,YouTube
U00122,22,Male,Chennai,Anna Nagar,2025-09-01,Pro,Referral
U00123,38,Female,Bengaluru,Yelahanka,2025-01-17,Basic,Google
U00124,35,Female,Bengaluru,Indiranagar,2025-04-22,Basic,Instagram
U00125,40,Female,Bengaluru,Whitefield,2026-08-21,Basic,College/Community
U00126,29,Male,Hyderabad,Gachibowli,2026-07-01,Basic,College/Community
U00127,23,Male,Pune,Hinjewadi,2025-01-30,Basic,Instagram
U00128,44,Female,Pune,Baner,2025-07-11,Premium,YouTube
U00129,18,Male,Bengaluru,Indiranagar,2026-03-13,Basic,Google
U00130,21,Female,Hyderabad,Gachibowli,2025-06-28,Premium,Google
U00131,36,Male,Bengaluru,Indiranagar,2026-04-19,Basic,YouTube
U00132,29,Female,Bengaluru,Koramangala,2025-05-14,Basic,Referral
U00133,32,Male,Bengaluru,Whitefield,2025-11-08,Basic,YouTube
U00134,20,Male,Bengaluru,Marathahalli,2025-01-25,Basic,Instagram
U00135,40,Female,Chennai,Velachery,2026-01-06,Basic,Google
U00136,44,Male,Bengaluru,Koramangala,2026-06-09,Premium,Google
U00137,45,Male,Hyderabad,Banjara Hills,2025-11-15,Basic,Google
U00138,43,Female,Mumbai,Borivali,2025-08-18,Basic,Referral
U00139,37,Male,Bengaluru,Marathahalli,2025-04-12,Premium,Google
U00140,45,Male,Chennai,Adyar,2026-03-26,Basic,Google
U00141,25,Male,Chennai,OMR,2026-01-13,Basic,Google
U00142,28,Male,Bengaluru,Indiranagar,2025-07-22,Basic,YouTube
U00143,33,Male,Hyderabad,Gachibowli,2025-09-24,Premium,Referral
U00144,26,Female,Bengaluru,Marathahalli,2026-04-07,Basic,Referral
U00145,20,Female,Bengaluru,Koramangala,2025-12-31,Basic,Instagram
U00146,22,Male,Bengaluru,Jayanagar,2025-04-14,Basic,Google
U00147,37,Male,Mumbai,Powai,2025-04-21,Pro,Instagram
U00148,31,Female,Hyderabad,Banjara Hills,2026-03-04,Basic,Instagram
U00149,45,Other,Bengaluru,Whitefield,2026-04-14,Premium,Google
U00150,43,Male,Bengaluru,Whitefield,2026-08-04,Premium,Instagram
U00151,32,Female,Chennai,Velachery,2026-07-15,Basic,Referral
U00152,23,Female,Bengaluru,Jayanagar,2025-09-07,Premium,Other
U00153,44,Male,Bengaluru,Electronic City,2026-04-27,Premium,Instagram
U00154,43,Male,Hyderabad,Gachibowli,2025-11-27,Basic,College/Community
U00155,21,Male,Chennai,OMR,2026-08-10,Basic,Instagram
U00156,25,Female,Bengaluru,Electronic City,2025-07-20,Basic,Referral
U00157,36,Female,Mumbai,Thane,2026-03-30,Basic,Referral
U00158,44,Female,Pune,Wakad,2026-05-19,Premium,College/Community
U00159,22,Male,Bengaluru,Indiranagar,2026-06-30,Basic,Instagram
U00160,30,Female,Mumbai,Thane,2025-04-21,Basic,Google
U00161,33,Female,Bengaluru,Koramangala,2026-06-28,Premium,Instagram
U00162,18,Female,Mumbai,Bandra,2025-07-28,Basic,Google
U00163,30,Male,Mumbai,Powai,2025-02-02,Basic,College/Community
U00164,39,Female,Hyderabad,Gachibowli,2026-07-09,Premium,YouTube
U00165,28,Male,Bengaluru,Indiranagar,2025-04-17,Basic,YouTube
U00166,38,Female,Pune,Baner,2025-09-22,Premium,Referral
U00167,25,Female,Bengaluru,Koramangala,2025-08-14,Basic,College/Community
U00168,42,Male,Bengaluru,Marathahalli,2026-05-02,Basic,Google
U00169,25,Female,Bengaluru,Jayanagar,2025-06-28,Basic,Instagram
U00170,41,Male,Hyderabad,Madhapur,2025-08-10,Basic,College/Community
U00171,45,Female,Mumbai,Thane,2026-01-05,Pro,Google
U00172,31,Male,Bengaluru,Indiranagar,2025-06-16,Pro,Instagram
U00173,30,Female,Hyderabad,Kondapur,2026-07-07,Premium,Instagram
U00174,20,Female,Bengaluru,Indiranagar,2025-10-27,Basic,Referral
U00175,21,Male,Mumbai,Borivali,2026-01-16,Pro,Referral
U00176,44,Male,Bengaluru,Electronic City,2025-02-04,Premium,Google
U00177,37,Male,Mumbai,Bandra,2026-02-11,Basic,YouTube
U00178,32,Male,Bengaluru,Indiranagar,2026-05-17,Premium,YouTube
U00179,32,Female,Chennai,T Nagar,2025-11-10,Basic,Other
U00180,44,Female,Bengaluru,Electronic City,2025-04-11,Basic,Referral
U00181,38,Female,Bengaluru,Yelahanka,2026-07-23,Premium,YouTube
U00182,30,Female,Bengaluru,Koramangala,2025-08-03,Premium,YouTube
U00183,26,Male,Chennai,Anna Nagar,2026-07-30,Basic,Google
U00184,45,Female,Pune,Kothrud,2025-03-03,Basic,Google
U00185,42,Female,Bengaluru,Jayanagar,2026-01-04,Pro,Referral
U00186,27,Male,Mumbai,Andheri,2026-01-03,Premium,Instagram
U00187,29,Male,Pune,Kothrud,2026-07-28,Basic,Google
U00188,31,Male,Hyderabad,Madhapur,2025-04-04,Basic,Referral
U00189,18,Female,Hyderabad,Kukatpally,2026-04-14,Basic,Instagram
U00190,31,Female,Bengaluru,Indiranagar,2025-01-26,Pro,Instagram
U00191,31,Female,Bengaluru,Electronic City,2026-03-11,Basic,Google
U00192,25,Male,Chennai,OMR,2025-05-01,Basic,YouTube
U00193,33,Female,Chennai,T Nagar,2025-02-19,Basic,College/Community
U00194,31,Male,Mumbai,Borivali,2025-02-05,Premium,Referral
U00195,18,Female,Bengaluru,Whitefield,2026-02-14,Basic,Referral
U00196,33,Male,Bengaluru,Indiranagar,2025-10-16,Premium,Google
U00197,35,Male,Mumbai,Bandra,2026-01-14,Basic,Instagram
U00198,24,Female,Chennai,Velachery,2025-04-10,Basic,Instagram
U00199,32,Female,Pune,Kothrud,2025-11-20,Pro,YouTube
U00200,41,Male,Pune,Baner,2025-11-25,Pro,Google
U00201,34,Male,Mumbai,Powai,2025-08-09,Pro,YouTube
U00202,36,Male,Bengaluru,Whitefield,2026-07-21,Pro,YouTube
U00203,40,Male,Bengaluru,HSR Layout,2025-04-20,Premium,Instagram
U00204,30,Male,Chennai,Anna Nagar,2025-05-29,Premium,Referral
U00205,26,Female,Mumbai,Powai,2026-02-10,Premium,Google
U00206,41,Female,Bengaluru,Jayanagar,2026-02-14,Basic,Google
U00207,41,Male,Bengaluru,Jayanagar,2025-05-09,Basic,Referral
U00208,32,Male,Mumbai,Thane,2026-04-29,Basic,Other
U00209,42,Male,Bengaluru,Indiranagar,2025-04-18,Pro,College/Community
U00210,43,Male,Bengaluru,Marathahalli,2026-01-24,Basic,College/Community
U00211,20,Male,Hyderabad,Kukatpally,2026-03-01,Premium,Instagram
U00212,41,Male,Mumbai,Powai,2026-03-23,Basic,Instagram
U00213,18,Male,Mumbai,Powai,2025-03-09,Basic,Instagram
U00214,33,Male,Bengaluru,Yelahanka,2025-03-07,Basic,Google
U00215,25,Male,Mumbai,Thane,2026-07-19,Basic,Google
U00216,40,Male,Bengaluru,Yelahanka,2026-05-19,Basic,Referral
U00217,30,Male,Bengaluru,Marathahalli,2026-05-19,Basic,Referral
U00218,25,Female,Mumbai,Thane,2025-11-17,Premium,College/Community
U00219,34,Female,Mumbai,Andheri,2026-08-03,Basic,Other
U00220,39,Female,Pune,Wakad,2026-03-23,Basic,Instagram
U00221,40,Male,Mumbai,Borivali,2026-07-28,Basic,College/Community
U00222,31,Male,Hyderabad,Kukatpally,2025-07-29,Premium,Referral
U00223,44,Male,Bengaluru,Whitefield,2026-01-05,Premium,Google
U00224,38,Male,Bengaluru,Indiranagar,2026-07-18,Premium,YouTube
U00225,38,Female,Bengaluru,HSR Layout,2026-04-03,Basic,Instagram
U00226,24,Male,Bengaluru,Jayanagar,2026-07-31,Basic,College/Community
U00227,44,Male,Chennai,Adyar,2025-06-12,Premium,YouTube
U00228,32,Female,Bengaluru,Jayanagar,2025-11-28,Premium,College/Community
U00229,33,Male,Chennai,Velachery,2025-12-16,Basic,Other
U00230,36,Other,Mumbai,Powai,2026-04-13,Basic,Referral
U00231,23,Male,Pune,Baner,2026-03-02,Basic,Instagram
U00232,40,Female,Hyderabad,Kondapur,2025-11-23,Basic,Instagram
U00233,18,Male,Hyderabad,Banjara Hills,2025-04-16,Premium,Google
U00234,29,Other,Hyderabad,Kukatpally,2025-09-12,Basic,Instagram
U00235,35,Male,Bengaluru,Electronic City,2025-12-24,Basic,College/Community
U00236,33,Female,Mumbai,Andheri,2026-03-20,Basic,Google
U00237,29,Male,Bengaluru,HSR Layout,2025-04-23,Pro,Other
U00238,37,Female,Bengaluru,Whitefield,2025-01-30,Premium,YouTube
U00239,30,Male,Mumbai,Thane,2026-06-08,Premium,Instagram
U00240,25,Male,Bengaluru,Indiranagar,2025-02-15,Basic,Referral
U00241,44,Female,Chennai,OMR,2025-06-20,Premium,Google
U00242,43,Female,Chennai,OMR,2025-05-10,Basic,Referral
U00243,39,Male,Chennai,OMR,2025-12-19,Basic,Referral
U00244,18,Female,Bengaluru,Jayanagar,2025-07-22,Basic,Instagram
U00245,43,Male,Bengaluru,Yelahanka,2025-08-14,Basic,YouTube
U00246,38,Female,Chennai,OMR,2025-03-21,Basic,Referral
U00247,24,Female,Hyderabad,Kukatpally,2025-11-06,Premium,YouTube
U00248,32,Male,Chennai,Adyar,2025-02-04,Basic,College/Community
U00249,39,Female,Chennai,T Nagar,2026-07-18,Basic,Instagram
U00250,30,Female,Pune,Wakad,2025-06-10,Basic,Instagram
U00251,30,Male,Bengaluru,Marathahalli,2026-08-19,Basic,YouTube
U00252,45,Female,Bengaluru,Whitefield,2026-03-11,Basic,Other
U00253,26,Male,Pune,Wakad,2026-06-22,Basic,Google
U00254,41,Female,Bengaluru,Marathahalli,2025-08-13,Basic,Google
U00255,32,Female,Bengaluru,HSR Layout,2026-03-22,Basic,Instagram
U00256,21,Male,Hyderabad,Kukatpally,2025-11-13,Basic,Google
U00257,30,Female,Chennai,Velachery,2026-02-18,Basic,Google
U00258,44,Female,Mumbai,Andheri,2025-04-05,Basic,Google
U00259,29,Female,Hyderabad,Banjara Hills,2025-08-13,Basic,Referral
U00260,22,Male,Bengaluru,HSR Layout,2026-07-07,Basic,Google
U00261,24,Male,Mumbai,Powai,2025-03-07,Premium,Instagram
U00262,25,Female,Chennai,OMR,2026-02-01,Basic,Google
U00263,22,Male,Bengaluru,Yelahanka,2025-07-29,Basic,College/Community
U00264,26,Male,Hyderabad,Madhapur,2026-04-19,Pro,Referral
U00265,31,Female,Pune,Baner,2026-07-25,Premium,Other
U00266,43,Male,Mumbai,Andheri,2026-05-05,Pro,Referral
U00267,29,Female,Mumbai,Thane,2025-06-29,Premium,Google
U00268,21,Female,Mumbai,Borivali,2026-06-08,Basic,Instagram
U00269,37,Female,Bengaluru,Electronic City,2026-04-04,Basic,YouTube
U00270,25,Male,Bengaluru,HSR Layout,2025-03-09,Premium,Referral
U00271,34,Male,Pune,Baner,2025-11-25,Pro,Referral
U00272,25,Male,Pune,Viman Nagar,2025-07-21,Premium,YouTube
U00273,38,Female,Pune,Wakad,2026-04-20,Premium,YouTube
U00274,44,Male,Chennai,Velachery,2026-06-02,Basic,Instagram
U00275,18,Female,Hyderabad,Gachibowli,2025-01-15,Basic,College/Community
U00276,37,Female,Hyderabad,Kukatpally,2025-02-11,Pro,Referral
U00277,19,Female,Pune,Kothrud,2026-06-27,Premium,Google
U00278,21,Male,Mumbai,Borivali,2025-10-16,Pro,Referral
U00279,41,Male,Mumbai,Powai,2026-06-17,Premium,Referral
U00280,38,Female,Pune,Viman Nagar,2025-09-01,Basic,Instagram
U00281,18,Male,Chennai,Velachery,2026-07-21,Basic,Google
U00282,24,Male,Bengaluru,Electronic City,2026-08-21,Pro,Google
U00283,18,Male,Bengaluru,HSR Layout,2025-06-23,Basic,Google
U00284,26,Female,Bengaluru,Jayanagar,2026-06-18,Basic,Instagram
U00285,20,Female,Hyderabad,Madhapur,2026-05-24,Basic,Instagram
U00286,29,Male,Bengaluru,Marathahalli,2025-09-01,Basic,Instagram
U00287,36,Female,Hyderabad,Madhapur,2025-03-01,Basic,Google
U00288,32,Male,Hyderabad,Kukatpally,2025-04-14,Premium,College/Community
U00289,39,Female,Bengaluru,Yelahanka,2025-10-30,Basic,Instagram
U00290,33,Male,Hyderabad,Kondapur,2025-03-18,Basic,Google
U00291,27,Female,Bengaluru,Indiranagar,2025-01-18,Premium,Google
U00292,39,Male,Bengaluru,Whitefield,2026-06-18,Basic,YouTube
U00293,44,Male,Pune,Hinjewadi,2025-07-03,Premium,Instagram
U00294,44,Male,Bengaluru,Marathahalli,2026-07-04,Basic,Instagram
U00295,23,Male,Bengaluru,Electronic City,2025-10-08,Pro,Instagram
U00296,34,Female,Hyderabad,Kukatpally,2025-10-15,Basic,Other
U00297,38,Male,Pune,Wakad,2026-06-09,Basic,Referral
U00298,45,Male,Bengaluru,Whitefield,2026-04-19,Premium,Instagram
U00299,39,Male,Mumbai,Bandra,2025-09-24,Premium,Google
U00300,41,Male,Bengaluru,Indiranagar,2025-12-23,Basic,Instagram
U00301,34,Male,Bengaluru,HSR Layout,2025-01-01,Pro,Instagram
U00302,38,Male,Hyderabad,Banjara Hills,2025-01-27,Basic,YouTube
U00303,36,Male,Hyderabad,Gachibowli,2026-07-02,Pro,Referral
U00304,35,Male,Mumbai,Thane,2025-06-09,Basic,Referral
U00305,28,Male,Mumbai,Andheri,2026-02-03,Basic,Google
U00306,41,Female,Chennai,Anna Nagar,2026-06-27,Basic,Referral
U00307,24,Female,Hyderabad,Gachibowli,2025-05-07,Basic,Google
U00308,27,Male,Bengaluru,HSR Layout,2025-07-29,Basic,Google
U00309,24,Female,Pune,Wakad,2025-05-30,Basic,Referral
U00310,22,Female,Bengaluru,Whitefield,2025-01-31,Basic,Instagram
U00311,29,Male,Hyderabad,Madhapur,2025-10-29,Basic,Referral
U00312,33,Female,Bengaluru,Jayanagar,2025-09-14,Basic,College/Community
U00313,42,Male,Bengaluru,Jayanagar,2025-02-26,Premium,Instagram
U00314,38,Female,Chennai,Velachery,2025-01-09,Basic,College/Community
U00315,35,Male,Pune,Viman Nagar,2025-01-05,Premium,Instagram
U00316,20,Male,Mumbai,Bandra,2025-04-24,Pro,Google
U00317,37,Male,Bengaluru,Electronic City,2025-07-24,Premium,Referral
U00318,32,Other,Bengaluru,Marathahalli,2025-01-24,Pro,Referral
U00319,22,Female,Bengaluru,Koramangala,2026-05-08,Basic,Instagram
U00320,30,Male,Bengaluru,Marathahalli,2026-02-10,Basic,YouTube
U00321,36,Male,Hyderabad,Gachibowli,2025-04-13,Basic,Other
U00322,29,Male,Mumbai,Andheri,2025-03-01,Basic,Instagram
U00323,40,Male,Mumbai,Thane,2025-03-27,Premium,College/Community
U00324,38,Male,Bengaluru,Jayanagar,2026-01-07,Basic,Referral
U00325,22,Male,Chennai,Adyar,2026-08-19,Basic,Other
U00326,23,Female,Mumbai,Borivali,2025-07-21,Premium,Instagram
U00327,24,Female,Hyderabad,Gachibowli,2025-03-30,Basic,YouTube
U00328,43,Male,Mumbai,Thane,2026-03-13,Basic,Instagram
U00329,27,Male,Bengaluru,Indiranagar,2025-04-30,Basic,College/Community
U00330,33,Female,Bengaluru,Yelahanka,2025-06-05,Pro,YouTube
U00331,25,Female,Bengaluru,HSR Layout,2026-02-03,Premium,Google
U00332,26,Female,Pune,Baner,2025-07-07,Basic,Instagram
U00333,44,Female,Bengaluru,Jayanagar,2025-02-21,Basic,College/Community
U00334,21,Female,Bengaluru,Indiranagar,2026-06-15,Basic,Referral
U00335,38,Male,Bengaluru,Indiranagar,2026-04-25,Basic,Google
U00336,38,Male,Bengaluru,Koramangala,2026-08-10,Premium,Google
U00337,25,Female,Pune,Kothrud,2025-08-18,Basic,College/Community
U00338,42,Male,Mumbai,Andheri,2026-04-26,Basic,Google
U00339,24,Male,Hyderabad,Kondapur,2025-05-10,Pro,Instagram
U00340,32,Male,Bengaluru,Whitefield,2025-02-24,Premium,College/Community
U00341,38,Female,Hyderabad,Kondapur,2025-09-28,Premium,Google
U00342,20,Other,Hyderabad,Gachibowli,2025-04-10,Basic,Google
U00343,34,Male,Bengaluru,Electronic City,2025-03-10,Basic,Instagram
U00344,28,Male,Hyderabad,Gachibowli,2025-10-26,Basic,College/Community
U00345,26,Female,Bengaluru,Koramangala,2026-06-13,Basic,Instagram
U00346,22,Male,Mumbai,Thane,2025-12-20,Basic,Referral
U00347,42,Male,Mumbai,Andheri,2025-06-01,Premium,College/Community
U00348,27,Female,Bengaluru,Whitefield,2025-11-26,Pro,Instagram
U00349,32,Male,Bengaluru,Koramangala,2025-04-26,Basic,College/Community
U00350,45,Male,Mumbai,Thane,2026-06-26,Basic,Google
U00351,31,Female,Hyderabad,Gachibowli,2025-11-19,Premium,Referral
U00352,21,Male,Pune,Hinjewadi,2026-07-17,Pro,Google
U00353,38,Female,Mumbai,Bandra,2026-07-26,Premium,YouTube
U00354,37,Male,Bengaluru,Whitefield,2025-08-17,Basic,Google
U00355,19,Male,Bengaluru,Indiranagar,2025-12-26,Basic,Instagram
U00356,29,Male,Mumbai,Andheri,2025-01-05,Premium,Other
U00357,18,Male,Bengaluru,HSR Layout,2025-01-28,Premium,Instagram
U00358,41,Female,Hyderabad,Gachibowli,2025-12-30,Basic,College/Community
U00359,37,Female,Chennai,Adyar,2026-04-07,Basic,Instagram
U00360,22,Female,Hyderabad,Kukatpally,2025-08-19,Premium,Google
U00361,23,Male,Bengaluru,Marathahalli,2026-01-30,Basic,College/Community
U00362,41,Female,Mumbai,Bandra,2025-09-28,Premium,Instagram
U00363,28,Male,Hyderabad,Banjara Hills,2025-10-31,Basic,College/Community
U00364,25,Female,Hyderabad,Banjara Hills,2026-01-18,Premium,Referral
U00365,24,Female,Chennai,Anna Nagar,2026-07-12,Basic,Google
U00366,21,Male,Bengaluru,Whitefield,2025-01-28,Basic,Referral
U00367,23,Male,Chennai,Adyar,2026-06-03,Premium,Google
U00368,33,Male,Chennai,Velachery,2025-07-18,Premium,Google
U00369,37,Male,Bengaluru,Koramangala,2025-03-23,Pro,YouTube
U00370,32,Female,Bengaluru,Indiranagar,2025-03-29,Basic,Google
U00371,31,Male,Bengaluru,Marathahalli,2026-01-25,Premium,Instagram
U00372,40,Male,Bengaluru,HSR Layout,2026-08-03,Basic,College/Community
U00373,29,Male,Bengaluru,Koramangala,2026-03-27,Basic,College/Community
U00374,29,Female,Mumbai,Thane,2026-03-09,Premium,Referral
U00375,33,Male,Bengaluru,Marathahalli,2026-01-09,Basic,Referral
U00376,32,Male,Bengaluru,Jayanagar,2026-03-11,Basic,YouTube
U00377,30,Male,Pune,Baner,2025-07-06,Basic,Referral
U00378,28,Female,Bengaluru,Marathahalli,2026-01-25,Basic,Google
U00379,34,Male,Pune,Baner,2025-08-06,Pro,Other
U00380,38,Female,Bengaluru,Marathahalli,2025-04-18,Premium,Instagram
U00381,32,Male,Bengaluru,Indiranagar,2026-07-04,Basic,Referral
U00382,31,Male,Mumbai,Borivali,2025-12-15,Premium,College/Community
U00383,27,Male,Mumbai,Thane,2026-06-06,Basic,YouTube
U00384,29,Male,Pune,Baner,2025-01-26,Basic,College/Community
U00385,33,Male,Mumbai,Borivali,2025-02-17,Basic,Google
U00386,32,Male,Pune,Wakad,2026-01-05,Basic,Google
U00387,27,Female,Bengaluru,Marathahalli,2025-01-14,Basic,College/Community
U00388,21,Male,Bengaluru,Koramangala,2025-07-06,Premium,Google
U00389,44,Male,Pune,Kothrud,2026-06-08,Basic,YouTube
U00390,40,Female,Pune,Wakad,2025-10-06,Basic,Instagram
U00391,26,Male,Chennai,OMR,2025-12-07,Basic,YouTube
U00392,38,Female,Bengaluru,Whitefield,2025-11-24,Basic,Referral
U00393,37,Female,Bengaluru,Electronic City,2025-01-25,Pro,Google
U00394,26,Male,Pune,Wakad,2026-06-13,Basic,Referral
U00395,38,Female,Bengaluru,Indiranagar,2026-03-02,Premium,YouTube
U00396,42,Male,Chennai,Anna Nagar,2025-01-29,Basic,Instagram
U00397,41,Male,Pune,Baner,2025-11-19,Basic,Referral
U00398,37,Male,Hyderabad,Banjara Hills,2025-11-09,Basic,Referral
U00399,28,Male,Pune,Baner,2026-08-07,Pro,Instagram
U00400,28,Male,Pune,Viman Nagar,2025-09-27,Basic,YouTube
U00401,24,Male,Bengaluru,Jayanagar,2025-10-22,Basic,Google
U00402,38,Male,Chennai,Anna Nagar,2025-08-11,Pro,Google
U00403,27,Male,Hyderabad,Madhapur,2025-03-16,Premium,Referral
U00404,21,Male,Pune,Baner,2025-04-12,Basic,YouTube
U00405,22,Male,Bengaluru,Jayanagar,2026-06-16,Pro,Other
U00406,22,Male,Chennai,Anna Nagar,2025-06-22,Premium,Instagram
U00407,28,Male,Bengaluru,Whitefield,2025-01-04,Basic,Google
U00408,26,Female,Bengaluru,Indiranagar,2026-04-24,Basic,Instagram
U00409,45,Male,Chennai,Velachery,2026-01-30,Basic,YouTube
U00410,33,Female,Bengaluru,Jayanagar,2025-06-16,Basic,Google
U00411,26,Female,Bengaluru,Marathahalli,2025-10-27,Premium,YouTube
U00412,39,Male,Chennai,Velachery,2025-04-28,Basic,Google
U00413,21,Female,Chennai,Velachery,2026-05-27,Basic,College/Community
U00414,19,Male,Hyderabad,Madhapur,2025-06-24,Premium,Referral
U00415,31,Male,Mumbai,Borivali,2025-06-08,Basic,Other
U00416,20,Female,Hyderabad,Kukatpally,2026-01-19,Pro,Instagram
U00417,35,Male,Bengaluru,Indiranagar,2025-08-15,Pro,Referral
U00418,38,Female,Bengaluru,Indiranagar,2025-02-07,Pro,YouTube
U00419,23,Male,Mumbai,Powai,2026-04-08,Premium,Referral
U00420,28,Male,Pune,Viman Nagar,2026-03-07,Basic,Instagram
U00421,38,Male,Pune,Baner,2025-04-14,Basic,Other
U00422,35,Male,Pune,Viman Nagar,2025-07-12,Basic,Google
U00423,29,Male,Bengaluru,Jayanagar,2025-09-07,Basic,Instagram
U00424,22,Male,Hyderabad,Madhapur,2025-01-13,Basic,Referral
U00425,26,Female,Bengaluru,HSR Layout,2026-07-21,Basic,Referral
U00426,37,Male,Hyderabad,Madhapur,2026-08-20,Pro,YouTube
U00427,45,Male,Hyderabad,Kukatpally,2026-07-09,Pro,Google
U00428,43,Male,Pune,Wakad,2026-01-23,Basic,Google
U00429,35,Female,Bengaluru,Koramangala,2025-03-12,Basic,Referral
U00430,36,Male,Bengaluru,Koramangala,2026-07-25,Basic,Google
U00431,20,Male,Bengaluru,Koramangala,2026-03-14,Premium,College/Community
U00432,26,Female,Pune,Wakad,2025-02-13,Premium,College/Community
U00433,21,Male,Mumbai,Powai,2025-09-29,Basic,Google
U00434,34,Male,Bengaluru,Koramangala,2025-01-14,Basic,Instagram
U00435,34,Female,Bengaluru,Electronic City,2026-01-06,Basic,College/Community
U00436,40,Female,Mumbai,Thane,2025-04-22,Pro,Instagram
U00437,40,Male,Bengaluru,Jayanagar,2026-01-14,Basic,Instagram
U00438,19,Male,Pune,Viman Nagar,2025-11-10,Basic,Instagram
U00439,26,Female,Mumbai,Bandra,2026-02-19,Premium,Instagram
U00440,26,Male,Bengaluru,HSR Layout,2026-04-30,Premium,College/Community
U00441,22,Female,Bengaluru,Indiranagar,2025-06-18,Premium,Referral
U00442,32,Male,Chennai,Adyar,2025-09-03,Basic,Other
U00443,32,Male,Bengaluru,Jayanagar,2025-09-23,Premium,Instagram
U00444,20,Male,Bengaluru,Electronic City,2025-08-31,Basic,Referral
U00445,36,Female,Pune,Hinjewadi,2025-10-27,Basic,Other
U00446,45,Female,Chennai,OMR,2025-11-23,Basic,College/Community
U00447,20,Female,Chennai,T Nagar,2026-06-14,Basic,YouTube
U00448,23,Female,Pune,Hinjewadi,2026-08-18,Basic,Instagram
U00449,21,Male,Bengaluru,HSR Layout,2025-12-08,Pro,YouTube
U00450,41,Male,Bengaluru,Indiranagar,2026-07-08,Basic,Google
U00451,30,Female,Pune,Baner,2025-09-06,Pro,Referral
U00452,44,Female,Hyderabad,Gachibowli,2026-01-15,Basic,Referral
U00453,30,Female,Hyderabad,Madhapur,2026-06-16,Basic,Referral
U00454,44,Female,Chennai,Adyar,2026-01-16,Premium,YouTube
U00455,28,Male,Bengaluru,Marathahalli,2025-02-11,Premium,Referral
U00456,22,Male,Hyderabad,Gachibowli,2025-12-11,Basic,Instagram
U00457,18,Female,Bengaluru,Whitefield,2026-08-22,Premium,Google
U00458,26,Male,Hyderabad,Kukatpally,2025-09-18,Basic,Referral
U00459,34,Male,Bengaluru,HSR Layout,2025-11-02,Pro,Google
U00460,39,Female,Bengaluru,Marathahalli,2025-08-28,Basic,Google
U00461,18,Male,Bengaluru,Yelahanka,2025-11-09,Premium,Instagram
U00462,20,Female,Mumbai,Thane,2026-03-17,Basic,Google
U00463,32,Male,Mumbai,Thane,2025-05-13,Premium,Other
U00464,43,Female,Hyderabad,Madhapur,2025-02-20,Premium,Google
U00465,38,Female,Chennai,Anna Nagar,2026-01-27,Basic,Referral
U00466,43,Male,Bengaluru,Jayanagar,2026-06-07,Pro,YouTube
U00467,40,Male,Bengaluru,Yelahanka,2026-05-23,Basic,Instagram
U00468,27,Male,Pune,Wakad,2025-12-20,Basic,College/Community
U00469,25,Male,Bengaluru,Indiranagar,2026-01-30,Premium,Google
U00470,29,Male,Chennai,Adyar,2025-04-06,Basic,College/Community
U00471,42,Female,Bengaluru,Jayanagar,2025-04-16,Basic,Instagram
U00472,39,Male,Chennai,T Nagar,2026-05-28,Basic,Instagram
U00473,32,Male,Bengaluru,Yelahanka,2026-07-12,Premium,Google
U00474,44,Male,Chennai,Adyar,2025-08-30,Basic,Google
U00475,26,Female,Hyderabad,Madhapur,2026-05-03,Basic,College/Community
U00476,41,Male,Chennai,OMR,2026-05-30,Premium,Instagram
U00477,42,Female,Bengaluru,Whitefield,2025-03-02,Premium,Referral
U00478,27,Female,Hyderabad,Gachibowli,2026-02-20,Pro,Instagram
U00479,37,Female,Chennai,OMR,2025-10-21,Premium,College/Community
U00480,26,Female,Hyderabad,Kondapur,2025-10-29,Premium,YouTube
U00481,32,Male,Mumbai,Andheri,2025-06-19,Basic,Referral
U00482,40,Female,Mumbai,Bandra,2025-02-10,Basic,Instagram
U00483,38,Male,Hyderabad,Madhapur,2025-08-19,Premium,Referral
U00484,38,Female,Mumbai,Borivali,2026-02-13,Pro,Instagram
U00485,18,Female,Hyderabad,Kukatpally,2025-10-24,Premium,Instagram
U00486,19,Male,Chennai,Anna Nagar,2026-03-31,Basic,Referral
U00487,43,Male,Bengaluru,HSR Layout,2025-02-26,Basic,Other
U00488,36,Male,Bengaluru,HSR Layout,2025-08-28,Basic,College/Community
U00489,31,Female,Chennai,OMR,2026-08-21,Premium,Referral
U00490,25,Male,Chennai,Velachery,2025-06-25,Premium,Referral
U00491,23,Male,Hyderabad,Kukatpally,2025-03-04,Basic,Other
U00492,29,Male,Mumbai,Bandra,2026-07-05,Basic,Referral
U00493,43,Male,Bengaluru,Jayanagar,2025-05-18,Pro,Google
U00494,44,Female,Bengaluru,Jayanagar,2026-03-30,Premium,College/Community
U00495,32,Female,Hyderabad,Madhapur,2026-03-25,Basic,Instagram
U00496,31,Male,Bengaluru,Marathahalli,2025-08-14,Basic,Instagram
U00497,38,Male,Hyderabad,Madhapur,2026-03-19,Pro,Referral
U00498,18,Male,Bengaluru,Koramangala,2025-07-25,Premium,Instagram
U00499,45,Male,Chennai,OMR,2025-01-27,Basic,Google
U00500,28,Female,Chennai,Velachery,2026-04-02,Basic,Google
U00501,45,Male,Mumbai,Bandra,2025-04-17,Basic,Referral
U00502,42,Male,Hyderabad,Kondapur,2026-03-20,Basic,Other
U00503,20,Female,Bengaluru,Yelahanka,2025-02-05,Premium,Instagram
U00504,36,Female,Pune,Kothrud,2026-08-20,Basic,Google
U00505,35,Male,Mumbai,Powai,2025-06-04,Premium,Instagram
U00506,37,Male,Bengaluru,Whitefield,2025-06-18,Premium,Referral
U00507,45,Male,Chennai,Anna Nagar,2025-09-29,Basic,YouTube
U00508,19,Female,Pune,Hinjewadi,2026-07-01,Basic,Referral
U00509,42,Female,Chennai,Adyar,2026-02-24,Basic,Instagram
U00510,45,Male,Mumbai,Bandra,2025-07-03,Basic,Referral
U00511,43,Male,Mumbai,Powai,2025-08-25,Basic,Referral
U00512,24,Female,Bengaluru,Marathahalli,2026-05-24,Premium,Instagram
U00513,25,Female,Chennai,Anna Nagar,2026-03-17,Premium,Google
U00514,36,Other,Pune,Viman Nagar,2025-05-02,Premium,Google
U00515,39,Male,Bengaluru,Koramangala,2026-02-21,Premium,Other
U00516,32,Male,Bengaluru,Jayanagar,2026-06-19,Premium,College/Community
U00517,27,Male,Bengaluru,Marathahalli,2026-01-10,Premium,YouTube
U00518,39,Male,Pune,Kothrud,2026-07-29,Basic,College/Community
U00519,18,Male,Chennai,OMR,2025-11-22,Pro,YouTube
U00520,23,Male,Bengaluru,Electronic City,2026-04-25,Basic,College/Community
U00521,30,Male,Hyderabad,Kondapur,2025-05-30,Basic,Instagram
U00522,31,Female,Bengaluru,Marathahalli,2026-08-15,Basic,Google
U00523,20,Male,Chennai,Adyar,2026-05-05,Pro,YouTube
U00524,28,Female,Pune,Baner,2025-06-02,Pro,Referral
U00525,20,Male,Pune,Wakad,2025-01-17,Premium,Instagram
U00526,36,Female,Hyderabad,Banjara Hills,2026-07-05,Premium,Google
U00527,27,Male,Bengaluru,Electronic City,2025-12-14,Basic,Google
U00528,44,Female,Bengaluru,Koramangala,2026-04-04,Pro,Google
U00529,32,Male,Bengaluru,Jayanagar,2025-07-21,Premium,Google
U00530,28,Male,Pune,Baner,2026-02-27,Pro,Referral
U00531,32,Female,Pune,Baner,2025-10-07,Basic,College/Community
U00532,43,Male,Chennai,OMR,2026-02-26,Basic,YouTube
U00533,44,Male,Chennai,Adyar,2026-08-23,Premium,College/Community
U00534,41,Female,Hyderabad,Banjara Hills,2026-04-10,Basic,College/Community
U00535,30,Female,Pune,Viman Nagar,2025-12-21,Pro,Google
U00536,22,Male,Chennai,OMR,2026-08-05,Basic,Google
U00537,21,Male,Pune,Kothrud,2026-01-13,Pro,Instagram
U00538,30,Male,Bengaluru,Indiranagar,2025-05-04,Basic,Other
U00539,26,Male,Hyderabad,Madhapur,2025-03-21,Premium,Instagram
U00540,42,Female,Bengaluru,Whitefield,2026-07-11,Basic,YouTube
U00541,34,Male,Chennai,Anna Nagar,2025-08-21,Premium,Google
U00542,19,Male,Mumbai,Powai,2026-04-25,Basic,Other
U00543,41,Other,Bengaluru,Koramangala,2025-06-03,Pro,Google
U00544,22,Male,Mumbai,Bandra,2026-02-13,Premium,College/Community
U00545,33,Female,Mumbai,Bandra,2025-01-31,Basic,Google
U00546,24,Male,Bengaluru,Marathahalli,2026-08-20,Pro,Google
U00547,18,Male,Bengaluru,Koramangala,2026-07-11,Basic,Referral
U00548,45,Female,Mumbai,Andheri,2026-05-18,Basic,Other
U00549,43,Male,Hyderabad,Banjara Hills,2026-01-06,Basic,Referral
U00550,29,Male,Pune,Hinjewadi,2025-11-19,Premium,Other
U00551,38,Male,Hyderabad,Banjara Hills,2025-11-28,Basic,YouTube
U00552,28,Male,Pune,Baner,2025-08-31,Basic,YouTube
U00553,29,Male,Hyderabad,Kukatpally,2026-07-06,Pro,Google
U00554,36,Male,Hyderabad,Kondapur,2026-03-06,Premium,Google
U00555,43,Male,Pune,Viman Nagar,2025-07-01,Basic,Instagram
U00556,29,Male,Bengaluru,Whitefield,2026-04-18,Premium,Other
U00557,29,Female,Bengaluru,Jayanagar,2026-01-11,Pro,Other
U00558,31,Male,Bengaluru,HSR Layout,2025-03-22,Basic,YouTube
U00559,19,Male,Pune,Baner,2026-07-04,Premium,Google
U00560,19,Female,Mumbai,Andheri,2026-02-24,Basic,Instagram
U00561,42,Male,Mumbai,Borivali,2026-04-12,Premium,Other
U00562,21,Female,Bengaluru,Koramangala,2026-03-04,Basic,Instagram
U00563,37,Female,Bengaluru,Jayanagar,2025-02-26,Premium,College/Community
U00564,40,Male,Bengaluru,Koramangala,2025-11-18,Basic,Google
U00565,43,Male,Bengaluru,Indiranagar,2026-06-26,Premium,Google
U00566,33,Female,Hyderabad,Kondapur,2026-05-10,Basic,College/Community
U00567,27,Male,Bengaluru,Whitefield,2025-09-23,Basic,Instagram
U00568,30,Female,Hyderabad,Banjara Hills,2025-08-15,Basic,Google
U00569,19,Male,Chennai,Velachery,2025-02-23,Premium,Other
U00570,20,Male,Bengaluru,Yelahanka,2025-01-04,Basic,YouTube
U00571,36,Male,Hyderabad,Kondapur,2026-03-15,Basic,YouTube
U00572,23,Male,Pune,Baner,2025-11-06,Basic,YouTube
U00573,36,Male,Bengaluru,Indiranagar,2025-03-30,Premium,Instagram
U00574,44,Female,Mumbai,Bandra,2025-11-16,Basic,Instagram
U00575,38,Female,Pune,Hinjewadi,2026-01-10,Premium,Referral
U00576,37,Female,Chennai,OMR,2026-05-16,Basic,Google
U00577,36,Male,Bengaluru,Indiranagar,2025-08-22,Basic,Google
U00578,25,Female,Chennai,Anna Nagar,2025-12-03,Basic,YouTube
U00579,31,Female,Hyderabad,Gachibowli,2026-07-25,Pro,Instagram
U00580,27,Female,Bengaluru,Marathahalli,2025-07-04,Basic,Referral
U00581,20,Male,Hyderabad,Banjara Hills,2026-03-14,Basic,Instagram
U00582,23,Female,Chennai,Velachery,2026-07-10,Basic,Instagram
U00583,32,Female,Hyderabad,Banjara Hills,2025-06-29,Premium,Google
U00584,40,Male,Bengaluru,Electronic City,2025-03-17,Basic,College/Community
U00585,40,Other,Mumbai,Bandra,2025-09-29,Premium,Instagram
U00586,35,Male,Bengaluru,Marathahalli,2025-02-24,Basic,Referral
U00587,31,Male,Bengaluru,Koramangala,2025-03-18,Basic,YouTube
U00588,36,Female,Bengaluru,Whitefield,2025-10-23,Basic,Instagram
U00589,45,Male,Bengaluru,Koramangala,2025-08-07,Premium,Referral
U00590,43,Female,Bengaluru,Electronic City,2025-10-04,Premium,College/Community
U00591,27,Female,Bengaluru,Yelahanka,2026-08-01,Basic,Referral
U00592,32,Male,Mumbai,Bandra,2025-09-23,Pro,Instagram
U00593,21,Male,Bengaluru,Whitefield,2025-02-12,Basic,Referral
U00594,40,Female,Bengaluru,Indiranagar,2025-12-27,Premium,Referral
U00595,19,Female,Chennai,OMR,2025-08-16,Basic,Instagram
U00596,20,Female,Hyderabad,Banjara Hills,2025-08-15,Basic,Instagram
U00597,24,Female,Mumbai,Thane,2025-03-04,Premium,Instagram
U00598,40,Male,Bengaluru,Marathahalli,2025-06-20,Premium,Instagram
U00599,33,Male,Bengaluru,HSR Layout,2025-11-03,Basic,Google
U00600,27,Female,Bengaluru,Yelahanka,2026-07-22,Basic,Google
U00601,36,Male,Bengaluru,Koramangala,2025-02-03,Basic,Google
U00602,45,Male,Bengaluru,HSR Layout,2025-05-10,Premium,College/Community
U00603,34,Female,Bengaluru,HSR Layout,2026-01-29,Basic,Referral
U00604,45,Female,Bengaluru,Indiranagar,2025-05-31,Premium,College/Community
U00605,36,Female,Bengaluru,Whitefield,2026-01-19,Basic,Referral
U00606,22,Male,Hyderabad,Banjara Hills,2025-01-17,Basic,Instagram
U00607,40,Female,Bengaluru,Jayanagar,2026-08-17,Basic,Google
U00608,37,Female,Bengaluru,Electronic City,2025-01-14,Basic,College/Community
U00609,30,Female,Hyderabad,Banjara Hills,2025-03-22,Basic,Instagram
U00610,30,Female,Mumbai,Andheri,2025-07-26,Basic,Instagram
U00611,28,Male,Bengaluru,Koramangala,2025-07-23,Premium,Google
U00612,28,Female,Pune,Hinjewadi,2026-01-14,Basic,Google
U00613,33,Female,Mumbai,Thane,2026-06-28,Premium,Google
U00614,32,Male,Bengaluru,Indiranagar,2025-01-23,Basic,Instagram
U00615,34,Male,Pune,Wakad,2025-06-11,Pro,Google
U00616,39,Female,Chennai,Anna Nagar,2025-05-24,Pro,YouTube
U00617,35,Male,Bengaluru,Indiranagar,2025-04-14,Premium,Google
U00618,45,Male,Bengaluru,Indiranagar,2026-01-17,Premium,Referral
U00619,36,Male,Pune,Baner,2026-03-31,Basic,Referral
U00620,21,Male,Mumbai,Thane,2026-02-21,Premium,Referral
U00621,39,Male,Bengaluru,Marathahalli,2025-11-20,Pro,Instagram
U00622,39,Male,Bengaluru,Indiranagar,2025-06-20,Basic,Referral
U00623,40,Female,Bengaluru,Indiranagar,2026-07-30,Basic,Instagram
U00624,22,Female,Hyderabad,Gachibowli,2026-08-06,Basic,Google
U00625,24,Female,Mumbai,Thane,2025-10-01,Basic,Referral
U00626,19,Male,Bengaluru,Indiranagar,2026-03-28,Basic,Instagram
U00627,18,Female,Hyderabad,Madhapur,2025-05-05,Basic,Google
U00628,29,Female,Mumbai,Thane,2026-01-18,Basic,Instagram
U00629,27,Female,Bengaluru,Marathahalli,2025-11-13,Pro,Instagram
U00630,25,Male,Bengaluru,Electronic City,2025-04-17,Basic,Google
U00631,18,Male,Mumbai,Andheri,2026-04-08,Premium,Other
U00632,29,Female,Chennai,T Nagar,2026-03-06,Basic,Google
U00633,19,Female,Hyderabad,Banjara Hills,2025-12-03,Basic,Google
U00634,44,Female,Hyderabad,Kondapur,2026-05-11,Basic,Referral
U00635,45,Female,Bengaluru,Marathahalli,2025-12-28,Basic,Referral
U00636,27,Male,Hyderabad,Gachibowli,2026-03-08,Basic,Other
U00637,39,Female,Hyderabad,Gachibowli,2026-06-04,Basic,College/Community
U00638,34,Male,Bengaluru,Electronic City,2026-02-10,Basic,YouTube
U00639,43,Female,Bengaluru,Jayanagar,2026-01-12,Premium,Other
U00640,20,Other,Bengaluru,Indiranagar,2025-06-01,Basic,Instagram
U00641,24,Female,Bengaluru,Whitefield,2025-11-18,Basic,Referral
U00642,29,Male,Bengaluru,Electronic City,2025-08-02,Basic,College/Community
U00643,25,Male,Bengaluru,Indiranagar,2026-07-30,Basic,Referral
U00644,37,Female,Bengaluru,HSR Layout,2025-03-06,Basic,Other
U00645,29,Female,Bengaluru,Marathahalli,2025-09-27,Basic,Instagram
U00646,20,Male,Chennai,Velachery,2026-06-21,Basic,Google
U00647,34,Male,Hyderabad,Kukatpally,2025-04-10,Basic,Other
U00648,45,Male,Mumbai,Powai,2025-04-15,Basic,Google
U00649,26,Female,Pune,Viman Nagar,2025-05-11,Basic,YouTube
U00650,27,Female,Hyderabad,Kondapur,2026-01-24,Premium,Instagram
U00651,39,Female,Bengaluru,Electronic City,2025-11-17,Basic,YouTube
U00652,23,Male,Hyderabad,Gachibowli,2026-03-14,Basic,Other
U00653,42,Female,Hyderabad,Kondapur,2025-01-19,Pro,Google
U00654,18,Male,Mumbai,Bandra,2025-08-13,Premium,Instagram
U00655,39,Male,Hyderabad,Kukatpally,2026-07-20,Basic,Instagram
U00656,29,Female,Bengaluru,HSR Layout,2026-04-05,Pro,College/Community
U00657,22,Male,Bengaluru,Jayanagar,2026-01-29,Basic,YouTube
U00658,30,Male,Bengaluru,Yelahanka,2025-08-14,Basic,Instagram
U00659,44,Female,Mumbai,Andheri,2025-12-26,Pro,Instagram
U00660,32,Male,Hyderabad,Kukatpally,2026-03-06,Premium,College/Community
U00661,39,Male,Bengaluru,Yelahanka,2025-01-15,Basic,College/Community
U00662,28,Male,Chennai,Velachery,2026-07-14,Premium,Instagram
U00663,25,Female,Mumbai,Thane,2026-06-30,Premium,Google
U00664,22,Female,Bengaluru,Indiranagar,2026-02-18,Basic,YouTube
U00665,19,Male,Bengaluru,Marathahalli,2025-12-21,Basic,Referral
U00666,29,Female,Bengaluru,Yelahanka,2026-04-02,Basic,Other
U00667,45,Male,Bengaluru,Koramangala,2026-06-15,Pro,Referral
U00668,19,Male,Bengaluru,HSR Layout,2025-07-15,Basic,YouTube
U00669,43,Male,Bengaluru,Electronic City,2025-04-25,Premium,Referral
U00670,33,Female,Bengaluru,Whitefield,2026-02-21,Basic,Other
U00671,38,Male,Bengaluru,Jayanagar,2025-12-18,Basic,Google
U00672,20,Female,Chennai,Velachery,2025-03-16,Premium,Instagram
U00673,27,Male,Bengaluru,Koramangala,2025-02-05,Premium,Google
U00674,36,Other,Hyderabad,Kondapur,2025-08-30,Basic,College/Community
U00675,25,Female,Bengaluru,Jayanagar,2025-03-04,Basic,Referral
U00676,24,Female,Chennai,T Nagar,2026-05-24,Basic,Google
U00677,18,Female,Bengaluru,Jayanagar,2025-07-07,Basic,Referral
U00678,29,Female,Bengaluru,Yelahanka,2025-04-03,Basic,Instagram
U00679,45,Female,Chennai,Anna Nagar,2025-01-05,Premium,Instagram
U00680,22,Male,Pune,Viman Nagar,2026-03-14,Basic,Google
U00681,33,Male,Pune,Viman Nagar,2025-06-15,Basic,Referral
U00682,42,Female,Bengaluru,Whitefield,2026-03-22,Basic,YouTube
U00683,21,Male,Bengaluru,HSR Layout,2025-01-25,Pro,College/Community
U00684,34,Male,Mumbai,Andheri,2026-05-23,Basic,Other
U00685,41,Male,Chennai,OMR,2025-04-08,Premium,Google
U00686,38,Male,Hyderabad,Kondapur,2025-09-25,Basic,YouTube
U00687,19,Female,Hyderabad,Banjara Hills,2026-01-28,Basic,Instagram
U00688,29,Male,Bengaluru,Koramangala,2026-08-19,Basic,Instagram
U00689,18,Female,Pune,Wakad,2025-10-12,Basic,Instagram
U00690,29,Female,Bengaluru,HSR Layout,2025-04-19,Premium,Google
U00691,29,Female,Bengaluru,Electronic City,2025-01-27,Basic,Instagram
U00692,29,Male,Hyderabad,Kukatpally,2025-02-24,Premium,Google
U00693,36,Male,Hyderabad,Kondapur,2025-05-13,Basic,Referral
U00694,42,Female,Bengaluru,Electronic City,2025-02-21,Basic,Google
U00695,34,Female,Bengaluru,Koramangala,2026-05-08,Basic,Referral
U00696,37,Female,Mumbai,Thane,2025-10-25,Premium,Google
U00697,41,Male,Bengaluru,Yelahanka,2026-02-03,Premium,Instagram
U00698,41,Male,Hyderabad,Madhapur,2026-08-14,Premium,Instagram
U00699,43,Female,Bengaluru,Whitefield,2025-01-18,Basic,Instagram
U00700,45,Male,Hyderabad,Madhapur,2026-07-13,Premium,Instagram
U00701,28,Female,Hyderabad,Madhapur,2025-09-03,Basic,Referral
U00702,30,Female,Bengaluru,Indiranagar,2026-05-18,Premium,YouTube
U00703,44,Female,Bengaluru,Koramangala,2025-03-30,Pro,Google
U00704,25,Male,Bengaluru,Jayanagar,2025-07-22,Basic,Google
U00705,27,Female,Bengaluru,HSR Layout,2025-08-28,Basic,College/Community
U00706,25,Other,Chennai,Velachery,2026-05-05,Premium,Instagram
U00707,37,Female,Bengaluru,HSR Layout,2025-01-13,Premium,Instagram
U00708,25,Female,Pune,Baner,2025-11-11,Basic,Referral
U00709,26,Female,Bengaluru,Whitefield,2025-07-17,Pro,Referral
U00710,24,Female,Mumbai,Bandra,2025-08-31,Basic,Referral
U00711,31,Female,Pune,Kothrud,2026-05-22,Basic,YouTube
U00712,45,Male,Hyderabad,Kondapur,2025-02-12,Basic,Instagram
U00713,19,Male,Hyderabad,Kondapur,2025-11-26,Premium,Google
U00714,42,Male,Bengaluru,Whitefield,2026-08-14,Basic,Instagram
U00715,28,Male,Bengaluru,HSR Layout,2026-03-05,Basic,YouTube
U00716,25,Male,Chennai,Velachery,2025-06-11,Basic,College/Community
U00717,30,Male,Pune,Baner,2026-03-11,Basic,Google
U00718,38,Female,Chennai,OMR,2025-08-21,Premium,Instagram
U00719,32,Male,Bengaluru,HSR Layout,2025-04-21,Basic,Google
U00720,45,Male,Mumbai,Borivali,2025-08-20,Premium,Instagram
U00721,20,Male,Chennai,Adyar,2025-09-30,Pro,Google
U00722,40,Female,Bengaluru,Koramangala,2026-08-21,Basic,Referral
U00723,31,Male,Bengaluru,Jayanagar,2025-02-10,Premium,Other
U00724,32,Male,Mumbai,Borivali,2026-07-14,Pro,Google
U00725,19,Male,Hyderabad,Banjara Hills,2026-04-11,Premium,Instagram
U00726,36,Female,Pune,Wakad,2025-03-18,Premium,Instagram
U00727,29,Female,Bengaluru,Yelahanka,2026-05-05,Basic,Instagram
U00728,42,Female,Pune,Kothrud,2025-04-27,Basic,Instagram
U00729,37,Male,Bengaluru,Koramangala,2026-03-10,Basic,YouTube
U00730,21,Female,Bengaluru,Koramangala,2025-01-19,Premium,Instagram
U00731,20,Female,Bengaluru,Yelahanka,2026-07-25,Pro,Other
U00732,22,Male,Pune,Wakad,2025-07-15,Basic,Referral
U00733,20,Male,Mumbai,Bandra,2026-03-27,Basic,Referral
U00734,42,Male,Hyderabad,Kondapur,2026-03-01,Basic,Google
U00735,32,Female,Bengaluru,Yelahanka,2026-01-29,Premium,YouTube
U00736,36,Male,Pune,Wakad,2025-10-11,Basic,Referral
U00737,19,Male,Bengaluru,Indiranagar,2025-02-03,Premium,Google
U00738,29,Male,Pune,Viman Nagar,2025-10-22,Basic,Google
U00739,22,Male,Hyderabad,Kukatpally,2025-09-08,Basic,Other
U00740,39,Female,Bengaluru,Yelahanka,2025-12-05,Basic,Google
U00741,34,Female,Hyderabad,Gachibowli,2026-03-16,Premium,Google
U00742,31,Female,Bengaluru,Indiranagar,2025-06-29,Basic,Google
U00743,45,Male,Mumbai,Thane,2025-08-16,Pro,Instagram
U00744,44,Male,Hyderabad,Gachibowli,2025-01-23,Basic,Instagram
U00745,39,Male,Bengaluru,Whitefield,2025-11-23,Basic,Instagram
U00746,27,Female,Chennai,T Nagar,2025-06-03,Basic,YouTube
U00747,20,Other,Bengaluru,Jayanagar,2025-05-26,Pro,Google
U00748,21,Female,Hyderabad,Kukatpally,2025-09-09,Premium,YouTube
U00749,23,Male,Chennai,Velachery,2025-10-29,Basic,YouTube
U00750,41,Male,Mumbai,Andheri,2025-03-11,Premium,Instagram
U00751,42,Male,Bengaluru,Marathahalli,2026-06-27,Basic,Referral
U00752,39,Female,Chennai,Anna Nagar,2025-04-03,Basic,YouTube
U00753,33,Female,Mumbai,Andheri,2025-06-12,Basic,Referral
U00754,24,Female,Bengaluru,Indiranagar,2025-03-22,Premium,Referral
U00755,32,Female,Bengaluru,Indiranagar,2026-08-11,Basic,YouTube
U00756,38,Male,Pune,Hinjewadi,2025-03-04,Basic,Instagram
U00757,45,Male,Mumbai,Thane,2026-03-12,Basic,YouTube
U00758,42,Male,Hyderabad,Madhapur,2025-02-17,Basic,Google
U00759,37,Male,Chennai,OMR,2026-03-21,Basic,Referral
U00760,43,Male,Pune,Viman Nagar,2025-03-15,Basic,Instagram
U00761,28,Female,Bengaluru,Electronic City,2026-06-26,Basic,College/Community
U00762,39,Female,Bengaluru,Jayanagar,2025-06-06,Pro,Referral
U00763,38,Male,Bengaluru,Marathahalli,2026-05-02,Basic,Referral
U00764,18,Male,Mumbai,Bandra,2025-09-23,Basic,YouTube
U00765,22,Male,Bengaluru,Electronic City,2025-09-13,Basic,College/Community
U00766,30,Female,Hyderabad,Gachibowli,2025-02-08,Basic,YouTube
U00767,38,Male,Pune,Baner,2025-02-24,Premium,Instagram
U00768,31,Male,Pune,Hinjewadi,2025-01-28,Basic,College/Community
U00769,26,Female,Bengaluru,Marathahalli,2025-04-28,Premium,Referral
U00770,34,Female,Pune,Baner,2026-01-05,Premium,Referral
U00771,32,Male,Bengaluru,Koramangala,2025-07-28,Premium,Other
U00772,38,Female,Pune,Wakad,2026-08-10,Basic,Instagram
U00773,24,Female,Bengaluru,Yelahanka,2026-07-31,Basic,Instagram
U00774,44,Female,Bengaluru,Jayanagar,2026-07-12,Basic,Referral
U00775,39,Male,Pune,Hinjewadi,2025-11-12,Premium,YouTube
U00776,39,Male,Bengaluru,HSR Layout,2026-01-28,Basic,Google
U00777,29,Female,Bengaluru,Koramangala,2026-03-20,Basic,Referral
U00778,40,Male,Mumbai,Powai,2025-09-16,Basic,Google
U00779,23,Female,Mumbai,Borivali,2025-07-17,Premium,Referral
U00780,38,Female,Mumbai,Powai,2026-03-21,Premium,College/Community
U00781,33,Female,Mumbai,Borivali,2026-07-24,Basic,Instagram
U00782,43,Male,Hyderabad,Kukatpally,2026-08-05,Basic,YouTube
U00783,22,Male,Bengaluru,Electronic City,2025-11-01,Basic,YouTube
U00784,26,Male,Bengaluru,Whitefield,2025-12-05,Basic,Google
U00785,31,Female,Bengaluru,Marathahalli,2026-06-13,Premium,Google
U00786,25,Male,Chennai,Velachery,2025-02-23,Premium,Instagram
U00787,31,Male,Hyderabad,Gachibowli,2025-04-22,Basic,YouTube
U00788,29,Male,Bengaluru,Whitefield,2026-02-23,Basic,Google
U00789,27,Male,Hyderabad,Banjara Hills,2025-11-01,Premium,Google
U00790,37,Male,Chennai,Velachery,2026-03-14,Pro,Google
U00791,37,Male,Bengaluru,Marathahalli,2025-03-26,Pro,Referral
U00792,43,Female,Hyderabad,Madhapur,2026-06-08,Premium,YouTube
U00793,38,Male,Hyderabad,Kondapur,2025-09-09,Basic,YouTube
U00794,30,Male,Mumbai,Powai,2025-05-06,Premium,Google
U00795,36,Female,Bengaluru,HSR Layout,2026-02-09,Premium,Referral
U00796,32,Female,Pune,Kothrud,2025-10-31,Premium,YouTube
U00797,25,Male,Chennai,OMR,2025-01-28,Basic,Google
U00798,40,Male,Hyderabad,Madhapur,2025-09-23,Pro,Instagram
U00799,38,Female,Mumbai,Bandra,2025-02-21,Basic,College/Community
U00800,27,Male,Chennai,OMR,2026-05-26,Basic,YouTube
U00801,20,Male,Mumbai,Thane,2025-07-26,Basic,Referral
U00802,38,Male,Bengaluru,Jayanagar,2026-07-28,Premium,Instagram
U00803,20,Male,Hyderabad,Kukatpally,2026-05-26,Basic,College/Community
U00804,43,Female,Mumbai,Thane,2026-07-07,Basic,Referral
U00805,22,Female,Hyderabad,Kukatpally,2025-07-20,Premium,College/Community
U00806,33,Female,Mumbai,Bandra,2025-10-11,Premium,Other
U00807,34,Male,Chennai,Velachery,2025-12-23,Premium,Other
U00808,23,Male,Chennai,OMR,2025-02-16,Basic,College/Community
U00809,43,Female,Hyderabad,Kondapur,2025-05-17,Premium,Instagram
U00810,37,Male,Bengaluru,Indiranagar,2025-05-10,Basic,College/Community
U00811,37,Male,Chennai,Velachery,2025-07-14,Basic,Instagram
U00812,33,Female,Pune,Wakad,2025-12-30,Basic,College/Community
U00813,41,Female,Bengaluru,Whitefield,2026-03-08,Premium,Google
U00814,19,Male,Chennai,OMR,2025-03-10,Basic,Referral
U00815,37,Female,Pune,Baner,2026-04-03,Basic,Instagram
U00816,32,Male,Hyderabad,Gachibowli,2026-06-24,Basic,YouTube
U00817,35,Male,Hyderabad,Kukatpally,2025-12-01,Basic,Instagram
U00818,18,Male,Bengaluru,Marathahalli,2026-06-10,Pro,Google
U00819,43,Female,Bengaluru,Yelahanka,2026-07-12,Pro,College/Community
U00820,36,Female,Bengaluru,Indiranagar,2025-01-16,Basic,YouTube
U00821,29,Female,Pune,Viman Nagar,2026-04-01,Basic,Instagram
U00822,25,Male,Bengaluru,Koramangala,2026-05-25,Basic,Google
U00823,23,Male,Bengaluru,Yelahanka,2025-07-28,Premium,Instagram
U00824,29,Male,Bengaluru,Jayanagar,2025-06-07,Basic,YouTube
U00825,24,Male,Hyderabad,Kukatpally,2025-12-03,Basic,Other
U00826,35,Male,Chennai,Velachery,2025-08-29,Basic,Referral
U00827,39,Female,Bengaluru,Whitefield,2025-02-27,Basic,Instagram
U00828,31,Female,Bengaluru,Marathahalli,2025-11-01,Basic,Google
U00829,25,Male,Mumbai,Thane,2025-12-11,Basic,Other
U00830,41,Male,Hyderabad,Kondapur,2025-01-14,Basic,Instagram
U00831,37,Male,Bengaluru,Yelahanka,2025-12-25,Basic,Referral
U00832,39,Female,Hyderabad,Kukatpally,2026-01-12,Pro,Google
U00833,31,Female,Bengaluru,HSR Layout,2025-08-31,Basic,YouTube
U00834,22,Female,Bengaluru,Whitefield,2025-05-25,Basic,College/Community
U00835,26,Male,Hyderabad,Madhapur,2026-02-19,Pro,Google
U00836,25,Male,Bengaluru,Electronic City,2026-01-29,Premium,Referral
U00837,19,Female,Chennai,Velachery,2025-12-24,Basic,Referral
U00838,45,Other,Bengaluru,Whitefield,2026-07-30,Premium,Google
U00839,33,Male,Hyderabad,Kondapur,2025-06-07,Basic,Google
U00840,30,Male,Mumbai,Andheri,2025-01-18,Premium,Referral
U00841,24,Male,Bengaluru,Jayanagar,2026-07-15,Pro,Instagram
U00842,33,Female,Mumbai,Powai,2026-07-22,Basic,College/Community
U00843,24,Female,Bengaluru,Whitefield,2025-12-13,Basic,Instagram
U00844,44,Female,Chennai,Anna Nagar,2025-02-27,Basic,Instagram
U00845,31,Male,Bengaluru,Whitefield,2025-06-04,Premium,Google
U00846,31,Male,Bengaluru,Marathahalli,2026-07-21,Basic,Instagram
U00847,29,Male,Bengaluru,Indiranagar,2026-05-02,Premium,Referral
U00848,18,Female,Chennai,T Nagar,2026-06-15,Basic,Google
U00849,18,Male,Hyderabad,Madhapur,2026-05-02,Basic,YouTube
U00850,29,Female,Hyderabad,Kondapur,2025-05-31,Basic,Other
U00851,37,Male,Bengaluru,Whitefield,2025-12-25,Basic,YouTube
U00852,38,Female,Mumbai,Thane,2026-01-03,Basic,Instagram
U00853,32,Female,Bengaluru,Marathahalli,2025-02-16,Basic,Other
U00854,21,Male,Chennai,Adyar,2025-07-26,Premium,Google
U00855,24,Female,Bengaluru,Koramangala,2026-03-26,Basic,Referral
U00856,33,Male,Bengaluru,Whitefield,2026-04-28,Premium,Google
U00857,20,Male,Bengaluru,Electronic City,2026-07-24,Basic,Google
U00858,24,Male,Hyderabad,Banjara Hills,2025-05-23,Pro,College/Community
U00859,41,Female,Hyderabad,Kondapur,2026-02-04,Premium,Google
U00860,39,Female,Bengaluru,Marathahalli,2025-04-07,Basic,Referral
U00861,23,Male,Pune,Viman Nagar,2025-02-16,Basic,Instagram
U00862,33,Female,Hyderabad,Gachibowli,2025-07-10,Basic,YouTube
U00863,41,Female,Hyderabad,Gachibowli,2025-05-20,Pro,YouTube
U00864,25,Female,Hyderabad,Banjara Hills,2025-08-19,Basic,Google
U00865,40,Male,Bengaluru,Jayanagar,2025-12-06,Basic,YouTube
U00866,39,Male,Hyderabad,Gachibowli,2026-05-06,Basic,YouTube
U00867,23,Female,Bengaluru,Jayanagar,2025-02-18,Premium,Referral
U00868,27,Male,Bengaluru,Koramangala,2026-03-29,Basic,Referral
U00869,33,Male,Pune,Kothrud,2025-11-12,Basic,Referral
U00870,28,Female,Chennai,Velachery,2025-11-18,Basic,Instagram
U00871,30,Male,Bengaluru,HSR Layout,2025-03-28,Basic,YouTube
U00872,23,Female,Bengaluru,Electronic City,2026-04-19,Basic,Google
U00873,41,Male,Mumbai,Borivali,2025-10-09,Basic,Google
U00874,18,Female,Bengaluru,Marathahalli,2025-03-15,Premium,College/Community
U00875,38,Male,Bengaluru,Indiranagar,2026-03-29,Premium,Instagram
U00876,36,Male,Bengaluru,Indiranagar,2025-02-16,Premium,Google
U00877,29,Male,Mumbai,Thane,2026-08-11,Basic,Instagram
U00878,41,Female,Mumbai,Thane,2025-04-06,Premium,Instagram
U00879,44,Female,Bengaluru,Electronic City,2025-01-31,Basic,Google
U00880,23,Male,Bengaluru,Jayanagar,2026-06-18,Basic,Other
U00881,35,Male,Bengaluru,Koramangala,2025-01-17,Pro,Google
U00882,30,Female,Mumbai,Andheri,2025-07-31,Premium,Referral
U00883,24,Male,Bengaluru,Whitefield,2025-08-23,Basic,Instagram
U00884,40,Female,Bengaluru,Indiranagar,2026-01-27,Premium,Referral
U00885,30,Male,Pune,Wakad,2025-12-20,Pro,Other
U00886,38,Female,Bengaluru,Electronic City,2025-11-01,Basic,Google
U00887,25,Female,Mumbai,Powai,2026-08-22,Basic,College/Community
U00888,38,Other,Bengaluru,Jayanagar,2026-07-04,Premium,Other
U00889,34,Female,Bengaluru,Jayanagar,2026-07-19,Basic,Referral
U00890,26,Male,Bengaluru,Jayanagar,2026-06-24,Basic,Google
U00891,37,Male,Mumbai,Powai,2026-08-12,Premium,YouTube
U00892,30,Female,Pune,Baner,2026-05-24,Basic,College/Community
U00893,19,Male,Pune,Kothrud,2026-01-30,Basic,Instagram
U00894,21,Female,Bengaluru,Yelahanka,2026-03-07,Basic,Google
U00895,42,Female,Mumbai,Borivali,2026-07-16,Basic,Google
U00896,19,Male,Bengaluru,Electronic City,2025-06-26,Pro,Google
U00897,21,Male,Bengaluru,Marathahalli,2026-02-10,Premium,College/Community
U00898,35,Male,Chennai,T Nagar,2025-10-28,Basic,Google
U00899,22,Male,Bengaluru,Yelahanka,2026-03-21,Pro,Google
U00900,36,Male,Bengaluru,Koramangala,2025-05-07,Pro,Referral
U00901,27,Male,Bengaluru,Yelahanka,2025-12-15,Basic,Instagram
U00902,35,Male,Bengaluru,Jayanagar,2025-01-21,Pro,Instagram
U00903,42,Male,Bengaluru,Whitefield,2026-02-24,Basic,Referral
U00904,38,Male,Hyderabad,Banjara Hills,2025-06-01,Basic,Google
U00905,27,Male,Hyderabad,Kukatpally,2025-06-09,Basic,Google
U00906,22,Male,Chennai,T Nagar,2026-04-25,Premium,Instagram
U00907,34,Female,Pune,Wakad,2026-03-19,Basic,Referral
U00908,39,Male,Bengaluru,Indiranagar,2025-04-06,Premium,College/Community
U00909,30,Male,Bengaluru,Electronic City,2025-12-18,Premium,College/Community
U00910,40,Female,Bengaluru,Whitefield,2025-03-16,Basic,Instagram
U00911,34,Female,Hyderabad,Gachibowli,2026-08-17,Basic,Referral
U00912,26,Male,Bengaluru,Indiranagar,2025-12-25,Basic,College/Community
U00913,41,Male,Mumbai,Bandra,2025-05-13,Basic,Google
U00914,29,Male,Bengaluru,Electronic City,2026-02-04,Premium,Other
U00915,31,Male,Hyderabad,Madhapur,2025-05-19,Basic,College/Community
U00916,31,Female,Hyderabad,Kondapur,2025-09-03,Basic,Instagram
U00917,25,Female,Bengaluru,Yelahanka,2025-10-18,Basic,Google
U00918,40,Female,Chennai,Adyar,2025-04-22,Premium,Instagram
U00919,22,Male,Pune,Wakad,2025-06-19,Premium,Instagram
U00920,36,Female,Bengaluru,Marathahalli,2026-08-22,Pro,College/Community
U00921,45,Male,Pune,Wakad,2025-08-28,Premium,Other
U00922,31,Female,Hyderabad,Kondapur,2025-12-03,Basic,Instagram
U00923,26,Male,Chennai,OMR,2025-05-18,Basic,Referral
U00924,24,Male,Pune,Baner,2026-08-17,Premium,Referral
U00925,44,Male,Hyderabad,Gachibowli,2025-08-24,Pro,Google
U00926,43,Female,Bengaluru,Electronic City,2025-01-03,Basic,Referral
U00927,43,Male,Bengaluru,Marathahalli,2026-07-25,Basic,Other
U00928,25,Male,Hyderabad,Gachibowli,2025-04-26,Basic,Instagram
U00929,31,Male,Mumbai,Andheri,2026-04-17,Premium,Instagram
U00930,39,Male,Bengaluru,Jayanagar,2025-05-11,Basic,Instagram
U00931,45,Female,Bengaluru,Yelahanka,2026-04-28,Basic,Google
U00932,31,Female,Pune,Hinjewadi,2026-02-05,Premium,Google
U00933,28,Female,Chennai,Velachery,2025-07-20,Basic,Google
U00934,31,Male,Hyderabad,Gachibowli,2025-10-19,Basic,Referral
U00935,38,Female,Bengaluru,Jayanagar,2025-12-08,Basic,YouTube
U00936,25,Female,Bengaluru,Electronic City,2025-08-04,Basic,Google
U00937,20,Male,Bengaluru,Yelahanka,2026-08-08,Basic,Google
U00938,45,Male,Chennai,Anna Nagar,2026-01-01,Basic,College/Community
U00939,40,Female,Bengaluru,HSR Layout,2026-04-14,Basic,College/Community
U00940,35,Male,Hyderabad,Kukatpally,2026-02-22,Premium,Instagram
U00941,20,Male,Bengaluru,Electronic City,2025-01-27,Premium,Google
U00942,30,Male,Hyderabad,Kukatpally,2026-03-31,Basic,College/Community
U00943,29,Male,Mumbai,Andheri,2026-08-03,Basic,Instagram
U00944,32,Male,Pune,Wakad,2025-01-14,Premium,Google
U00945,35,Male,Bengaluru,Yelahanka,2025-04-08,Basic,Google
U00946,22,Female,Bengaluru,Electronic City,2025-10-06,Basic,Instagram
U00947,24,Male,Bengaluru,HSR Layout,2026-05-05,Basic,Instagram
U00948,28,Female,Chennai,OMR,2025-07-26,Premium,Google
U00949,43,Male,Pune,Hinjewadi,2025-08-21,Basic,YouTube
U00950,44,Female,Hyderabad,Madhapur,2026-07-27,Premium,College/Community
U00951,28,Female,Mumbai,Andheri,2026-08-20,Premium,Other
U00952,44,Female,Mumbai,Andheri,2025-08-27,Pro,Instagram
U00953,32,Female,Bengaluru,Marathahalli,2025-09-07,Basic,Instagram
U00954,27,Female,Chennai,T Nagar,2026-08-06,Premium,YouTube
U00955,32,Female,Bengaluru,Yelahanka,2026-08-20,Basic,Referral
U00956,30,Male,Bengaluru,Jayanagar,2025-11-02,Basic,Google
U00957,31,Male,Hyderabad,Gachibowli,2026-04-08,Basic,Instagram
U00958,34,Female,Bengaluru,Jayanagar,2025-08-24,Basic,Google
U00959,30,Male,Bengaluru,Whitefield,2025-10-18,Premium,Google
U00960,27,Female,Mumbai,Andheri,2025-02-08,Basic,Instagram
U00961,42,Female,Bengaluru,Whitefield,2025-07-02,Basic,Other
U00962,18,Male,Mumbai,Thane,2025-01-30,Basic,Instagram
U00963,18,Female,Bengaluru,HSR Layout,2026-01-23,Premium,Other
U00964,32,Male,Bengaluru,Yelahanka,2025-05-23,Basic,College/Community
U00965,33,Male,Bengaluru,Marathahalli,2026-02-23,Premium,Google
U00966,29,Male,Bengaluru,Jayanagar,2025-03-15,Premium,YouTube
U00967,43,Male,Mumbai,Borivali,2025-02-24,Premium,YouTube
U00968,41,Male,Bengaluru,Indiranagar,2026-07-26,Basic,Instagram
U00969,23,Male,Hyderabad,Gachibowli,2025-01-24,Premium,Google
U00970,23,Male,Hyderabad,Banjara Hills,2025-01-22,Basic,Referral
U00971,29,Female,Mumbai,Andheri,2026-03-04,Premium,Referral
U00972,42,Female,Chennai,T Nagar,2025-02-01,Premium,Referral
U00973,32,Male,Mumbai,Powai,2025-12-05,Basic,Referral
U00974,21,Male,Bengaluru,Electronic City,2026-05-30,Premium,Google
U00975,41,Female,Bengaluru,Indiranagar,2026-05-27,Basic,Referral
U00976,21,Female,Bengaluru,Koramangala,2025-03-11,Basic,Google
U00977,19,Male,Hyderabad,Madhapur,2025-03-29,Basic,Referral
U00978,44,Male,Bengaluru,Jayanagar,2026-07-25,Pro,College/Community
U00979,41,Female,Hyderabad,Kondapur,2025-08-07,Premium,Referral
U00980,29,Female,Hyderabad,Madhapur,2026-08-12,Premium,YouTube
U00981,24,Male,Bengaluru,Marathahalli,2025-09-27,Pro,Referral
U00982,37,Female,Pune,Kothrud,2025-03-19,Basic,Referral
U00983,26,Male,Bengaluru,Indiranagar,2026-08-15,Pro,Referral
U00984,26,Female,Bengaluru,HSR Layout,2025-01-10,Basic,Instagram
U00985,25,Male,Mumbai,Andheri,2026-04-13,Premium,Other
U00986,31,Male,Hyderabad,Kukatpally,2025-12-02,Premium,Instagram
U00987,18,Male,Mumbai,Bandra,2025-07-05,Basic,Google
U00988,40,Female,Hyderabad,Kukatpally,2026-06-30,Basic,Instagram
U00989,38,Female,Bengaluru,Indiranagar,2025-05-01,Basic,Instagram
U00990,40,Female,Pune,Wakad,2026-08-15,Pro,YouTube
U00991,29,Female,Pune,Kothrud,2026-07-19,Basic,Google
U00992,42,Male,Mumbai,Powai,2025-10-01,Basic,College/Community
U00993,19,Female,Bengaluru,Indiranagar,2026-02-14,Premium,Google
U00994,30,Male,Hyderabad,Gachibowli,2025-12-24,Basic,Google
U00995,44,Female,Bengaluru,Marathahalli,2025-04-08,Basic,Google
U00996,21,Male,Bengaluru,Indiranagar,2025-08-29,Basic,Referral
U00997,37,Male,Chennai,Anna Nagar,2026-07-11,Basic,College/Community
U00998,35,Male,Bengaluru,Electronic City,2025-04-24,Premium,Google
U00999,36,Female,Chennai,OMR,2026-05-02,Basic,Google
U01000,33,Female,Hyderabad,Banjara Hills,2025-08-29,Basic,Other
U01001,44,Female,Bengaluru,Marathahalli,2025-06-05,Basic,Instagram
U01002,31,Male,Hyderabad,Banjara Hills,2025-12-18,Basic,Referral
U01003,25,Female,Pune,Hinjewadi,2025-02-13,Pro,Google
U01004,29,Male,Mumbai,Andheri,2026-08-15,Premium,Instagram
U01005,26,Female,Pune,Hinjewadi,2025-11-08,Basic,Google
U01006,23,Female,Mumbai,Bandra,2025-05-18,Basic,Instagram
U01007,43,Male,Mumbai,Andheri,2026-03-12,Basic,College/Community
U01008,35,Male,Pune,Wakad,2025-05-23,Basic,Referral
U01009,19,Male,Bengaluru,HSR Layout,2025-10-26,Basic,College/Community
U01010,40,Male,Hyderabad,Kukatpally,2026-07-16,Premium,Referral
U01011,25,Male,Bengaluru,Electronic City,2025-09-19,Basic,Referral
U01012,41,Male,Chennai,Adyar,2026-05-27,Basic,YouTube
U01013,31,Male,Chennai,T Nagar,2025-03-03,Basic,College/Community
U01014,23,Female,Bengaluru,Electronic City,2026-07-21,Basic,Instagram
U01015,27,Female,Mumbai,Bandra,2026-02-27,Premium,Google
U01016,25,Male,Chennai,Anna Nagar,2026-01-31,Basic,YouTube
U01017,34,Male,Bengaluru,Jayanagar,2025-01-31,Basic,Other
U01018,42,Male,Hyderabad,Gachibowli,2025-11-26,Basic,Other
U01019,29,Male,Chennai,OMR,2025-06-18,Pro,Referral
U01020,34,Female,Bengaluru,Koramangala,2025-09-23,Basic,Instagram
U01021,30,Male,Mumbai,Powai,2025-11-04,Premium,Instagram
U01022,36,Female,Bengaluru,Whitefield,2026-04-04,Basic,Other
U01023,29,Male,Chennai,Anna Nagar,2025-07-04,Premium,Google
U01024,33,Female,Chennai,Anna Nagar,2025-11-30,Premium,Instagram
U01025,42,Male,Chennai,T Nagar,2026-05-30,Basic,Other
U01026,44,Female,Hyderabad,Madhapur,2026-03-17,Premium,Instagram
U01027,22,Female,Pune,Viman Nagar,2026-01-26,Premium,YouTube
U01028,42,Female,Pune,Hinjewadi,2026-07-14,Basic,Referral
U01029,33,Female,Bengaluru,Indiranagar,2025-09-11,Basic,Instagram
U01030,42,Male,Pune,Viman Nagar,2026-08-09,Premium,Google
U01031,23,Female,Bengaluru,Koramangala,2025-12-01,Premium,Instagram
U01032,28,Male,Hyderabad,Gachibowli,2026-02-04,Premium,Referral
U01033,34,Male,Bengaluru,Whitefield,2025-06-15,Premium,Referral
U01034,43,Male,Bengaluru,HSR Layout,2025-09-17,Premium,Instagram
U01035,40,Female,Bengaluru,Whitefield,2025-01-04,Premium,Other
U01036,31,Female,Mumbai,Borivali,2025-04-29,Basic,Google
U01037,23,Female,Bengaluru,Whitefield,2026-04-15,Basic,Google
U01038,42,Female,Mumbai,Borivali,2026-04-15,Pro,Instagram
U01039,40,Male,Bengaluru,Indiranagar,2026-05-08,Basic,Instagram
U01040,45,Female,Bengaluru,Whitefield,2026-05-15,Basic,Other
U01041,28,Female,Hyderabad,Gachibowli,2025-03-11,Premium,Google
U01042,29,Male,Pune,Kothrud,2026-01-05,Basic,Google
U01043,30,Male,Bengaluru,Marathahalli,2025-06-30,Basic,College/Community
U01044,21,Female,Mumbai,Andheri,2025-01-05,Basic,Referral
U01045,24,Female,Pune,Kothrud,2025-07-16,Premium,Google
U01046,19,Female,Mumbai,Powai,2025-02-16,Pro,College/Community
U01047,23,Female,Bengaluru,Marathahalli,2026-07-06,Basic,YouTube
U01048,23,Female,Bengaluru,Marathahalli,2025-05-20,Basic,Instagram
U01049,35,Female,Pune,Viman Nagar,2026-06-24,Basic,Referral
U01050,37,Female,Bengaluru,Marathahalli,2026-03-03,Basic,Other
U01051,25,Female,Pune,Viman Nagar,2026-08-12,Basic,Referral
U01052,25,Male,Hyderabad,Banjara Hills,2026-07-15,Basic,YouTube
U01053,25,Female,Chennai,Adyar,2025-11-06,Basic,Other
U01054,25,Male,Pune,Kothrud,2025-10-01,Basic,YouTube
U01055,18,Female,Chennai,Adyar,2026-06-23,Basic,Instagram
U01056,19,Male,Bengaluru,Jayanagar,2026-01-25,Premium,Instagram
U01057,29,Male,Pune,Kothrud,2026-04-04,Premium,Referral
U01058,32,Male,Bengaluru,Koramangala,2025-12-27,Pro,Google
U01059,21,Female,Hyderabad,Banjara Hills,2025-03-10,Basic,Other
U01060,45,Male,Mumbai,Thane,2026-08-06,Basic,Google
U01061,42,Male,Pune,Kothrud,2026-03-07,Premium,Google
U01062,20,Male,Chennai,OMR,2025-02-01,Basic,YouTube
U01063,31,Male,Pune,Baner,2026-05-28,Premium,Referral
U01064,39,Male,Bengaluru,Yelahanka,2025-07-01,Premium,Google
U01065,40,Male,Hyderabad,Banjara Hills,2025-09-05,Premium,Instagram
U01066,25,Male,Mumbai,Borivali,2025-10-24,Pro,Referral
U01067,30,Male,Bengaluru,Koramangala,2025-01-30,Premium,College/Community
U01068,40,Male,Bengaluru,HSR Layout,2025-10-29,Premium,YouTube
U01069,36,Male,Bengaluru,Yelahanka,2026-04-21,Basic,Google
U01070,39,Female,Bengaluru,Whitefield,2025-12-18,Pro,Instagram
U01071,22,Male,Bengaluru,Yelahanka,2026-04-27,Basic,College/Community
U01072,30,Male,Bengaluru,Electronic City,2025-11-13,Pro,Other
U01073,45,Male,Bengaluru,Electronic City,2026-02-01,Basic,Google
U01074,43,Male,Bengaluru,HSR Layout,2025-03-30,Basic,YouTube
U01075,37,Male,Chennai,Adyar,2025-08-22,Premium,Google
U01076,18,Male,Hyderabad,Madhapur,2025-06-17,Basic,Referral
U01077,33,Female,Bengaluru,Yelahanka,2025-05-06,Premium,College/Community
U01078,40,Female,Mumbai,Powai,2026-07-27,Basic,Instagram
U01079,41,Male,Bengaluru,Whitefield,2025-04-30,Premium,Referral
U01080,19,Female,Chennai,Adyar,2026-03-04,Premium,Instagram
U01081,24,Male,Pune,Wakad,2025-07-09,Premium,Google
U01082,23,Female,Bengaluru,Yelahanka,2026-03-04,Basic,Referral
U01083,22,Male,Bengaluru,Whitefield,2026-07-14,Basic,Instagram
U01084,21,Female,Pune,Viman Nagar,2025-07-21,Premium,Referral
U01085,19,Male,Chennai,OMR,2025-02-28,Basic,Google
U01086,27,Female,Hyderabad,Banjara Hills,2025-08-11,Basic,Referral
U01087,39,Male,Mumbai,Borivali,2026-05-07,Basic,Instagram
U01088,22,Male,Bengaluru,Jayanagar,2025-01-11,Basic,YouTube
U01089,35,Female,Chennai,Anna Nagar,2026-05-27,Basic,Referral
U01090,27,Male,Bengaluru,HSR Layout,2025-11-06,Basic,Other
U01091,40,Female,Chennai,Anna Nagar,2025-02-03,Basic,College/Community
U01092,39,Female,Mumbai,Thane,2025-12-06,Premium,Google
U01093,45,Male,Mumbai,Thane,2026-04-26,Basic,Instagram
U01094,32,Male,Hyderabad,Kukatpally,2026-07-28,Pro,Referral
U01095,44,Male,Bengaluru,Indiranagar,2025-04-03,Basic,Referral
U01096,26,Female,Bengaluru,Indiranagar,2025-05-13,Basic,Instagram
U01097,28,Male,Bengaluru,Yelahanka,2026-02-23,Basic,Instagram
U01098,43,Male,Bengaluru,Koramangala,2026-04-13,Basic,Referral
U01099,38,Female,Pune,Kothrud,2026-03-20,Basic,College/Community
U01100,42,Male,Bengaluru,Electronic City,2025-01-30,Premium,College/Community
U01101,42,Other,Bengaluru,Indiranagar,2025-10-25,Basic,Instagram
U01102,34,Female,Chennai,OMR,2025-03-02,Premium,Google
U01103,38,Male,Pune,Baner,2026-04-03,Basic,Instagram
U01104,26,Male,Chennai,Anna Nagar,2025-10-31,Basic,Google
U01105,40,Female,Chennai,OMR,2025-12-06,Basic,YouTube
U01106,33,Male,Bengaluru,Electronic City,2026-03-24,Pro,YouTube
U01107,23,Male,Bengaluru,Indiranagar,2025-10-29,Basic,Referral
U01108,39,Male,Pune,Wakad,2026-06-24,Premium,Instagram
U01109,28,Female,Mumbai,Andheri,2026-04-30,Basic,Google
U01110,40,Female,Bengaluru,Yelahanka,2025-03-18,Basic,Other
U01111,34,Male,Pune,Baner,2026-05-30,Basic,Instagram
U01112,21,Male,Bengaluru,Marathahalli,2026-07-03,Premium,Google
U01113,32,Female,Bengaluru,Whitefield,2025-04-02,Premium,YouTube
U01114,18,Female,Hyderabad,Madhapur,2026-04-11,Basic,YouTube
U01115,39,Male,Hyderabad,Madhapur,2026-04-11,Premium,College/Community
U01116,37,Male,Hyderabad,Kukatpally,2026-08-22,Basic,Google
U01117,18,Female,Bengaluru,Indiranagar,2025-02-09,Pro,Referral
U01118,26,Female,Pune,Baner,2025-11-25,Premium,Google
U01119,29,Female,Bengaluru,Yelahanka,2025-10-12,Premium,Other
U01120,21,Female,Bengaluru,Electronic City,2026-07-08,Premium,YouTube
U01121,45,Female,Pune,Viman Nagar,2025-03-07,Basic,College/Community
U01122,39,Male,Chennai,Adyar,2025-04-19,Premium,Instagram
U01123,30,Female,Pune,Viman Nagar,2026-02-19,Basic,YouTube
U01124,24,Female,Pune,Kothrud,2025-04-02,Basic,Google
U01125,25,Other,Mumbai,Powai,2026-01-03,Basic,Instagram
U01126,45,Male,Hyderabad,Kondapur,2026-02-27,Basic,Instagram
U01127,30,Female,Bengaluru,HSR Layout,2026-07-26,Basic,YouTube
U01128,28,Female,Bengaluru,Indiranagar,2025-08-28,Basic,Google
U01129,26,Male,Bengaluru,Whitefield,2026-03-11,Basic,College/Community
U01130,42,Male,Bengaluru,Koramangala,2025-07-31,Basic,YouTube
U01131,41,Female,Mumbai,Bandra,2026-02-04,Premium,Instagram
U01132,33,Male,Hyderabad,Kondapur,2026-06-10,Basic,YouTube
U01133,27,Female,Bengaluru,Jayanagar,2026-04-13,Premium,Instagram
U01134,28,Female,Bengaluru,Indiranagar,2025-06-19,Basic,Google
U01135,29,Male,Mumbai,Thane,2025-07-29,Basic,Referral
U01136,45,Other,Bengaluru,HSR Layout,2025-09-13,Basic,College/Community
U01137,31,Female,Pune,Wakad,2025-03-14,Basic,Google
U01138,36,Male,Hyderabad,Banjara Hills,2025-05-27,Basic,College/Community
U01139,29,Male,Hyderabad,Kondapur,2025-12-06,Basic,YouTube
U01140,35,Female,Hyderabad,Kukatpally,2025-11-13,Basic,Google
U01141,38,Male,Pune,Hinjewadi,2026-07-29,Basic,Referral
U01142,34,Male,Bengaluru,Indiranagar,2025-06-03,Premium,YouTube
U01143,20,Male,Mumbai,Powai,2025-09-12,Basic,Instagram
U01144,18,Male,Hyderabad,Gachibowli,2025-12-17,Basic,College/Community
U01145,36,Male,Bengaluru,Whitefield,2026-07-01,Premium,YouTube
U01146,21,Other,Pune,Hinjewadi,2025-11-08,Basic,Instagram
U01147,40,Female,Pune,Wakad,2025-05-14,Pro,Other
U01148,45,Male,Mumbai,Borivali,2025-05-09,Basic,Instagram
U01149,33,Male,Pune,Kothrud,2026-03-12,Basic,College/Community
U01150,29,Female,Pune,Hinjewadi,2025-10-07,Basic,Google
U01151,38,Male,Mumbai,Andheri,2025-12-24,Basic,YouTube
U01152,38,Female,Pune,Hinjewadi,2025-09-09,Basic,Google
U01153,30,Female,Mumbai,Thane,2025-05-15,Pro,YouTube
U01154,34,Female,Mumbai,Thane,2026-06-07,Premium,Instagram
U01155,25,Male,Mumbai,Powai,2025-11-15,Basic,Google
U01156,30,Male,Pune,Hinjewadi,2025-03-21,Basic,Instagram
U01157,37,Male,Bengaluru,Electronic City,2025-07-10,Basic,College/Community
U01158,43,Male,Pune,Hinjewadi,2026-03-29,Basic,Google
U01159,22,Male,Pune,Wakad,2025-12-10,Premium,YouTube
U01160,35,Female,Bengaluru,Jayanagar,2025-01-30,Premium,College/Community
U01161,32,Female,Pune,Kothrud,2026-02-18,Basic,College/Community
U01162,29,Female,Bengaluru,Electronic City,2026-01-03,Basic,Instagram
U01163,34,Female,Bengaluru,Koramangala,2026-08-19,Basic,College/Community
U01164,42,Male,Mumbai,Powai,2026-05-17,Basic,Instagram
U01165,32,Female,Bengaluru,Jayanagar,2025-01-21,Basic,YouTube
U01166,19,Male,Pune,Wakad,2026-07-03,Basic,YouTube
U01167,23,Male,Pune,Baner,2025-09-03,Premium,Instagram
U01168,34,Male,Hyderabad,Gachibowli,2025-10-10,Premium,Instagram
U01169,33,Female,Bengaluru,Indiranagar,2025-08-20,Premium,Referral
U01170,34,Female,Bengaluru,Koramangala,2025-11-12,Pro,Google
U01171,42,Male,Mumbai,Andheri,2025-12-02,Pro,College/Community
U01172,37,Male,Chennai,Anna Nagar,2026-02-15,Premium,Google
U01173,26,Male,Mumbai,Bandra,2025-09-02,Pro,Other
U01174,44,Male,Bengaluru,Electronic City,2026-01-22,Premium,Google
U01175,22,Male,Mumbai,Bandra,2025-12-24,Premium,Other
U01176,40,Female,Hyderabad,Kondapur,2025-01-22,Basic,YouTube
U01177,18,Female,Pune,Kothrud,2025-01-19,Basic,College/Community
U01178,23,Male,Bengaluru,Electronic City,2025-10-14,Premium,Instagram
U01179,41,Female,Pune,Kothrud,2025-10-03,Basic,Referral
U01180,31,Male,Hyderabad,Kukatpally,2026-07-06,Premium,Instagram
U01181,34,Female,Chennai,Velachery,2025-03-13,Basic,Google
U01182,42,Male,Bengaluru,Indiranagar,2025-12-31,Basic,Referral
U01183,36,Female,Mumbai,Powai,2025-12-01,Premium,YouTube
U01184,18,Female,Chennai,Anna Nagar,2026-08-13,Pro,Instagram
U01185,18,Female,Bengaluru,Indiranagar,2025-07-18,Basic,Referral
U01186,30,Male,Chennai,Adyar,2025-01-17,Premium,Referral
U01187,31,Female,Mumbai,Andheri,2025-08-06,Premium,Instagram
U01188,44,Male,Bengaluru,Electronic City,2025-05-27,Basic,Referral
U01189,23,Male,Bengaluru,Jayanagar,2025-07-29,Basic,YouTube
U01190,44,Male,Mumbai,Thane,2026-02-18,Basic,Instagram
U01191,23,Female,Bengaluru,Marathahalli,2025-11-26,Basic,YouTube
U01192,18,Female,Hyderabad,Madhapur,2025-12-18,Basic,Referral
U01193,31,Male,Bengaluru,HSR Layout,2025-06-12,Basic,College/Community
U01194,20,Male,Mumbai,Thane,2025-04-11,Basic,Instagram
U01195,40,Female,Bengaluru,Jayanagar,2025-11-23,Premium,College/Community
U01196,27,Male,Pune,Baner,2025-11-23,Basic,Instagram
U01197,36,Male,Chennai,Velachery,2025-06-04,Premium,Google
U01198,36,Male,Chennai,Anna Nagar,2025-01-10,Basic,Instagram
U01199,36,Female,Mumbai,Borivali,2025-12-19,Premium,College/Community
U01200,45,Male,Bengaluru,Electronic City,2025-07-02,Premium,YouTube
U01201,40,Female,Pune,Wakad,2026-03-31,Basic,Instagram
U01202,21,Male,Bengaluru,Marathahalli,2025-01-06,Pro,Instagram
U01203,37,Male,Bengaluru,Jayanagar,2025-11-29,Premium,Google
U01204,36,Male,Bengaluru,Koramangala,2025-11-29,Premium,Instagram
U01205,27,Male,Hyderabad,Gachibowli,2025-09-15,Premium,Referral
U01206,44,Male,Pune,Hinjewadi,2025-07-30,Basic,Referral
U01207,42,Male,Mumbai,Bandra,2025-02-20,Basic,Other
U01208,19,Female,Hyderabad,Gachibowli,2026-03-21,Basic,Other
U01209,21,Male,Bengaluru,HSR Layout,2026-01-12,Basic,Referral
U01210,41,Female,Chennai,OMR,2026-05-01,Basic,Instagram
U01211,23,Female,Hyderabad,Kondapur,2025-02-20,Premium,Google
U01212,24,Female,Hyderabad,Gachibowli,2025-06-03,Basic,Referral
U01213,33,Female,Bengaluru,Koramangala,2026-08-05,Pro,Referral
U01214,24,Male,Pune,Wakad,2025-11-06,Basic,Referral
U01215,35,Male,Mumbai,Andheri,2026-02-03,Basic,Other
U01216,37,Female,Bengaluru,Indiranagar,2025-05-14,Basic,College/Community
U01217,43,Female,Bengaluru,Indiranagar,2025-08-08,Basic,Instagram
U01218,43,Female,Mumbai,Bandra,2025-06-12,Pro,Google
U01219,39,Female,Mumbai,Thane,2026-07-23,Premium,College/Community
U01220,36,Female,Bengaluru,Koramangala,2026-05-17,Basic,College/Community
U01221,26,Male,Chennai,T Nagar,2025-04-25,Pro,Google
U01222,37,Female,Bengaluru,Jayanagar,2026-05-14,Premium,YouTube
U01223,27,Male,Hyderabad,Banjara Hills,2026-04-17,Basic,YouTube
U01224,30,Male,Chennai,T Nagar,2025-05-29,Premium,Referral
U01225,35,Male,Bengaluru,Marathahalli,2025-08-29,Premium,Instagram
U01226,33,Male,Mumbai,Andheri,2025-05-03,Basic,College/Community
U01227,39,Male,Bengaluru,Indiranagar,2025-03-10,Premium,YouTube
U01228,34,Female,Bengaluru,Jayanagar,2025-03-04,Basic,Instagram
U01229,39,Female,Chennai,Adyar,2025-01-16,Basic,YouTube
U01230,30,Female,Bengaluru,HSR Layout,2026-01-25,Basic,YouTube
U01231,29,Male,Chennai,Anna Nagar,2026-08-13,Pro,College/Community
U01232,27,Female,Bengaluru,Marathahalli,2025-09-15,Premium,Instagram
U01233,18,Male,Bengaluru,Indiranagar,2025-08-05,Basic,Other
U01234,25,Female,Bengaluru,Yelahanka,2026-04-24,Basic,Instagram
U01235,38,Male,Mumbai,Powai,2025-04-24,Basic,Referral
U01236,39,Male,Bengaluru,Jayanagar,2026-01-15,Premium,Referral
U01237,35,Female,Pune,Wakad,2025-08-25,Basic,Google
U01238,19,Female,Hyderabad,Gachibowli,2026-04-21,Premium,Referral
U01239,33,Male,Chennai,Velachery,2026-08-21,Pro,College/Community
U01240,29,Male,Bengaluru,HSR Layout,2025-05-09,Premium,Referral
U01241,26,Male,Pune,Kothrud,2026-05-25,Basic,Referral
U01242,20,Male,Pune,Viman Nagar,2025-06-14,Basic,Instagram
U01243,39,Female,Pune,Hinjewadi,2025-10-04,Basic,Instagram
U01244,43,Male,Pune,Kothrud,2025-09-14,Basic,Instagram
U01245,38,Male,Pune,Wakad,2025-05-12,Premium,Other
U01246,45,Male,Mumbai,Bandra,2026-07-24,Basic,YouTube
U01247,21,Male,Bengaluru,Jayanagar,2025-09-14,Basic,Other
U01248,43,Male,Bengaluru,Whitefield,2025-05-21,Premium,Instagram
U01249,19,Female,Chennai,Velachery,2025-07-28,Basic,YouTube
U01250,25,Male,Mumbai,Andheri,2026-06-03,Basic,Instagram
U01251,27,Male,Pune,Wakad,2025-02-20,Premium,YouTube
U01252,33,Male,Hyderabad,Kondapur,2026-05-18,Basic,Google
U01253,40,Male,Bengaluru,HSR Layout,2025-09-16,Premium,Instagram
U01254,28,Male,Bengaluru,Indiranagar,2025-06-27,Premium,Referral
U01255,35,Male,Mumbai,Andheri,2026-06-27,Premium,Google
U01256,39,Male,Hyderabad,Gachibowli,2025-12-22,Basic,Referral
U01257,31,Male,Bengaluru,HSR Layout,2025-11-14,Basic,Referral
U01258,25,Female,Hyderabad,Madhapur,2025-12-30,Basic,YouTube
U01259,40,Female,Bengaluru,HSR Layout,2025-02-24,Basic,Other
U01260,32,Female,Hyderabad,Gachibowli,2025-06-05,Pro,Google
U01261,34,Male,Bengaluru,Whitefield,2025-02-13,Premium,Google
U01262,38,Female,Pune,Kothrud,2026-08-16,Basic,College/Community
U01263,35,Female,Bengaluru,Indiranagar,2026-06-26,Pro,Referral
U01264,23,Female,Hyderabad,Gachibowli,2025-11-18,Premium,Instagram
U01265,40,Male,Bengaluru,Jayanagar,2025-01-14,Basic,College/Community
U01266,31,Male,Bengaluru,HSR Layout,2025-12-23,Basic,Instagram
U01267,40,Male,Bengaluru,Yelahanka,2026-04-28,Basic,Instagram
U01268,20,Male,Hyderabad,Banjara Hills,2025-12-25,Pro,Instagram
U01269,24,Male,Mumbai,Thane,2025-11-14,Basic,Instagram
U01270,32,Female,Bengaluru,Electronic City,2025-03-16,Premium,Instagram
U01271,38,Female,Mumbai,Borivali,2026-08-14,Basic,Instagram
U01272,41,Male,Pune,Viman Nagar,2025-07-13,Premium,Google
U01273,45,Male,Pune,Kothrud,2025-12-29,Basic,Google
U01274,33,Male,Bengaluru,Whitefield,2025-04-06,Pro,Instagram
U01275,33,Male,Hyderabad,Kukatpally,2025-02-09,Pro,Referral
U01276,25,Male,Bengaluru,HSR Layout,2026-02-01,Basic,Instagram
U01277,24,Male,Bengaluru,Electronic City,2025-04-17,Premium,Instagram
U01278,23,Male,Chennai,Velachery,2025-01-17,Premium,Google
U01279,19,Female,Bengaluru,Koramangala,2026-06-11,Pro,Google
U01280,39,Male,Hyderabad,Madhapur,2026-05-14,Basic,Google
U01281,30,Male,Mumbai,Bandra,2026-06-09,Basic,Google
U01282,29,Male,Mumbai,Thane,2025-02-12,Premium,Referral
U01283,32,Male,Hyderabad,Madhapur,2026-08-16,Premium,Referral
U01284,44,Male,Bengaluru,Whitefield,2025-12-16,Basic,Other
U01285,26,Female,Bengaluru,Jayanagar,2025-01-30,Premium,Referral
U01286,19,Male,Hyderabad,Kondapur,2026-03-17,Basic,Referral
U01287,34,Male,Bengaluru,Marathahalli,2026-06-26,Premium,Instagram
U01288,44,Female,Bengaluru,Yelahanka,2026-03-31,Basic,YouTube
U01289,22,Male,Bengaluru,Yelahanka,2025-04-04,Basic,Instagram
U01290,28,Male,Bengaluru,Whitefield,2025-10-22,Basic,Referral
U01291,39,Male,Bengaluru,Marathahalli,2026-07-03,Basic,Google
U01292,36,Female,Bengaluru,Whitefield,2025-03-30,Basic,Referral
U01293,41,Male,Hyderabad,Gachibowli,2026-05-18,Basic,College/Community
U01294,24,Male,Mumbai,Bandra,2025-08-02,Basic,Other
U01295,19,Female,Pune,Viman Nagar,2026-02-26,Basic,Instagram
U01296,33,Male,Bengaluru,Yelahanka,2026-06-10,Premium,Google
U01297,29,Male,Bengaluru,Indiranagar,2025-07-11,Basic,College/Community
U01298,40,Male,Bengaluru,Indiranagar,2025-08-12,Basic,Referral
U01299,32,Female,Mumbai,Borivali,2026-07-09,Premium,Google
U01300,18,Female,Mumbai,Thane,2026-01-22,Pro,YouTube
U01301,42,Female,Bengaluru,Koramangala,2026-04-19,Premium,Referral
U01302,30,Female,Chennai,Adyar,2025-07-22,Basic,Other
U01303,40,Female,Bengaluru,Whitefield,2026-03-23,Premium,Referral
U01304,23,Female,Hyderabad,Kukatpally,2025-03-09,Pro,Google
U01305,30,Female,Mumbai,Bandra,2025-04-02,Basic,Referral
U01306,35,Male,Pune,Hinjewadi,2025-06-27,Pro,College/Community
U01307,20,Female,Mumbai,Powai,2026-07-13,Basic,Referral
U01308,18,Male,Pune,Baner,2025-01-03,Basic,Referral
U01309,32,Male,Bengaluru,Yelahanka,2025-04-13,Basic,Other
U01310,43,Female,Pune,Wakad,2025-09-30,Premium,Referral
U01311,30,Male,Bengaluru,Indiranagar,2026-06-18,Basic,Google
U01312,22,Male,Chennai,Anna Nagar,2025-04-26,Basic,YouTube
U01313,42,Male,Hyderabad,Kukatpally,2026-04-09,Basic,Referral
U01314,30,Female,Pune,Wakad,2025-04-14,Basic,Instagram
U01315,39,Female,Hyderabad,Madhapur,2025-09-16,Basic,Google
U01316,22,Male,Mumbai,Powai,2025-11-04,Basic,YouTube
U01317,45,Male,Hyderabad,Kukatpally,2026-01-02,Basic,Referral
U01318,36,Male,Mumbai,Borivali,2025-10-29,Pro,YouTube
U01319,38,Male,Bengaluru,HSR Layout,2026-07-14,Basic,Google
U01320,41,Male,Bengaluru,Koramangala,2025-01-27,Basic,Other
U01321,45,Female,Bengaluru,Whitefield,2026-05-23,Basic,Google
U01322,35,Male,Bengaluru,Marathahalli,2026-06-11,Basic,Instagram
U01323,38,Male,Pune,Hinjewadi,2025-12-31,Basic,Google
U01324,39,Male,Bengaluru,Whitefield,2025-10-25,Basic,Referral
U01325,27,Male,Chennai,Velachery,2025-12-27,Premium,Google
U01326,41,Male,Bengaluru,Indiranagar,2026-05-19,Basic,Instagram
U01327,25,Male,Bengaluru,Jayanagar,2026-08-11,Basic,YouTube
U01328,32,Male,Pune,Kothrud,2025-01-30,Basic,Google
U01329,38,Female,Mumbai,Borivali,2026-03-15,Premium,Referral
U01330,42,Female,Hyderabad,Madhapur,2025-12-06,Premium,YouTube
U01331,37,Male,Hyderabad,Gachibowli,2025-05-06,Basic,YouTube
U01332,45,Male,Mumbai,Andheri,2026-08-19,Basic,Google
U01333,42,Female,Bengaluru,Koramangala,2026-07-20,Pro,Referral
U01334,44,Male,Chennai,Velachery,2026-01-01,Basic,Google
U01335,40,Female,Chennai,Adyar,2026-03-19,Basic,College/Community
U01336,39,Female,Mumbai,Powai,2025-09-20,Basic,College/Community
U01337,21,Male,Bengaluru,Electronic City,2025-08-10,Basic,Google
U01338,19,Female,Mumbai,Powai,2025-01-02,Pro,Instagram
U01339,41,Female,Bengaluru,Yelahanka,2026-01-29,Pro,Instagram
U01340,23,Male,Bengaluru,Indiranagar,2025-11-02,Premium,Google
U01341,45,Female,Bengaluru,Whitefield,2025-05-26,Basic,Referral
U01342,20,Male,Hyderabad,Madhapur,2026-06-14,Basic,Referral
U01343,24,Male,Pune,Baner,2026-06-12,Basic,Google
U01344,27,Female,Mumbai,Powai,2025-11-04,Pro,Referral
U01345,40,Female,Mumbai,Andheri,2025-12-06,Premium,Other
U01346,23,Female,Hyderabad,Kukatpally,2025-12-18,Basic,Referral
U01347,33,Male,Bengaluru,Indiranagar,2025-07-28,Basic,Instagram
U01348,19,Male,Bengaluru,Electronic City,2025-07-24,Basic,Referral
U01349,41,Male,Chennai,Velachery,2025-01-15,Pro,Referral
U01350,34,Male,Bengaluru,Marathahalli,2026-03-04,Basic,College/Community
U01351,30,Male,Pune,Baner,2026-04-21,Basic,Google
U01352,18,Male,Hyderabad,Kondapur,2025-10-25,Basic,Google
U01353,23,Male,Hyderabad,Kondapur,2026-07-11,Basic,Referral
U01354,22,Male,Mumbai,Powai,2025-04-04,Pro,Referral
U01355,42,Male,Hyderabad,Madhapur,2025-04-17,Pro,YouTube
U01356,30,Other,Pune,Wakad,2026-02-23,Pro,Instagram
U01357,45,Female,Chennai,OMR,2025-10-05,Premium,Referral
U01358,40,Male,Hyderabad,Madhapur,2025-05-08,Basic,Instagram
U01359,35,Female,Bengaluru,Indiranagar,2026-04-04,Basic,Google
U01360,29,Female,Hyderabad,Kukatpally,2025-02-07,Basic,Referral
U01361,24,Female,Chennai,T Nagar,2025-07-17,Premium,Instagram
U01362,32,Male,Bengaluru,Koramangala,2025-12-23,Basic,Google
U01363,20,Male,Mumbai,Thane,2025-01-07,Premium,YouTube
U01364,33,Female,Mumbai,Powai,2026-07-10,Basic,Referral
U01365,18,Male,Mumbai,Andheri,2025-11-28,Basic,Instagram
U01366,44,Female,Bengaluru,Jayanagar,2026-06-03,Premium,Referral
U01367,33,Female,Mumbai,Powai,2025-07-13,Pro,Instagram
U01368,41,Other,Chennai,T Nagar,2025-11-12,Basic,Google
U01369,29,Male,Bengaluru,Indiranagar,2025-01-01,Basic,Google
U01370,36,Male,Bengaluru,Indiranagar,2025-03-03,Pro,Instagram
U01371,44,Male,Chennai,T Nagar,2025-12-09,Premium,Other
U01372,25,Female,Bengaluru,Electronic City,2025-01-18,Basic,Instagram
U01373,40,Male,Pune,Viman Nagar,2026-01-06,Basic,YouTube
U01374,29,Male,Hyderabad,Gachibowli,2026-08-02,Basic,College/Community
U01375,32,Male,Bengaluru,Yelahanka,2026-07-25,Basic,Other
U01376,19,Male,Pune,Viman Nagar,2025-08-23,Premium,Google
U01377,34,Male,Hyderabad,Madhapur,2025-03-10,Basic,College/Community
U01378,24,Male,Hyderabad,Kondapur,2026-03-23,Basic,Other
U01379,30,Female,Bengaluru,Whitefield,2025-01-08,Basic,Instagram
U01380,18,Male,Hyderabad,Gachibowli,2026-04-07,Basic,Referral
U01381,23,Female,Bengaluru,Marathahalli,2025-11-07,Basic,Instagram
U01382,30,Female,Bengaluru,Koramangala,2025-05-14,Basic,Referral
U01383,28,Female,Chennai,Anna Nagar,2026-01-20,Basic,Referral
U01384,27,Female,Bengaluru,HSR Layout,2025-02-25,Basic,Instagram
U01385,33,Male,Mumbai,Borivali,2025-12-26,Basic,YouTube
U01386,44,Male,Bengaluru,Whitefield,2025-04-24,Basic,Instagram
U01387,43,Female,Pune,Viman Nagar,2025-03-29,Basic,College/Community
U01388,41,Male,Bengaluru,Koramangala,2025-05-18,Basic,Instagram
U01389,40,Male,Chennai,Anna Nagar,2025-04-18,Basic,Referral
U01390,37,Male,Hyderabad,Kukatpally,2026-05-15,Basic,Instagram
U01391,34,Female,Bengaluru,Koramangala,2026-06-19,Pro,Google
U01392,34,Male,Bengaluru,Whitefield,2025-05-24,Pro,YouTube
U01393,21,Male,Bengaluru,HSR Layout,2025-02-25,Basic,Google
U01394,22,Male,Hyderabad,Kukatpally,2025-01-06,Premium,Referral
U01395,45,Other,Bengaluru,Indiranagar,2026-06-26,Basic,College/Community
U01396,40,Male,Pune,Baner,2026-03-23,Basic,Instagram
U01397,31,Female,Hyderabad,Kukatpally,2026-01-20,Basic,College/Community
U01398,37,Female,Bengaluru,Koramangala,2025-11-03,Basic,Instagram
U01399,27,Female,Mumbai,Powai,2025-10-29,Basic,Instagram
U01400,31,Male,Mumbai,Borivali,2026-02-09,Premium,Instagram
U01401,45,Female,Bengaluru,Jayanagar,2026-07-16,Premium,Other
U01402,18,Male,Bengaluru,Yelahanka,2026-05-25,Basic,Instagram
U01403,28,Male,Bengaluru,Yelahanka,2025-03-14,Basic,College/Community
U01404,43,Female,Mumbai,Bandra,2026-07-18,Basic,Other
U01405,40,Female,Mumbai,Thane,2025-09-22,Basic,Google
U01406,35,Female,Hyderabad,Kondapur,2025-08-15,Pro,Referral
U01407,33,Female,Pune,Kothrud,2025-07-12,Premium,YouTube
U01408,44,Male,Pune,Wakad,2026-01-09,Pro,Google
U01409,35,Female,Hyderabad,Kondapur,2025-01-10,Premium,Instagram
U01410,25,Male,Pune,Baner,2025-10-29,Basic,Google
U01411,45,Female,Bengaluru,Marathahalli,2025-12-25,Basic,YouTube
U01412,27,Male,Bengaluru,Indiranagar,2025-02-21,Basic,YouTube
U01413,43,Male,Bengaluru,Koramangala,2025-04-09,Basic,Instagram
U01414,27,Male,Bengaluru,Whitefield,2026-08-16,Premium,Instagram
U01415,22,Male,Hyderabad,Gachibowli,2025-01-13,Basic,Other
U01416,27,Male,Chennai,Adyar,2026-01-25,Basic,Instagram
U01417,35,Male,Bengaluru,Yelahanka,2025-12-23,Premium,YouTube
U01418,38,Male,Bengaluru,Yelahanka,2025-01-11,Premium,Instagram
U01419,41,Male,Hyderabad,Kondapur,2025-03-22,Basic,College/Community
U01420,23,Male,Chennai,Velachery,2025-09-18,Premium,College/Community
U01421,20,Male,Bengaluru,Yelahanka,2025-01-06,Basic,Google
U01422,25,Male,Hyderabad,Gachibowli,2026-04-03,Basic,Instagram
U01423,26,Male,Bengaluru,Electronic City,2026-01-08,Basic,Referral
U01424,22,Female,Bengaluru,Marathahalli,2026-04-26,Basic,Google
U01425,19,Female,Chennai,T Nagar,2025-08-10,Basic,Google
U01426,19,Male,Chennai,Velachery,2025-03-22,Basic,Referral
U01427,24,Female,Bengaluru,Jayanagar,2026-05-30,Premium,Instagram
U01428,34,Female,Chennai,T Nagar,2025-03-01,Premium,Google
U01429,27,Male,Mumbai,Powai,2025-08-09,Basic,YouTube
U01430,29,Female,Pune,Hinjewadi,2025-12-15,Premium,Referral
U01431,19,Male,Hyderabad,Madhapur,2026-07-15,Basic,Google
U01432,27,Male,Hyderabad,Kukatpally,2025-08-16,Basic,Referral
U01433,37,Male,Hyderabad,Kondapur,2025-10-17,Premium,YouTube
U01434,18,Male,Mumbai,Powai,2025-10-20,Basic,Referral
U01435,21,Female,Bengaluru,Indiranagar,2025-07-12,Basic,Instagram
U01436,30,Male,Bengaluru,Koramangala,2026-04-19,Pro,Instagram
U01437,29,Male,Bengaluru,Electronic City,2025-09-14,Basic,College/Community
U01438,28,Male,Mumbai,Borivali,2026-05-21,Pro,College/Community
U01439,27,Female,Bengaluru,Koramangala,2026-01-23,Basic,YouTube
U01440,32,Female,Mumbai,Andheri,2026-02-02,Basic,Instagram
U01441,22,Female,Chennai,OMR,2026-01-01,Basic,Referral
U01442,42,Male,Bengaluru,Whitefield,2025-10-17,Basic,College/Community
U01443,34,Male,Mumbai,Powai,2025-11-05,Basic,Google
U01444,45,Male,Hyderabad,Kondapur,2025-10-05,Premium,Instagram
U01445,22,Male,Pune,Baner,2026-04-09,Basic,Referral
U01446,19,Male,Bengaluru,HSR Layout,2025-07-08,Basic,College/Community
U01447,26,Male,Mumbai,Thane,2025-06-27,Basic,Instagram
U01448,23,Female,Pune,Wakad,2026-06-12,Basic,Referral
U01449,35,Female,Chennai,Adyar,2026-01-10,Premium,Referral
U01450,31,Female,Mumbai,Bandra,2026-08-21,Premium,Referral
U01451,36,Male,Hyderabad,Gachibowli,2026-03-30,Pro,Referral
U01452,31,Male,Mumbai,Thane,2025-08-05,Basic,Referral
U01453,25,Male,Pune,Viman Nagar,2025-02-11,Basic,Instagram
U01454,34,Female,Hyderabad,Banjara Hills,2025-07-13,Basic,Instagram
U01455,45,Female,Bengaluru,Marathahalli,2025-11-23,Pro,Referral
U01456,20,Other,Chennai,Anna Nagar,2026-01-08,Premium,Instagram
U01457,27,Male,Mumbai,Powai,2026-04-10,Basic,Referral
U01458,34,Female,Mumbai,Borivali,2025-06-12,Basic,Referral
U01459,44,Male,Bengaluru,Koramangala,2025-10-03,Premium,Instagram
U01460,28,Female,Mumbai,Borivali,2025-12-30,Premium,Referral
U01461,25,Female,Bengaluru,Whitefield,2026-04-25,Premium,Referral
U01462,18,Female,Mumbai,Borivali,2026-04-05,Basic,Google
U01463,30,Male,Bengaluru,Whitefield,2025-09-22,Pro,Google
U01464,38,Female,Mumbai,Bandra,2026-06-23,Basic,College/Community
U01465,21,Male,Chennai,Adyar,2026-01-21,Pro,Google
U01466,24,Male,Bengaluru,Indiranagar,2025-03-26,Premium,Referral
U01467,31,Male,Chennai,Adyar,2025-11-12,Premium,Instagram
U01468,22,Male,Bengaluru,Marathahalli,2025-08-31,Premium,Instagram
U01469,41,Female,Pune,Wakad,2026-04-14,Basic,Instagram
U01470,45,Male,Pune,Viman Nagar,2025-12-08,Basic,YouTube
U01471,28,Male,Hyderabad,Banjara Hills,2025-06-26,Basic,Google
U01472,34,Male,Mumbai,Thane,2025-05-10,Basic,Instagram
U01473,22,Male,Pune,Viman Nagar,2025-03-24,Basic,YouTube
U01474,37,Male,Bengaluru,Marathahalli,2025-12-26,Basic,Instagram
U01475,20,Male,Bengaluru,Koramangala,2025-03-29,Premium,Instagram
U01476,22,Male,Mumbai,Powai,2026-06-16,Basic,Google
U01477,43,Male,Pune,Hinjewadi,2026-04-16,Premium,Google
U01478,32,Female,Pune,Viman Nagar,2026-05-13,Premium,Referral
U01479,36,Male,Pune,Viman Nagar,2026-05-22,Basic,Google
U01480,33,Female,Hyderabad,Gachibowli,2025-12-20,Basic,Google
U01481,25,Male,Pune,Wakad,2026-02-20,Basic,College/Community
U01482,30,Female,Bengaluru,Jayanagar,2025-02-20,Premium,College/Community
U01483,33,Male,Hyderabad,Gachibowli,2026-08-23,Basic,College/Community
U01484,20,Male,Bengaluru,Jayanagar,2025-03-04,Basic,College/Community
U01485,18,Male,Bengaluru,HSR Layout,2025-03-30,Premium,Referral
U01486,26,Male,Bengaluru,Jayanagar,2025-07-09,Basic,Referral
U01487,26,Female,Bengaluru,Jayanagar,2025-12-14,Premium,Referral
U01488,39,Male,Mumbai,Borivali,2026-06-22,Basic,YouTube
U01489,43,Male,Bengaluru,HSR Layout,2025-06-25,Premium,Referral
U01490,34,Female,Hyderabad,Kukatpally,2025-12-30,Pro,Instagram
U01491,41,Female,Bengaluru,Electronic City,2026-07-08,Premium,College/Community
U01492,19,Male,Bengaluru,HSR Layout,2026-04-28,Basic,YouTube
U01493,26,Male,Bengaluru,Indiranagar,2025-04-29,Basic,College/Community
U01494,41,Male,Bengaluru,Koramangala,2025-06-18,Premium,Instagram
U01495,36,Female,Mumbai,Powai,2025-05-27,Basic,Google
U01496,30,Female,Mumbai,Andheri,2026-03-13,Basic,Google
U01497,22,Female,Mumbai,Powai,2026-03-15,Premium,Referral
U01498,26,Female,Hyderabad,Madhapur,2025-07-08,Basic,Instagram
U01499,30,Male,Bengaluru,Koramangala,2025-06-09,Basic,Google
U01500,18,Male,Pune,Viman Nagar,2026-02-06,Pro,Instagram
U01501,42,Male,Hyderabad,Madhapur,2026-08-09,Basic,Google
U01502,32,Female,Hyderabad,Madhapur,2025-01-18,Basic,YouTube
U01503,21,Female,Bengaluru,Whitefield,2025-05-20,Premium,College/Community
U01504,21,Male,Bengaluru,Jayanagar,2025-04-25,Premium,Instagram
U01505,37,Male,Bengaluru,Jayanagar,2025-11-24,Basic,Referral
U01506,27,Female,Bengaluru,Whitefield,2025-08-13,Premium,Instagram
U01507,45,Male,Hyderabad,Banjara Hills,2026-07-12,Premium,Instagram
U01508,42,Female,Hyderabad,Madhapur,2026-03-15,Basic,YouTube
U01509,23,Male,Mumbai,Andheri,2026-07-04,Basic,YouTube
U01510,44,Male,Pune,Viman Nagar,2026-01-21,Basic,College/Community
U01511,41,Male,Pune,Viman Nagar,2026-06-05,Premium,Referral
U01512,29,Female,Mumbai,Thane,2025-09-10,Premium,College/Community
U01513,37,Male,Chennai,OMR,2025-04-08,Basic,Instagram
U01514,33,Male,Bengaluru,Indiranagar,2025-03-12,Premium,Instagram
U01515,20,Female,Bengaluru,Electronic City,2026-07-05,Premium,Instagram
U01516,31,Female,Bengaluru,Marathahalli,2026-03-23,Basic,YouTube
U01517,18,Female,Mumbai,Borivali,2025-03-31,Premium,Instagram
U01518,27,Male,Chennai,Adyar,2026-03-06,Basic,Instagram
U01519,32,Female,Bengaluru,Marathahalli,2025-08-07,Pro,Referral
U01520,24,Male,Chennai,T Nagar,2025-04-17,Basic,Instagram
U01521,21,Male,Bengaluru,HSR Layout,2026-04-21,Premium,Instagram
U01522,31,Male,Chennai,OMR,2026-03-30,Premium,Instagram
U01523,41,Male,Bengaluru,HSR Layout,2026-06-28,Basic,Instagram
U01524,33,Female,Bengaluru,Marathahalli,2025-05-06,Premium,YouTube
U01525,31,Male,Hyderabad,Kukatpally,2025-05-27,Basic,Referral
U01526,20,Male,Bengaluru,Yelahanka,2025-10-07,Pro,Instagram
U01527,34,Female,Bengaluru,Yelahanka,2025-01-24,Basic,Instagram
U01528,38,Female,Bengaluru,Electronic City,2025-04-30,Basic,College/Community
U01529,31,Female,Pune,Hinjewadi,2025-10-24,Pro,Referral
U01530,35,Male,Hyderabad,Gachibowli,2025-03-23,Premium,YouTube
U01531,20,Female,Bengaluru,HSR Layout,2026-03-24,Premium,Google
U01532,39,Male,Mumbai,Thane,2026-04-15,Pro,Instagram
U01533,36,Other,Mumbai,Powai,2026-02-27,Basic,Other
U01534,20,Male,Bengaluru,HSR Layout,2026-06-29,Basic,Referral
U01535,29,Female,Bengaluru,HSR Layout,2025-01-24,Basic,Instagram
U01536,39,Male,Bengaluru,Jayanagar,2025-03-02,Premium,Google
U01537,22,Male,Bengaluru,Jayanagar,2025-03-25,Premium,Google
U01538,27,Male,Mumbai,Powai,2025-08-13,Pro,Instagram
U01539,26,Male,Bengaluru,Marathahalli,2025-07-05,Basic,Other
U01540,18,Male,Hyderabad,Madhapur,2026-01-10,Premium,College/Community
U01541,30,Female,Mumbai,Thane,2025-03-13,Pro,Instagram
U01542,20,Male,Bengaluru,Koramangala,2025-03-15,Premium,Google
U01543,36,Female,Hyderabad,Gachibowli,2025-12-07,Basic,YouTube
U01544,28,Male,Bengaluru,Marathahalli,2025-06-02,Basic,Instagram
U01545,33,Male,Chennai,Velachery,2025-04-06,Pro,Referral
U01546,23,Female,Hyderabad,Kukatpally,2026-07-19,Pro,YouTube
U01547,41,Female,Pune,Baner,2026-03-21,Premium,Referral
U01548,20,Male,Hyderabad,Kondapur,2025-04-20,Premium,YouTube
U01549,36,Male,Bengaluru,Yelahanka,2026-04-03,Basic,YouTube
U01550,23,Female,Mumbai,Powai,2025-02-20,Basic,Other
U01551,25,Male,Chennai,Anna Nagar,2026-01-12,Pro,Google
U01552,39,Male,Mumbai,Andheri,2025-03-14,Basic,College/Community
U01553,30,Female,Pune,Wakad,2025-07-31,Basic,Instagram
U01554,29,Male,Pune,Hinjewadi,2026-03-08,Basic,Google
U01555,27,Male,Bengaluru,Indiranagar,2025-06-17,Basic,Instagram
U01556,20,Female,Bengaluru,Yelahanka,2025-11-27,Basic,Referral
U01557,21,Female,Mumbai,Powai,2026-05-09,Basic,Instagram
U01558,18,Male,Bengaluru,Koramangala,2025-05-23,Pro,College/Community
U01559,30,Male,Pune,Kothrud,2026-08-05,Pro,Referral
U01560,41,Male,Chennai,Anna Nagar,2026-03-21,Basic,Instagram
U01561,21,Female,Bengaluru,Indiranagar,2026-01-29,Basic,YouTube
U01562,39,Female,Bengaluru,Jayanagar,2026-05-27,Premium,College/Community
U01563,28,Male,Pune,Baner,2025-11-24,Premium,Referral
U01564,36,Male,Bengaluru,Marathahalli,2025-09-16,Basic,Instagram
U01565,28,Male,Pune,Viman Nagar,2026-03-13,Basic,College/Community
U01566,29,Male,Hyderabad,Gachibowli,2026-07-18,Basic,YouTube
U01567,28,Female,Mumbai,Powai,2025-12-15,Basic,Google
U01568,23,Male,Bengaluru,Jayanagar,2026-05-30,Basic,Google
U01569,29,Male,Mumbai,Borivali,2026-03-25,Premium,Referral
U01570,44,Male,Hyderabad,Madhapur,2026-02-03,Premium,College/Community
U01571,26,Male,Hyderabad,Madhapur,2026-08-19,Premium,Google
U01572,42,Male,Bengaluru,Koramangala,2025-08-02,Basic,Instagram
U01573,27,Male,Mumbai,Borivali,2026-06-30,Premium,College/Community
U01574,20,Female,Pune,Hinjewadi,2026-07-16,Basic,Instagram
U01575,20,Female,Bengaluru,Marathahalli,2025-10-16,Basic,College/Community
U01576,37,Female,Bengaluru,Koramangala,2025-09-16,Premium,Google
U01577,45,Male,Bengaluru,Whitefield,2025-09-15,Premium,Referral
U01578,40,Female,Mumbai,Andheri,2026-01-23,Basic,Instagram
U01579,33,Female,Mumbai,Powai,2026-06-29,Premium,College/Community
U01580,20,Male,Hyderabad,Kukatpally,2025-09-22,Pro,YouTube
U01581,27,Male,Bengaluru,HSR Layout,2025-11-09,Basic,Other
U01582,41,Male,Bengaluru,Electronic City,2025-02-09,Premium,YouTube
U01583,28,Male,Hyderabad,Kondapur,2025-07-29,Pro,Instagram
U01584,25,Female,Hyderabad,Kukatpally,2025-09-29,Premium,Google
U01585,23,Male,Chennai,OMR,2025-05-16,Basic,Referral
U01586,37,Male,Bengaluru,Indiranagar,2026-08-22,Basic,Referral
U01587,28,Male,Mumbai,Andheri,2025-03-01,Basic,Other
U01588,45,Male,Bengaluru,Marathahalli,2026-05-25,Basic,Google
U01589,44,Male,Hyderabad,Gachibowli,2026-05-30,Premium,YouTube
U01590,38,Male,Mumbai,Andheri,2025-01-15,Basic,Other
U01591,29,Male,Mumbai,Andheri,2025-09-12,Pro,Instagram
U01592,33,Female,Chennai,OMR,2026-06-19,Basic,College/Community
U01593,35,Female,Bengaluru,Electronic City,2025-08-23,Premium,Google
U01594,30,Female,Bengaluru,Koramangala,2025-05-11,Basic,YouTube
U01595,39,Female,Mumbai,Bandra,2025-01-17,Basic,Google
U01596,20,Female,Hyderabad,Kondapur,2025-07-04,Premium,Google
U01597,32,Female,Bengaluru,Electronic City,2026-01-26,Basic,Instagram
U01598,39,Female,Bengaluru,Whitefield,2026-02-27,Basic,Other
U01599,45,Female,Bengaluru,Yelahanka,2026-03-18,Basic,College/Community
U01600,38,Male,Chennai,OMR,2026-07-10,Basic,Instagram
U01601,31,Male,Bengaluru,Indiranagar,2025-01-12,Premium,Other
U01602,35,Female,Bengaluru,HSR Layout,2026-06-04,Pro,Referral
U01603,45,Male,Bengaluru,Koramangala,2025-03-21,Basic,College/Community
U01604,31,Male,Bengaluru,HSR Layout,2025-10-29,Basic,Instagram
U01605,22,Male,Bengaluru,Indiranagar,2025-08-04,Premium,Google
U01606,38,Male,Hyderabad,Gachibowli,2025-09-05,Pro,Referral
U01607,31,Female,Bengaluru,Yelahanka,2026-06-25,Pro,Instagram
U01608,42,Male,Pune,Wakad,2025-09-29,Premium,Referral
U01609,44,Male,Bengaluru,Whitefield,2025-05-13,Basic,Google
U01610,25,Male,Hyderabad,Kondapur,2025-01-05,Basic,Instagram
U01611,45,Female,Pune,Kothrud,2026-06-26,Basic,Google
U01612,45,Female,Mumbai,Borivali,2025-05-21,Basic,Other
U01613,40,Female,Hyderabad,Kukatpally,2026-04-28,Premium,Google
U01614,32,Female,Bengaluru,Electronic City,2025-11-01,Premium,Instagram
U01615,45,Male,Bengaluru,Marathahalli,2025-12-11,Premium,Referral
U01616,32,Male,Mumbai,Andheri,2026-07-16,Basic,YouTube
U01617,36,Male,Chennai,T Nagar,2025-09-27,Premium,YouTube
U01618,43,Female,Mumbai,Powai,2025-04-18,Basic,YouTube
U01619,37,Female,Hyderabad,Banjara Hills,2026-07-12,Basic,Instagram
U01620,23,Male,Mumbai,Bandra,2026-04-19,Basic,Google
U01621,36,Male,Hyderabad,Madhapur,2025-03-23,Premium,YouTube
U01622,44,Male,Bengaluru,Jayanagar,2025-03-25,Basic,College/Community
U01623,42,Female,Hyderabad,Gachibowli,2025-10-17,Premium,Referral
U01624,25,Male,Chennai,T Nagar,2025-03-12,Basic,Instagram
U01625,23,Male,Bengaluru,HSR Layout,2025-06-24,Basic,Google
U01626,37,Male,Mumbai,Andheri,2026-04-08,Pro,Instagram
U01627,40,Female,Bengaluru,Yelahanka,2026-01-30,Basic,YouTube
U01628,32,Female,Hyderabad,Madhapur,2025-04-01,Basic,Instagram
U01629,44,Male,Bengaluru,Electronic City,2026-04-14,Basic,Instagram
U01630,20,Female,Hyderabad,Kondapur,2026-03-10,Pro,Google
U01631,27,Male,Pune,Baner,2025-09-06,Basic,Google
U01632,32,Female,Bengaluru,Koramangala,2026-07-26,Basic,Google
U01633,41,Male,Mumbai,Powai,2025-08-29,Basic,Google
U01634,33,Female,Pune,Hinjewadi,2026-05-11,Basic,YouTube
U01635,34,Male,Chennai,Anna Nagar,2025-12-06,Basic,Google
U01636,36,Male,Bengaluru,Jayanagar,2026-04-16,Premium,Referral
U01637,28,Female,Bengaluru,Jayanagar,2026-04-08,Premium,Google
U01638,33,Male,Bengaluru,Electronic City,2025-10-02,Basic,Google
U01639,22,Male,Chennai,T Nagar,2025-01-15,Premium,Referral
U01640,22,Male,Chennai,Anna Nagar,2025-02-10,Premium,Referral
U01641,43,Male,Hyderabad,Madhapur,2025-07-27,Pro,YouTube
U01642,31,Male,Pune,Hinjewadi,2025-03-01,Basic,Referral
U01643,35,Male,Hyderabad,Kukatpally,2025-12-31,Basic,College/Community
U01644,43,Female,Mumbai,Borivali,2025-08-28,Premium,Google
U01645,25,Female,Bengaluru,Indiranagar,2025-06-09,Basic,Referral
U01646,22,Male,Pune,Wakad,2026-02-01,Basic,Referral
U01647,24,Female,Bengaluru,Indiranagar,2026-05-15,Premium,Instagram
U01648,33,Female,Pune,Hinjewadi,2025-07-28,Basic,Google
U01649,40,Male,Pune,Kothrud,2025-05-13,Basic,Referral
U01650,31,Male,Mumbai,Powai,2026-01-16,Basic,Instagram
U01651,22,Female,Bengaluru,Marathahalli,2026-03-09,Premium,Google
U01652,41,Female,Bengaluru,Yelahanka,2026-01-24,Basic,Referral
U01653,26,Male,Bengaluru,Whitefield,2026-08-06,Premium,Other
U01654,21,Male,Bengaluru,Marathahalli,2026-03-08,Basic,College/Community
U01655,21,Male,Bengaluru,Jayanagar,2025-10-01,Basic,Google
U01656,33,Other,Chennai,Velachery,2025-12-17,Basic,Referral
U01657,41,Male,Hyderabad,Madhapur,2025-05-14,Basic,Instagram
U01658,34,Other,Bengaluru,Electronic City,2025-03-07,Premium,Instagram
U01659,32,Male,Bengaluru,Yelahanka,2025-07-24,Basic,YouTube
U01660,21,Male,Hyderabad,Banjara Hills,2025-10-25,Pro,Instagram
U01661,23,Male,Mumbai,Powai,2025-04-27,Basic,Google
U01662,33,Female,Hyderabad,Kukatpally,2025-09-24,Basic,Other
U01663,21,Male,Chennai,T Nagar,2025-05-29,Basic,College/Community
U01664,23,Male,Hyderabad,Madhapur,2025-07-13,Premium,YouTube
U01665,22,Female,Chennai,T Nagar,2025-06-28,Basic,College/Community
U01666,33,Other,Pune,Baner,2025-05-28,Basic,YouTube
U01667,42,Male,Bengaluru,Indiranagar,2026-04-10,Premium,Instagram
U01668,33,Male,Chennai,Velachery,2026-07-23,Basic,Referral
U01669,27,Female,Bengaluru,Jayanagar,2025-01-05,Basic,Google
U01670,26,Female,Pune,Kothrud,2026-06-10,Basic,Google
U01671,21,Male,Bengaluru,Koramangala,2025-10-07,Premium,College/Community
U01672,31,Female,Pune,Baner,2026-05-14,Basic,Google
U01673,21,Male,Pune,Viman Nagar,2026-03-12,Basic,Instagram
U01674,29,Female,Pune,Baner,2025-08-04,Premium,Google
U01675,41,Male,Pune,Kothrud,2026-05-30,Basic,Instagram
U01676,27,Male,Bengaluru,Electronic City,2025-05-17,Premium,College/Community
U01677,21,Male,Bengaluru,Whitefield,2026-08-18,Basic,Referral
U01678,35,Female,Bengaluru,Electronic City,2025-10-07,Basic,Referral
U01679,30,Female,Bengaluru,Jayanagar,2025-05-12,Basic,Referral
U01680,30,Male,Mumbai,Thane,2026-01-28,Basic,Referral
U01681,31,Male,Bengaluru,Whitefield,2026-04-26,Premium,YouTube
U01682,35,Male,Chennai,T Nagar,2026-05-28,Basic,Referral
U01683,18,Female,Mumbai,Bandra,2026-02-23,Basic,Other
U01684,38,Female,Pune,Hinjewadi,2025-07-21,Pro,Other
U01685,33,Female,Bengaluru,Yelahanka,2026-04-07,Basic,Other
U01686,32,Male,Pune,Baner,2025-07-21,Premium,Referral
U01687,39,Female,Chennai,T Nagar,2025-06-01,Pro,Other
U01688,42,Male,Hyderabad,Banjara Hills,2025-08-10,Pro,Google
U01689,22,Male,Mumbai,Bandra,2025-03-20,Premium,College/Community
U01690,23,Male,Pune,Wakad,2025-07-19,Basic,College/Community
U01691,23,Male,Bengaluru,Jayanagar,2025-04-09,Pro,College/Community
U01692,20,Female,Hyderabad,Kukatpally,2025-08-01,Premium,College/Community
U01693,33,Female,Bengaluru,Indiranagar,2025-05-23,Premium,Google
U01694,29,Male,Bengaluru,Whitefield,2026-01-24,Basic,Instagram
U01695,21,Male,Bengaluru,Indiranagar,2026-01-09,Pro,Google
U01696,18,Male,Bengaluru,HSR Layout,2025-02-21,Premium,YouTube
U01697,21,Male,Bengaluru,Indiranagar,2025-05-15,Premium,Instagram
U01698,18,Male,Bengaluru,HSR Layout,2026-02-15,Basic,Referral
U01699,38,Male,Chennai,Anna Nagar,2026-04-15,Basic,Referral
U01700,44,Female,Hyderabad,Banjara Hills,2025-04-22,Pro,Referral
U01701,44,Female,Chennai,Velachery,2026-06-09,Basic,Other
U01702,25,Female,Hyderabad,Kondapur,2025-02-13,Basic,Referral
U01703,41,Female,Bengaluru,Indiranagar,2026-02-01,Premium,YouTube
U01704,22,Female,Hyderabad,Kondapur,2026-08-08,Basic,Referral
U01705,43,Male,Hyderabad,Kondapur,2025-09-18,Basic,College/Community
U01706,19,Female,Bengaluru,HSR Layout,2026-06-29,Basic,Google
U01707,29,Male,Mumbai,Powai,2026-01-23,Basic,Instagram
U01708,39,Female,Bengaluru,Whitefield,2026-04-21,Basic,Other
U01709,34,Male,Mumbai,Borivali,2026-02-14,Basic,YouTube
U01710,24,Female,Mumbai,Bandra,2026-08-03,Basic,YouTube
U01711,28,Male,Bengaluru,Jayanagar,2025-01-16,Premium,Google
U01712,21,Male,Bengaluru,Indiranagar,2025-04-12,Pro,Google
U01713,22,Male,Pune,Kothrud,2025-07-05,Basic,Referral
U01714,23,Male,Hyderabad,Gachibowli,2025-01-25,Basic,Instagram
U01715,28,Female,Bengaluru,Whitefield,2025-03-13,Basic,Google
U01716,18,Male,Chennai,Adyar,2026-08-16,Premium,Google
U01717,42,Male,Bengaluru,Whitefield,2026-07-27,Pro,Referral
U01718,27,Female,Mumbai,Bandra,2025-01-18,Basic,Referral
U01719,37,Female,Chennai,Anna Nagar,2026-07-24,Basic,Other
U01720,41,Male,Bengaluru,HSR Layout,2025-11-28,Basic,Referral
U01721,38,Male,Bengaluru,Whitefield,2026-07-23,Premium,College/Community
U01722,28,Male,Bengaluru,Jayanagar,2025-04-07,Basic,Referral
U01723,41,Female,Bengaluru,Marathahalli,2025-01-12,Premium,Referral
U01724,34,Female,Bengaluru,Electronic City,2025-01-11,Premium,Instagram
U01725,25,Female,Mumbai,Thane,2025-06-12,Pro,Instagram
U01726,44,Male,Bengaluru,Whitefield,2025-10-10,Basic,Referral
U01727,30,Male,Hyderabad,Madhapur,2025-08-29,Pro,Google
U01728,44,Male,Chennai,OMR,2025-02-14,Basic,YouTube
U01729,37,Female,Pune,Kothrud,2026-08-16,Premium,Referral
U01730,35,Male,Mumbai,Bandra,2025-09-12,Basic,College/Community
U01731,44,Male,Bengaluru,Marathahalli,2025-03-08,Basic,Other
U01732,39,Male,Mumbai,Bandra,2025-02-11,Premium,Instagram
U01733,33,Male,Hyderabad,Kukatpally,2026-01-19,Basic,Google
U01734,19,Female,Hyderabad,Banjara Hills,2026-08-12,Basic,Referral
U01735,22,Male,Bengaluru,HSR Layout,2025-08-22,Basic,Google
U01736,35,Male,Pune,Baner,2026-04-30,Basic,Google
U01737,20,Male,Hyderabad,Gachibowli,2025-02-08,Basic,College/Community
U01738,44,Female,Bengaluru,Marathahalli,2025-01-11,Pro,Other
U01739,39,Male,Bengaluru,Jayanagar,2026-02-13,Basic,YouTube
U01740,34,Male,Bengaluru,Jayanagar,2025-04-18,Basic,Referral
U01741,33,Male,Pune,Baner,2025-04-04,Basic,Google
U01742,23,Male,Mumbai,Thane,2025-03-25,Basic,Referral
U01743,36,Female,Pune,Hinjewadi,2025-02-27,Basic,Google
U01744,24,Male,Bengaluru,Koramangala,2025-10-20,Basic,Referral
U01745,35,Female,Bengaluru,Whitefield,2025-01-16,Basic,Instagram
U01746,31,Male,Hyderabad,Kondapur,2026-04-22,Basic,College/Community
U01747,23,Female,Bengaluru,Jayanagar,2025-06-14,Premium,YouTube
U01748,25,Female,Bengaluru,Jayanagar,2026-03-13,Premium,YouTube
U01749,32,Female,Pune,Kothrud,2026-02-07,Basic,Other
U01750,32,Female,Bengaluru,Indiranagar,2026-01-21,Basic,Google
U01751,32,Male,Hyderabad,Madhapur,2025-05-18,Premium,Instagram
U01752,33,Male,Bengaluru,Yelahanka,2026-06-15,Basic,College/Community
U01753,18,Male,Bengaluru,Whitefield,2025-10-20,Pro,Other
U01754,28,Male,Bengaluru,Koramangala,2026-04-20,Basic,Referral
U01755,44,Female,Chennai,Adyar,2026-04-07,Basic,Instagram
U01756,42,Male,Pune,Viman Nagar,2026-01-08,Premium,YouTube
U01757,22,Female,Chennai,Velachery,2025-06-11,Premium,Instagram
U01758,22,Male,Hyderabad,Kondapur,2025-02-13,Basic,Referral
U01759,45,Male,Bengaluru,HSR Layout,2025-03-24,Basic,Google
U01760,38,Female,Hyderabad,Banjara Hills,2026-06-23,Basic,College/Community
U01761,23,Female,Hyderabad,Banjara Hills,2026-06-03,Pro,Google
U01762,19,Female,Pune,Wakad,2026-02-15,Premium,College/Community
U01763,23,Female,Bengaluru,Indiranagar,2025-12-07,Basic,Google
U01764,31,Female,Hyderabad,Gachibowli,2025-03-30,Basic,Google
U01765,28,Male,Bengaluru,Marathahalli,2025-08-18,Basic,Other
U01766,21,Female,Bengaluru,Marathahalli,2025-01-18,Basic,Instagram
U01767,41,Male,Mumbai,Borivali,2025-10-08,Basic,Referral
U01768,44,Male,Hyderabad,Madhapur,2026-02-26,Premium,Google
U01769,42,Male,Bengaluru,Yelahanka,2025-12-04,Basic,YouTube
U01770,26,Male,Bengaluru,Marathahalli,2025-09-23,Basic,Instagram
U01771,41,Male,Hyderabad,Banjara Hills,2025-12-21,Premium,Google
U01772,20,Female,Pune,Baner,2025-12-26,Basic,YouTube
U01773,43,Female,Chennai,Adyar,2025-08-05,Basic,Google
U01774,33,Male,Chennai,T Nagar,2025-11-17,Basic,Instagram
U01775,28,Male,Pune,Viman Nagar,2025-07-31,Basic,YouTube
U01776,44,Male,Bengaluru,Indiranagar,2025-07-22,Premium,Referral
U01777,21,Male,Mumbai,Borivali,2025-06-02,Premium,Instagram
U01778,18,Female,Hyderabad,Gachibowli,2026-03-05,Basic,Referral
U01779,42,Male,Bengaluru,Yelahanka,2025-10-14,Basic,College/Community
U01780,38,Male,Pune,Viman Nagar,2025-11-17,Basic,Instagram
U01781,39,Female,Bengaluru,Electronic City,2026-03-12,Basic,Referral
U01782,33,Female,Chennai,Adyar,2026-08-15,Basic,YouTube
U01783,36,Female,Hyderabad,Gachibowli,2026-05-11,Basic,Instagram
U01784,33,Female,Mumbai,Thane,2025-05-29,Basic,Instagram
U01785,28,Male,Mumbai,Thane,2026-06-26,Basic,Google
U01786,43,Male,Chennai,Adyar,2026-04-27,Premium,YouTube
U01787,25,Female,Mumbai,Bandra,2025-11-22,Premium,Instagram
U01788,40,Female,Mumbai,Thane,2025-01-29,Pro,College/Community
U01789,18,Male,Bengaluru,Yelahanka,2025-09-16,Basic,Referral
U01790,43,Male,Hyderabad,Banjara Hills,2025-03-16,Premium,Google
U01791,45,Female,Bengaluru,Marathahalli,2026-07-11,Premium,Referral
U01792,38,Male,Mumbai,Borivali,2026-08-04,Pro,Other
U01793,43,Male,Hyderabad,Gachibowli,2026-05-13,Basic,Instagram
U01794,26,Male,Mumbai,Bandra,2026-02-20,Premium,Referral
U01795,45,Male,Bengaluru,Electronic City,2025-12-06,Basic,Referral
U01796,44,Male,Bengaluru,Indiranagar,2025-11-04,Premium,Instagram
U01797,29,Male,Mumbai,Bandra,2025-08-29,Basic,Instagram
U01798,39,Female,Bengaluru,HSR Layout,2025-09-10,Premium,Instagram
U01799,25,Male,Bengaluru,Jayanagar,2025-08-08,Premium,Google
U01800,43,Male,Bengaluru,Indiranagar,2026-02-01,Basic,Instagram
U01801,34,Male,Chennai,Anna Nagar,2025-12-02,Basic,College/Community
U01802,27,Female,Mumbai,Bandra,2025-01-29,Basic,Other
U01803,44,Male,Bengaluru,Indiranagar,2026-05-09,Basic,Instagram
U01804,24,Male,Bengaluru,Electronic City,2026-05-17,Basic,Google
U01805,36,Female,Bengaluru,Indiranagar,2025-06-03,Basic,Instagram
U01806,42,Male,Pune,Baner,2025-08-19,Premium,Instagram
U01807,23,Female,Mumbai,Powai,2025-04-12,Basic,Google
U01808,38,Male,Bengaluru,Electronic City,2025-06-26,Premium,Google
U01809,41,Female,Bengaluru,Jayanagar,2025-08-20,Premium,Other
U01810,41,Female,Bengaluru,Jayanagar,2025-01-12,Pro,Google
U01811,45,Female,Mumbai,Thane,2025-07-05,Premium,Referral
U01812,45,Male,Pune,Viman Nagar,2025-09-23,Basic,Instagram
U01813,36,Female,Bengaluru,HSR Layout,2025-05-15,Premium,Instagram
U01814,35,Male,Bengaluru,Jayanagar,2025-01-31,Basic,College/Community
U01815,32,Female,Bengaluru,Koramangala,2026-04-01,Pro,Instagram
U01816,19,Female,Chennai,Adyar,2025-09-16,Premium,Other
U01817,31,Male,Bengaluru,Indiranagar,2025-04-14,Premium,Instagram
U01818,38,Female,Pune,Kothrud,2026-03-07,Basic,Referral
U01819,27,Male,Mumbai,Andheri,2026-01-17,Basic,Other
U01820,45,Male,Bengaluru,Jayanagar,2026-04-14,Premium,Instagram
U01821,33,Female,Bengaluru,Indiranagar,2026-05-28,Premium,Google
U01822,24,Male,Bengaluru,Marathahalli,2025-07-26,Basic,YouTube
U01823,25,Male,Mumbai,Thane,2026-03-23,Pro,Instagram
U01824,27,Male,Pune,Baner,2025-03-30,Basic,YouTube
U01825,32,Female,Mumbai,Borivali,2025-07-14,Basic,Instagram
U01826,25,Male,Hyderabad,Gachibowli,2026-02-18,Premium,Instagram
U01827,30,Male,Bengaluru,Electronic City,2025-05-02,Basic,Instagram
U01828,29,Female,Chennai,Anna Nagar,2026-04-07,Basic,College/Community
U01829,25,Male,Pune,Kothrud,2025-04-26,Premium,Instagram
U01830,32,Male,Bengaluru,Indiranagar,2025-07-15,Basic,Instagram
U01831,43,Female,Chennai,Anna Nagar,2025-02-05,Basic,Referral
U01832,29,Male,Mumbai,Andheri,2025-03-08,Premium,Google
U01833,28,Female,Hyderabad,Banjara Hills,2025-10-08,Premium,Google
U01834,36,Male,Mumbai,Borivali,2026-04-24,Basic,Instagram
U01835,31,Female,Pune,Viman Nagar,2025-01-11,Basic,YouTube
U01836,44,Female,Mumbai,Thane,2025-11-18,Basic,Referral
U01837,35,Male,Bengaluru,Marathahalli,2025-08-28,Premium,Google
U01838,30,Male,Bengaluru,Marathahalli,2025-03-01,Basic,Instagram
U01839,21,Other,Chennai,Velachery,2026-07-16,Premium,Referral
U01840,34,Male,Bengaluru,Indiranagar,2025-06-14,Premium,YouTube
U01841,36,Male,Bengaluru,HSR Layout,2025-07-08,Basic,Google
U01842,44,Female,Hyderabad,Kondapur,2026-05-02,Basic,Instagram
U01843,26,Female,Hyderabad,Banjara Hills,2025-04-02,Pro,Instagram
U01844,40,Female,Mumbai,Bandra,2025-10-16,Basic,YouTube
U01845,24,Male,Chennai,T Nagar,2026-05-24,Basic,Other
U01846,18,Male,Bengaluru,Marathahalli,2025-03-16,Pro,Instagram
U01847,24,Female,Bengaluru,Marathahalli,2026-07-11,Pro,Google
U01848,43,Female,Bengaluru,Marathahalli,2026-03-04,Basic,Instagram
U01849,24,Female,Pune,Wakad,2026-01-20,Basic,Google
U01850,37,Other,Mumbai,Powai,2025-02-22,Pro,Google
U01851,24,Female,Bengaluru,Indiranagar,2025-06-24,Premium,Other
U01852,25,Male,Pune,Viman Nagar,2026-08-02,Basic,Instagram
U01853,33,Female,Pune,Kothrud,2026-04-19,Basic,YouTube
U01854,20,Male,Pune,Hinjewadi,2025-12-27,Basic,Google
U01855,30,Male,Chennai,T Nagar,2025-09-27,Premium,College/Community
U01856,27,Male,Bengaluru,Indiranagar,2026-02-11,Basic,Referral
U01857,35,Female,Pune,Hinjewadi,2025-05-04,Premium,Instagram
U01858,24,Female,Hyderabad,Kukatpally,2026-01-11,Premium,Other
U01859,38,Male,Pune,Kothrud,2026-01-27,Premium,Instagram
U01860,38,Male,Mumbai,Andheri,2025-07-01,Premium,Referral
U01861,22,Male,Pune,Baner,2025-02-05,Premium,College/Community
U01862,40,Female,Mumbai,Thane,2025-07-31,Basic,Instagram
U01863,42,Female,Bengaluru,Koramangala,2025-05-14,Basic,Referral
U01864,44,Male,Hyderabad,Kondapur,2026-05-06,Premium,College/Community
U01865,41,Female,Chennai,T Nagar,2026-03-14,Basic,Other
U01866,39,Male,Chennai,Velachery,2025-02-15,Basic,YouTube
U01867,24,Male,Bengaluru,Marathahalli,2026-02-05,Basic,Google
U01868,42,Male,Bengaluru,HSR Layout,2026-05-03,Basic,YouTube
U01869,44,Female,Bengaluru,Whitefield,2026-03-08,Premium,YouTube
U01870,39,Male,Mumbai,Bandra,2026-03-04,Premium,YouTube
U01871,34,Female,Pune,Baner,2026-07-26,Basic,College/Community
U01872,21,Male,Bengaluru,Jayanagar,2026-06-01,Premium,Instagram
U01873,41,Male,Hyderabad,Kondapur,2026-04-07,Basic,Instagram
U01874,40,Male,Pune,Hinjewadi,2025-06-30,Premium,Referral
U01875,33,Male,Mumbai,Powai,2025-05-25,Basic,Other
U01876,36,Male,Hyderabad,Kondapur,2025-09-22,Premium,Google
U01877,27,Female,Hyderabad,Kondapur,2026-02-10,Basic,Other
U01878,20,Male,Hyderabad,Kukatpally,2026-04-29,Basic,Other
U01879,44,Female,Bengaluru,Koramangala,2026-04-27,Premium,College/Community
U01880,20,Male,Hyderabad,Gachibowli,2025-08-25,Basic,College/Community
U01881,45,Male,Mumbai,Bandra,2026-06-09,Pro,College/Community
U01882,34,Male,Pune,Kothrud,2025-12-05,Premium,College/Community
U01883,27,Female,Mumbai,Thane,2025-09-25,Basic,YouTube
U01884,34,Male,Pune,Viman Nagar,2025-09-23,Premium,Instagram
U01885,39,Male,Bengaluru,Whitefield,2026-06-12,Basic,Instagram
U01886,34,Female,Hyderabad,Banjara Hills,2025-04-02,Basic,Instagram
U01887,38,Male,Bengaluru,Jayanagar,2025-09-05,Pro,Instagram
U01888,21,Female,Bengaluru,Whitefield,2025-01-19,Basic,Instagram
U01889,38,Male,Mumbai,Powai,2026-01-25,Premium,College/Community
U01890,40,Female,Chennai,Adyar,2026-01-23,Basic,Referral
U01891,23,Male,Bengaluru,Marathahalli,2025-04-05,Premium,Google
U01892,29,Female,Bengaluru,Indiranagar,2026-03-06,Basic,YouTube
U01893,42,Male,Pune,Wakad,2025-02-06,Basic,Referral
U01894,39,Male,Bengaluru,Koramangala,2026-01-28,Pro,Instagram
U01895,42,Male,Hyderabad,Gachibowli,2026-07-27,Basic,College/Community
U01896,37,Male,Mumbai,Powai,2025-10-18,Premium,Google
U01897,34,Female,Mumbai,Thane,2025-10-30,Basic,YouTube
U01898,34,Male,Bengaluru,Marathahalli,2026-02-05,Basic,Google
U01899,27,Male,Bengaluru,Yelahanka,2025-12-10,Basic,Referral
U01900,24,Male,Pune,Wakad,2026-06-02,Basic,College/Community
U01901,33,Male,Hyderabad,Banjara Hills,2026-01-12,Basic,Instagram
U01902,30,Male,Bengaluru,Koramangala,2025-06-14,Pro,Other
U01903,20,Male,Pune,Baner,2025-01-13,Premium,Instagram
U01904,19,Female,Bengaluru,Marathahalli,2025-01-25,Basic,Referral
U01905,33,Female,Mumbai,Borivali,2025-05-03,Basic,College/Community
U01906,23,Male,Bengaluru,Whitefield,2025-05-09,Premium,Other
U01907,23,Female,Chennai,T Nagar,2026-07-01,Pro,Instagram
U01908,30,Male,Bengaluru,Koramangala,2026-08-18,Pro,Instagram
U01909,24,Male,Bengaluru,Whitefield,2025-11-05,Premium,YouTube
U01910,22,Male,Bengaluru,HSR Layout,2026-03-12,Basic,Instagram
U01911,41,Male,Bengaluru,Koramangala,2025-07-01,Pro,Referral
U01912,24,Male,Pune,Wakad,2026-08-11,Premium,YouTube
U01913,19,Female,Chennai,Adyar,2025-02-12,Basic,Referral
U01914,34,Female,Bengaluru,Electronic City,2026-02-08,Basic,Instagram
U01915,30,Male,Hyderabad,Madhapur,2026-08-13,Basic,Referral
U01916,42,Male,Mumbai,Powai,2025-09-20,Premium,Other
U01917,38,Female,Pune,Kothrud,2025-03-11,Basic,Referral
U01918,45,Male,Hyderabad,Madhapur,2025-10-19,Basic,YouTube
U01919,44,Female,Bengaluru,Yelahanka,2025-08-02,Basic,Google
U01920,38,Male,Bengaluru,Marathahalli,2025-05-27,Basic,Instagram
U01921,45,Male,Mumbai,Bandra,2025-01-25,Basic,Google
U01922,33,Male,Bengaluru,Indiranagar,2025-11-19,Premium,Referral
U01923,43,Female,Mumbai,Borivali,2025-04-19,Basic,Google
U01924,37,Female,Bengaluru,Electronic City,2025-09-08,Pro,Referral
U01925,19,Male,Pune,Baner,2026-04-27,Premium,YouTube
U01926,22,Female,Bengaluru,Indiranagar,2025-06-24,Pro,YouTube
U01927,35,Male,Hyderabad,Madhapur,2025-12-13,Premium,Instagram
U01928,45,Male,Hyderabad,Kondapur,2025-06-19,Basic,YouTube
U01929,24,Female,Mumbai,Thane,2025-01-02,Basic,YouTube
U01930,28,Female,Bengaluru,Electronic City,2026-07-12,Basic,Instagram
U01931,42,Male,Hyderabad,Gachibowli,2025-12-28,Pro,Instagram
U01932,42,Male,Hyderabad,Kondapur,2025-10-23,Basic,Referral
U01933,28,Female,Hyderabad,Kondapur,2026-07-24,Basic,Google
U01934,39,Female,Mumbai,Bandra,2026-08-13,Premium,Instagram
U01935,34,Female,Mumbai,Andheri,2025-07-21,Pro,Instagram
U01936,33,Male,Pune,Wakad,2025-10-16,Premium,Instagram
U01937,30,Female,Bengaluru,Whitefield,2025-03-03,Premium,Other
U01938,39,Male,Pune,Baner,2026-05-17,Basic,YouTube
U01939,22,Female,Hyderabad,Gachibowli,2025-05-06,Basic,Referral
U01940,37,Male,Bengaluru,Yelahanka,2025-02-18,Basic,Other
U01941,33,Male,Bengaluru,Marathahalli,2026-08-23,Premium,Referral
U01942,45,Male,Bengaluru,HSR Layout,2025-06-28,Basic,YouTube
U01943,39,Female,Pune,Hinjewadi,2026-08-04,Basic,Google
U01944,39,Female,Mumbai,Andheri,2026-05-08,Pro,Referral
U01945,33,Male,Pune,Baner,2026-03-09,Basic,Instagram
U01946,33,Male,Hyderabad,Kukatpally,2026-07-26,Premium,Google
U01947,31,Female,Hyderabad,Madhapur,2025-10-29,Premium,Instagram
U01948,23,Male,Bengaluru,Koramangala,2025-06-18,Premium,Instagram
U01949,19,Female,Bengaluru,HSR Layout,2025-09-26,Basic,Instagram
U01950,31,Female,Hyderabad,Madhapur,2025-12-30,Basic,Google
U01951,33,Male,Bengaluru,Jayanagar,2025-04-10,Premium,College/Community
U01952,40,Male,Bengaluru,Jayanagar,2025-08-03,Premium,Google
U01953,37,Male,Hyderabad,Kukatpally,2025-04-07,Basic,College/Community
U01954,30,Male,Mumbai,Powai,2026-07-02,Basic,Referral
U01955,32,Male,Chennai,OMR,2025-12-03,Basic,Referral
U01956,29,Female,Chennai,OMR,2025-12-25,Pro,Instagram
U01957,26,Male,Mumbai,Powai,2025-10-17,Basic,Other
U01958,43,Male,Hyderabad,Kondapur,2026-01-31,Basic,Instagram
U01959,35,Female,Mumbai,Andheri,2025-12-26,Premium,YouTube
U01960,38,Female,Pune,Wakad,2025-12-13,Basic,Referral
U01961,31,Female,Bengaluru,Koramangala,2025-05-04,Pro,Google
U01962,37,Male,Bengaluru,HSR Layout,2026-07-06,Basic,Instagram
U01963,42,Female,Pune,Hinjewadi,2026-06-22,Basic,Google
U01964,21,Female,Bengaluru,Marathahalli,2026-02-26,Basic,College/Community
U01965,25,Male,Hyderabad,Gachibowli,2025-12-02,Basic,College/Community
U01966,25,Male,Hyderabad,Madhapur,2026-05-18,Basic,Other
U01967,39,Male,Bengaluru,Koramangala,2025-02-26,Basic,Google
U01968,39,Female,Bengaluru,Koramangala,2025-03-17,Basic,Google
U01969,33,Male,Bengaluru,Whitefield,2026-04-11,Premium,Instagram
U01970,44,Female,Bengaluru,Whitefield,2025-10-12,Basic,Other
U01971,41,Female,Bengaluru,HSR Layout,2026-01-21,Pro,Google
U01972,45,Male,Pune,Kothrud,2025-09-16,Premium,Google
U01973,45,Male,Bengaluru,Koramangala,2026-04-22,Basic,College/Community
U01974,27,Male,Hyderabad,Madhapur,2025-01-11,Basic,Referral
U01975,42,Male,Bengaluru,Koramangala,2025-09-17,Basic,Referral
U01976,38,Female,Chennai,Adyar,2026-01-28,Basic,Instagram
U01977,44,Female,Bengaluru,Whitefield,2026-08-23,Basic,Referral
U01978,34,Male,Hyderabad,Banjara Hills,2026-01-04,Basic,College/Community
U01979,18,Female,Pune,Wakad,2025-07-03,Premium,Referral
U01980,35,Male,Pune,Kothrud,2025-01-16,Basic,Google
U01981,27,Male,Bengaluru,Electronic City,2026-05-21,Basic,Instagram
U01982,43,Male,Pune,Hinjewadi,2025-03-27,Basic,Google
U01983,38,Male,Hyderabad,Banjara Hills,2025-01-10,Premium,Referral
U01984,21,Female,Hyderabad,Kukatpally,2026-04-22,Basic,Instagram
U01985,18,Female,Bengaluru,Electronic City,2025-06-13,Premium,Referral
U01986,21,Male,Bengaluru,HSR Layout,2025-01-24,Basic,Referral
U01987,21,Male,Mumbai,Bandra,2026-07-30,Pro,YouTube
U01988,43,Male,Hyderabad,Kukatpally,2025-11-08,Basic,Instagram
U01989,21,Male,Hyderabad,Banjara Hills,2025-08-26,Pro,YouTube
U01990,34,Female,Mumbai,Bandra,2026-04-07,Premium,Referral
U01991,26,Female,Pune,Baner,2026-04-07,Basic,Google
U01992,36,Female,Bengaluru,HSR Layout,2025-08-26,Basic,Other
U01993,30,Male,Mumbai,Borivali,2025-01-22,Basic,Instagram
U01994,21,Male,Bengaluru,Whitefield,2025-06-29,Pro,Referral
U01995,22,Male,Pune,Hinjewadi,2026-07-13,Premium,Google
U01996,30,Male,Mumbai,Powai,2026-05-14,Basic,Referral
U01997,40,Male,Chennai,OMR,2026-04-20,Basic,Referral
U01998,33,Male,Bengaluru,Yelahanka,2025-12-05,Basic,Instagram
U01999,39,Male,Bengaluru,Whitefield,2026-06-15,Basic,Referral
U02000,22,Female,Bengaluru,Marathahalli,2025-06-11,Basic,Referral
U02001,25,Female,Bengaluru,HSR Layout,2025-03-02,Basic,YouTube
U02002,33,Male,Bengaluru,Marathahalli,2025-03-26,Basic,Instagram
U02003,18,Female,Chennai,T Nagar,2026-07-01,Basic,Google
U02004,40,Male,Bengaluru,Marathahalli,2026-05-05,Basic,Referral
U02005,45,Male,Bengaluru,Marathahalli,2025-01-05,Basic,Instagram
U02006,23,Female,Pune,Kothrud,2025-03-17,Basic,YouTube
U02007,28,Male,Hyderabad,Gachibowli,2025-09-10,Basic,Instagram
U02008,33,Female,Pune,Hinjewadi,2025-01-07,Pro,Google
U02009,22,Male,Bengaluru,Koramangala,2026-04-18,Premium,College/Community
U02010,33,Female,Hyderabad,Gachibowli,2025-05-18,Pro,YouTube
U02011,24,Male,Bengaluru,Jayanagar,2025-12-24,Basic,Referral
U02012,36,Female,Bengaluru,Jayanagar,2025-06-12,Premium,College/Community
U02013,18,Female,Chennai,Anna Nagar,2025-11-14,Basic,YouTube
U02014,26,Female,Bengaluru,Koramangala,2026-04-03,Basic,Referral
U02015,35,Female,Hyderabad,Banjara Hills,2025-09-10,Basic,Other
U02016,30,Male,Bengaluru,Koramangala,2025-07-20,Premium,YouTube
U02017,43,Male,Bengaluru,Indiranagar,2026-06-16,Pro,Referral
U02018,32,Female,Chennai,OMR,2025-06-14,Basic,Google
U02019,20,Male,Bengaluru,Marathahalli,2025-08-20,Basic,College/Community
U02020,41,Female,Mumbai,Borivali,2025-11-24,Premium,Google
U02021,45,Male,Chennai,Velachery,2025-08-26,Pro,Instagram
U02022,27,Male,Hyderabad,Banjara Hills,2025-04-30,Premium,Instagram
U02023,26,Male,Chennai,Anna Nagar,2025-09-07,Basic,Instagram
U02024,30,Female,Bengaluru,Whitefield,2025-12-02,Basic,Google
U02025,33,Female,Bengaluru,Marathahalli,2025-10-11,Basic,College/Community
U02026,20,Male,Bengaluru,Marathahalli,2025-07-17,Premium,Referral
U02027,39,Male,Mumbai,Andheri,2026-02-20,Premium,Instagram
U02028,40,Male,Chennai,Anna Nagar,2026-01-30,Basic,YouTube
U02029,32,Male,Bengaluru,Indiranagar,2025-05-31,Basic,Referral
U02030,34,Other,Mumbai,Thane,2025-09-22,Pro,Referral
U02031,31,Male,Bengaluru,Jayanagar,2025-08-08,Premium,Google
U02032,24,Male,Hyderabad,Madhapur,2025-08-04,Pro,College/Community
U02033,37,Male,Hyderabad,Kondapur,2025-11-11,Basic,Google
U02034,33,Male,Chennai,Adyar,2025-08-04,Premium,Instagram
U02035,38,Female,Mumbai,Borivali,2025-12-01,Premium,Google
U02036,25,Male,Bengaluru,Marathahalli,2025-12-25,Basic,YouTube
U02037,21,Male,Bengaluru,Jayanagar,2025-06-10,Pro,Referral
U02038,37,Female,Bengaluru,Jayanagar,2026-05-26,Basic,Instagram
U02039,41,Male,Bengaluru,Marathahalli,2025-06-06,Premium,Instagram
U02040,32,Female,Bengaluru,Jayanagar,2025-06-11,Pro,Referral
U02041,22,Male,Pune,Kothrud,2025-02-11,Basic,YouTube
U02042,30,Female,Hyderabad,Kondapur,2025-06-29,Premium,Google
U02043,23,Male,Hyderabad,Kukatpally,2025-10-30,Basic,College/Community
U02044,45,Male,Bengaluru,Jayanagar,2025-11-26,Premium,Other
U02045,44,Male,Pune,Baner,2026-07-17,Premium,Instagram
U02046,22,Male,Mumbai,Bandra,2026-03-05,Basic,Referral
U02047,34,Male,Bengaluru,Koramangala,2025-12-16,Premium,Instagram
U02048,24,Male,Mumbai,Bandra,2025-04-30,Basic,YouTube
U02049,23,Female,Hyderabad,Kondapur,2025-03-16,Basic,Google
U02050,19,Female,Bengaluru,Marathahalli,2025-05-03,Basic,Instagram
U02051,28,Male,Hyderabad,Kondapur,2025-07-01,Premium,YouTube
U02052,24,Male,Hyderabad,Kukatpally,2025-09-14,Basic,College/Community
U02053,39,Female,Bengaluru,Marathahalli,2026-08-21,Premium,Instagram
U02054,38,Female,Chennai,OMR,2026-08-06,Basic,Instagram
U02055,25,Male,Pune,Kothrud,2025-09-26,Premium,Google
U02056,22,Male,Mumbai,Andheri,2026-05-08,Basic,Referral
U02057,44,Male,Hyderabad,Banjara Hills,2025-06-29,Premium,YouTube
U02058,35,Male,Bengaluru,Whitefield,2025-05-29,Premium,Referral
U02059,39,Female,Mumbai,Andheri,2026-06-02,Pro,Referral
U02060,33,Female,Hyderabad,Madhapur,2025-05-28,Premium,YouTube
U02061,31,Female,Bengaluru,Indiranagar,2025-01-09,Premium,Referral
U02062,29,Male,Hyderabad,Banjara Hills,2025-06-27,Pro,Referral
U02063,34,Male,Pune,Viman Nagar,2026-01-30,Premium,Referral
U02064,22,Female,Hyderabad,Banjara Hills,2025-11-27,Basic,College/Community
U02065,31,Male,Bengaluru,Indiranagar,2025-02-25,Premium,Instagram
U02066,23,Male,Pune,Wakad,2025-07-26,Premium,Google
U02067,32,Male,Bengaluru,Koramangala,2025-04-15,Basic,Instagram
U02068,24,Male,Bengaluru,Yelahanka,2026-07-01,Premium,College/Community
U02069,31,Male,Bengaluru,Whitefield,2025-12-21,Premium,Google
U02070,35,Male,Bengaluru,Electronic City,2026-05-04,Pro,Google
U02071,18,Female,Pune,Wakad,2026-08-16,Pro,Other
U02072,23,Female,Hyderabad,Gachibowli,2026-05-18,Basic,Other
U02073,20,Male,Bengaluru,HSR Layout,2025-02-19,Basic,Other
U02074,22,Female,Pune,Hinjewadi,2025-03-28,Basic,Instagram
U02075,29,Male,Pune,Viman Nagar,2025-10-30,Basic,College/Community
U02076,28,Male,Pune,Wakad,2025-01-01,Premium,Google
U02077,30,Female,Bengaluru,Jayanagar,2026-01-16,Basic,Instagram
U02078,33,Male,Hyderabad,Madhapur,2025-12-28,Premium,Google
U02079,35,Male,Chennai,Anna Nagar,2026-01-16,Premium,Referral
U02080,34,Female,Pune,Kothrud,2025-06-11,Premium,Instagram
U02081,34,Female,Bengaluru,Marathahalli,2025-01-19,Basic,Referral
U02082,28,Male,Bengaluru,HSR Layout,2025-08-31,Basic,College/Community
U02083,37,Male,Hyderabad,Banjara Hills,2025-05-09,Basic,Google
U02084,27,Male,Chennai,Anna Nagar,2025-06-25,Basic,Google
U02085,33,Male,Hyderabad,Madhapur,2026-02-13,Pro,Google
U02086,19,Male,Hyderabad,Madhapur,2025-03-25,Premium,Other
U02087,34,Male,Bengaluru,Marathahalli,2026-01-11,Basic,Instagram
U02088,39,Female,Mumbai,Powai,2025-08-10,Premium,Google
U02089,37,Male,Pune,Baner,2025-11-21,Basic,Google
U02090,27,Male,Bengaluru,Yelahanka,2026-03-27,Premium,College/Community
U02091,30,Male,Pune,Hinjewadi,2026-02-20,Basic,Instagram
U02092,29,Male,Chennai,Velachery,2026-03-21,Premium,Google
U02093,32,Other,Bengaluru,Marathahalli,2025-11-21,Basic,Google
U02094,24,Male,Hyderabad,Gachibowli,2026-06-07,Basic,College/Community
U02095,44,Female,Bengaluru,HSR Layout,2025-06-15,Basic,Instagram
U02096,39,Female,Pune,Viman Nagar,2025-08-26,Basic,Referral
U02097,38,Female,Hyderabad,Banjara Hills,2025-01-13,Premium,Instagram
U02098,43,Male,Mumbai,Bandra,2025-09-14,Basic,Other
U02099,45,Female,Pune,Kothrud,2026-05-29,Premium,Referral
U02100,30,Male,Bengaluru,Electronic City,2025-07-29,Premium,Referral
U02101,29,Male,Chennai,Adyar,2026-04-29,Premium,Google
U02102,29,Male,Hyderabad,Kukatpally,2025-12-31,Premium,Google
U02103,45,Male,Bengaluru,Indiranagar,2025-08-13,Basic,Instagram
U02104,19,Male,Mumbai,Andheri,2025-07-13,Basic,Referral
U02105,22,Male,Pune,Kothrud,2025-07-15,Pro,Other
U02106,42,Male,Bengaluru,HSR Layout,2026-02-04,Basic,Google
U02107,42,Female,Pune,Viman Nagar,2025-02-26,Basic,College/Community
U02108,19,Male,Chennai,Velachery,2025-08-01,Premium,Instagram
U02109,40,Male,Bengaluru,Yelahanka,2025-10-06,Basic,Other
U02110,43,Other,Chennai,Adyar,2026-01-15,Premium,Google
U02111,37,Male,Bengaluru,HSR Layout,2025-04-27,Pro,Google
U02112,30,Female,Bengaluru,Jayanagar,2026-03-27,Basic,Google
U02113,20,Female,Bengaluru,HSR Layout,2026-08-22,Premium,YouTube
U02114,28,Male,Chennai,T Nagar,2026-02-14,Basic,YouTube
U02115,33,Male,Mumbai,Thane,2026-01-02,Basic,Referral
U02116,18,Female,Bengaluru,Jayanagar,2025-04-23,Premium,Referral
U02117,36,Female,Hyderabad,Madhapur,2025-06-13,Premium,Instagram
U02118,28,Female,Mumbai,Powai,2025-01-04,Premium,Google
U02119,26,Male,Bengaluru,Whitefield,2025-01-23,Pro,Google
U02120,31,Female,Pune,Wakad,2025-04-02,Basic,Referral
U02121,26,Male,Pune,Viman Nagar,2026-04-14,Premium,Referral
U02122,24,Male,Hyderabad,Banjara Hills,2025-06-04,Basic,YouTube
U02123,33,Male,Chennai,T Nagar,2025-07-26,Basic,YouTube
U02124,20,Male,Bengaluru,Electronic City,2025-03-22,Basic,Instagram
U02125,36,Female,Chennai,OMR,2026-04-28,Premium,YouTube
U02126,21,Female,Mumbai,Powai,2026-08-15,Basic,Instagram
U02127,24,Female,Mumbai,Powai,2026-02-11,Premium,YouTube
U02128,40,Male,Bengaluru,Whitefield,2025-04-13,Premium,Instagram
U02129,45,Male,Pune,Hinjewadi,2025-08-28,Basic,YouTube
U02130,29,Female,Hyderabad,Kondapur,2025-09-22,Premium,Referral
U02131,35,Male,Bengaluru,Electronic City,2025-02-02,Basic,Google
U02132,45,Female,Bengaluru,HSR Layout,2025-02-04,Basic,YouTube
U02133,22,Female,Hyderabad,Gachibowli,2025-09-06,Premium,Instagram
U02134,40,Female,Hyderabad,Gachibowli,2025-02-19,Basic,Instagram
U02135,40,Male,Mumbai,Powai,2025-10-07,Premium,Referral
U02136,39,Female,Chennai,Adyar,2025-06-01,Premium,College/Community
U02137,43,Female,Bengaluru,Electronic City,2026-07-05,Basic,Google
U02138,27,Male,Mumbai,Andheri,2026-06-21,Premium,Google
U02139,29,Female,Bengaluru,Jayanagar,2025-08-18,Basic,Referral
U02140,25,Male,Pune,Viman Nagar,2025-10-15,Basic,Referral
U02141,36,Male,Pune,Viman Nagar,2026-01-30,Basic,Google
U02142,32,Female,Hyderabad,Banjara Hills,2026-03-29,Basic,College/Community
U02143,18,Female,Mumbai,Powai,2025-02-02,Basic,Referral
U02144,20,Female,Bengaluru,Koramangala,2025-12-29,Pro,Instagram
U02145,44,Male,Hyderabad,Banjara Hills,2025-04-21,Basic,Instagram
U02146,35,Male,Pune,Baner,2025-05-01,Premium,Google
U02147,35,Female,Hyderabad,Madhapur,2025-01-16,Basic,YouTube
U02148,19,Male,Bengaluru,Whitefield,2026-06-07,Basic,Instagram
U02149,22,Male,Hyderabad,Gachibowli,2025-04-08,Basic,Other
U02150,18,Male,Pune,Viman Nagar,2025-04-26,Premium,Google
U02151,27,Male,Bengaluru,HSR Layout,2026-04-16,Basic,Referral
U02152,37,Female,Bengaluru,Yelahanka,2026-03-15,Basic,Instagram
U02153,27,Female,Mumbai,Powai,2025-10-08,Basic,College/Community
U02154,22,Male,Pune,Wakad,2025-12-15,Premium,YouTube
U02155,35,Male,Bengaluru,HSR Layout,2025-08-20,Basic,Instagram
U02156,38,Male,Bengaluru,Whitefield,2025-04-21,Premium,Other
U02157,43,Male,Bengaluru,Whitefield,2025-12-18,Basic,Google
U02158,32,Male,Bengaluru,Electronic City,2025-01-12,Premium,YouTube
U02159,37,Male,Hyderabad,Kondapur,2026-05-03,Basic,College/Community
U02160,25,Female,Mumbai,Andheri,2026-06-17,Basic,YouTube
U02161,34,Female,Mumbai,Thane,2025-10-12,Basic,College/Community
U02162,29,Male,Mumbai,Powai,2026-06-29,Pro,College/Community
U02163,38,Female,Bengaluru,Whitefield,2026-01-27,Basic,Other
U02164,44,Female,Pune,Viman Nagar,2025-06-19,Pro,Instagram
U02165,29,Male,Hyderabad,Madhapur,2025-03-18,Basic,Google
U02166,43,Male,Chennai,Velachery,2025-10-24,Basic,Referral
U02167,18,Male,Mumbai,Thane,2025-11-26,Basic,YouTube
U02168,43,Male,Bengaluru,Jayanagar,2025-03-04,Basic,Referral
U02169,43,Female,Mumbai,Andheri,2025-09-27,Pro,Instagram
U02170,21,Female,Bengaluru,Yelahanka,2025-08-04,Premium,College/Community
U02171,25,Male,Mumbai,Thane,2025-07-09,Premium,Other
U02172,18,Female,Bengaluru,Jayanagar,2025-03-16,Basic,Google
U02173,44,Female,Bengaluru,Yelahanka,2026-05-25,Basic,Instagram
U02174,32,Male,Pune,Viman Nagar,2026-08-02,Pro,Instagram
U02175,35,Male,Bengaluru,Whitefield,2025-04-03,Basic,Instagram
U02176,18,Female,Pune,Kothrud,2025-02-22,Premium,YouTube
U02177,28,Female,Bengaluru,Jayanagar,2026-05-11,Basic,College/Community
U02178,40,Female,Mumbai,Bandra,2025-04-04,Pro,Instagram
U02179,19,Female,Mumbai,Bandra,2025-08-17,Premium,Referral
U02180,18,Male,Hyderabad,Gachibowli,2025-09-07,Pro,YouTube
U02181,29,Male,Bengaluru,HSR Layout,2026-01-26,Basic,Google
U02182,33,Male,Bengaluru,Yelahanka,2025-07-01,Basic,Referral
U02183,39,Male,Bengaluru,Whitefield,2025-09-24,Basic,YouTube
U02184,39,Female,Bengaluru,Marathahalli,2025-10-08,Premium,College/Community
U02185,27,Other,Mumbai,Andheri,2025-03-24,Premium,Google
U02186,35,Female,Chennai,Adyar,2025-07-05,Basic,YouTube
U02187,32,Male,Pune,Baner,2026-07-21,Basic,Google
U02188,34,Male,Pune,Wakad,2026-06-15,Basic,Instagram
U02189,27,Male,Pune,Kothrud,2025-12-14,Premium,Instagram
U02190,20,Male,Mumbai,Andheri,2026-02-27,Basic,Google
U02191,43,Female,Bengaluru,Koramangala,2026-03-30,Premium,Instagram
U02192,38,Male,Chennai,Anna Nagar,2025-09-24,Basic,Google
U02193,33,Female,Mumbai,Borivali,2026-05-22,Basic,Referral
U02194,23,Female,Hyderabad,Kukatpally,2025-05-22,Pro,Referral
U02195,20,Male,Bengaluru,HSR Layout,2025-11-12,Basic,Instagram
U02196,26,Male,Hyderabad,Madhapur,2025-08-20,Basic,Google
U02197,28,Female,Hyderabad,Gachibowli,2025-10-24,Basic,Referral
U02198,38,Male,Pune,Hinjewadi,2026-07-26,Basic,Google
U02199,30,Female,Hyderabad,Kukatpally,2025-01-22,Premium,Google
U02200,35,Female,Bengaluru,Electronic City,2026-01-19,Basic,YouTube
U02201,43,Male,Chennai,Adyar,2025-05-06,Premium,Instagram
U02202,39,Male,Bengaluru,Marathahalli,2025-04-13,Basic,Google
U02203,45,Male,Hyderabad,Gachibowli,2025-04-20,Premium,Instagram
U02204,41,Female,Bengaluru,Yelahanka,2026-07-24,Premium,Instagram
U02205,44,Male,Mumbai,Bandra,2026-04-17,Pro,Other
U02206,39,Female,Chennai,Adyar,2025-03-06,Pro,Google
U02207,21,Female,Bengaluru,HSR Layout,2026-04-17,Basic,Referral
U02208,39,Female,Pune,Viman Nagar,2026-07-24,Basic,YouTube
U02209,41,Male,Bengaluru,Marathahalli,2025-03-17,Premium,Instagram
U02210,25,Female,Chennai,Anna Nagar,2025-01-19,Basic,Instagram
U02211,30,Female,Pune,Baner,2026-01-19,Basic,College/Community
U02212,27,Male,Pune,Baner,2025-07-09,Basic,College/Community
U02213,19,Female,Bengaluru,Koramangala,2025-12-26,Basic,Google
U02214,25,Male,Chennai,OMR,2026-03-28,Basic,Google
U02215,23,Female,Mumbai,Bandra,2025-03-20,Basic,YouTube
U02216,33,Male,Bengaluru,Indiranagar,2026-08-19,Basic,Google
U02217,35,Female,Pune,Wakad,2025-06-21,Premium,Instagram
U02218,34,Male,Bengaluru,Marathahalli,2025-07-31,Basic,Google
U02219,23,Female,Pune,Hinjewadi,2026-03-21,Pro,Google
U02220,30,Female,Bengaluru,HSR Layout,2025-05-29,Basic,Instagram
U02221,40,Male,Mumbai,Powai,2025-01-10,Premium,Referral
U02222,31,Male,Hyderabad,Kondapur,2026-06-26,Basic,YouTube
U02223,43,Female,Bengaluru,Marathahalli,2025-02-24,Basic,Referral
U02224,38,Male,Bengaluru,Jayanagar,2025-06-29,Basic,Instagram
U02225,27,Male,Bengaluru,Yelahanka,2026-01-16,Basic,Google
U02226,41,Male,Hyderabad,Kukatpally,2026-02-26,Premium,YouTube
U02227,28,Female,Bengaluru,Marathahalli,2026-03-27,Premium,Instagram
U02228,30,Female,Hyderabad,Gachibowli,2025-04-03,Basic,Instagram
U02229,29,Female,Bengaluru,Marathahalli,2026-06-04,Basic,Google
U02230,26,Female,Bengaluru,Marathahalli,2026-02-17,Basic,Instagram
U02231,21,Female,Mumbai,Andheri,2026-01-29,Basic,Other
U02232,24,Male,Bengaluru,Whitefield,2025-11-27,Basic,Referral
U02233,41,Male,Chennai,Velachery,2026-03-09,Pro,Google
U02234,39,Male,Pune,Baner,2025-06-12,Basic,YouTube
U02235,19,Female,Mumbai,Bandra,2025-02-09,Premium,Google
U02236,24,Female,Hyderabad,Kukatpally,2025-03-26,Premium,Instagram
U02237,26,Male,Chennai,Velachery,2026-08-13,Premium,Instagram
U02238,22,Female,Bengaluru,Jayanagar,2025-04-01,Basic,Referral
U02239,32,Male,Bengaluru,Yelahanka,2026-04-29,Premium,Instagram
U02240,35,Female,Bengaluru,Marathahalli,2026-01-20,Premium,Google
U02241,21,Male,Pune,Wakad,2025-07-12,Basic,Instagram
U02242,36,Male,Bengaluru,Jayanagar,2025-09-10,Basic,Instagram
U02243,37,Female,Hyderabad,Madhapur,2025-09-01,Pro,YouTube
U02244,43,Female,Chennai,OMR,2025-09-27,Premium,College/Community
U02245,24,Male,Pune,Baner,2025-01-19,Basic,YouTube
U02246,43,Male,Hyderabad,Banjara Hills,2025-02-09,Basic,Referral
U02247,25,Female,Bengaluru,Whitefield,2026-05-31,Basic,College/Community
U02248,34,Female,Pune,Wakad,2025-02-02,Basic,Instagram
U02249,30,Female,Hyderabad,Kukatpally,2026-03-26,Basic,Instagram
U02250,41,Male,Bengaluru,Indiranagar,2026-06-23,Basic,Google
U02251,38,Female,Bengaluru,Koramangala,2025-11-15,Premium,Google
U02252,45,Female,Chennai,T Nagar,2025-05-04,Premium,Google
U02253,40,Female,Mumbai,Borivali,2026-01-07,Premium,Instagram
U02254,28,Female,Pune,Kothrud,2025-12-17,Basic,Instagram
U02255,44,Male,Pune,Hinjewadi,2025-11-19,Premium,Referral
U02256,18,Male,Hyderabad,Kondapur,2026-05-03,Basic,Other
U02257,19,Female,Hyderabad,Kondapur,2026-03-27,Basic,Google
U02258,34,Male,Hyderabad,Kukatpally,2025-12-19,Pro,Instagram
U02259,22,Female,Bengaluru,Whitefield,2025-04-26,Basic,YouTube
U02260,23,Male,Hyderabad,Gachibowli,2025-01-13,Basic,Google
U02261,43,Male,Pune,Viman Nagar,2025-11-16,Basic,Instagram
U02262,42,Male,Mumbai,Thane,2025-06-14,Basic,Google
U02263,41,Female,Chennai,Velachery,2025-03-26,Premium,YouTube
U02264,24,Male,Hyderabad,Madhapur,2025-09-05,Pro,College/Community
U02265,45,Female,Mumbai,Andheri,2026-03-08,Premium,Referral
U02266,38,Male,Mumbai,Borivali,2026-07-22,Premium,Google
U02267,32,Female,Hyderabad,Kukatpally,2026-04-24,Premium,Google
U02268,36,Male,Mumbai,Thane,2026-01-03,Premium,Instagram
U02269,33,Male,Bengaluru,Electronic City,2025-12-23,Basic,Other
U02270,42,Female,Hyderabad,Madhapur,2026-02-12,Pro,Referral
U02271,30,Male,Bengaluru,Koramangala,2025-12-11,Basic,Instagram
U02272,22,Male,Bengaluru,Koramangala,2025-06-28,Pro,Referral
U02273,20,Female,Hyderabad,Madhapur,2026-03-01,Basic,Google
U02274,20,Male,Mumbai,Bandra,2026-06-25,Premium,Other
U02275,36,Male,Chennai,Velachery,2026-03-19,Premium,College/Community
U02276,31,Male,Mumbai,Powai,2025-11-02,Pro,Instagram
U02277,33,Male,Mumbai,Thane,2026-01-02,Premium,YouTube
U02278,39,Male,Hyderabad,Kondapur,2025-02-05,Basic,Referral
U02279,34,Male,Mumbai,Andheri,2026-04-08,Basic,Instagram
U02280,44,Female,Bengaluru,Koramangala,2025-05-26,Basic,YouTube
U02281,21,Male,Bengaluru,Jayanagar,2025-05-26,Basic,Referral
U02282,30,Female,Bengaluru,Jayanagar,2026-01-15,Basic,Instagram
U02283,25,Male,Hyderabad,Banjara Hills,2025-06-17,Basic,Referral
U02284,36,Male,Bengaluru,Koramangala,2025-10-02,Basic,Referral
U02285,22,Male,Bengaluru,HSR Layout,2025-03-28,Pro,Instagram
U02286,19,Female,Bengaluru,Whitefield,2025-06-03,Pro,Google
U02287,32,Female,Chennai,Velachery,2026-05-12,Basic,Referral
U02288,19,Female,Bengaluru,Koramangala,2025-11-11,Basic,Instagram
U02289,28,Male,Hyderabad,Kondapur,2026-07-14,Basic,College/Community
U02290,30,Female,Bengaluru,Koramangala,2025-10-01,Basic,Instagram
U02291,40,Female,Mumbai,Borivali,2025-09-19,Basic,Instagram
U02292,27,Male,Bengaluru,HSR Layout,2026-05-02,Basic,Instagram
U02293,20,Male,Bengaluru,Jayanagar,2026-03-30,Basic,Referral
U02294,22,Male,Hyderabad,Gachibowli,2026-03-19,Basic,Referral
U02295,20,Female,Bengaluru,Jayanagar,2025-09-19,Basic,Google
U02296,23,Male,Bengaluru,Koramangala,2026-06-27,Basic,Google
U02297,30,Female,Bengaluru,Electronic City,2025-04-15,Premium,College/Community
U02298,27,Male,Bengaluru,Jayanagar,2025-12-16,Premium,Instagram
U02299,36,Male,Bengaluru,Koramangala,2026-03-14,Basic,Google
U02300,25,Male,Bengaluru,Indiranagar,2025-06-18,Basic,Instagram
U02301,35,Female,Pune,Wakad,2025-12-09,Basic,Instagram
U02302,20,Male,Hyderabad,Banjara Hills,2025-08-18,Basic,Google
U02303,41,Male,Hyderabad,Banjara Hills,2025-01-23,Basic,Instagram
U02304,41,Female,Bengaluru,Electronic City,2025-10-08,Basic,Google
U02305,34,Male,Chennai,Anna Nagar,2026-06-03,Basic,College/Community
U02306,25,Male,Bengaluru,Jayanagar,2025-09-10,Basic,Instagram
U02307,27,Male,Bengaluru,Jayanagar,2026-02-08,Premium,YouTube
U02308,19,Male,Mumbai,Borivali,2025-05-13,Basic,YouTube
U02309,29,Male,Bengaluru,Marathahalli,2025-10-01,Basic,Google
U02310,40,Male,Bengaluru,Koramangala,2025-08-20,Basic,Referral
U02311,23,Male,Hyderabad,Gachibowli,2026-06-29,Basic,Google
U02312,19,Male,Pune,Baner,2025-03-20,Premium,Instagram
U02313,38,Other,Hyderabad,Madhapur,2025-02-04,Premium,College/Community
U02314,40,Male,Mumbai,Thane,2026-05-10,Basic,Referral
U02315,41,Male,Chennai,Adyar,2025-04-20,Premium,College/Community
U02316,20,Male,Bengaluru,Jayanagar,2025-11-17,Basic,College/Community
U02317,34,Male,Bengaluru,Electronic City,2026-07-29,Basic,Instagram
U02318,24,Female,Bengaluru,Yelahanka,2025-11-24,Basic,Instagram
U02319,38,Male,Hyderabad,Banjara Hills,2026-01-19,Premium,Instagram
U02320,22,Male,Bengaluru,Jayanagar,2025-12-30,Basic,College/Community
U02321,40,Female,Chennai,Anna Nagar,2025-08-20,Basic,College/Community
U02322,18,Male,Mumbai,Bandra,2026-02-18,Basic,Referral
U02323,25,Other,Mumbai,Andheri,2025-10-21,Premium,Instagram
U02324,29,Female,Bengaluru,Whitefield,2026-07-01,Pro,Instagram
U02325,31,Male,Pune,Hinjewadi,2025-06-23,Premium,College/Community
U02326,33,Male,Chennai,Velachery,2026-01-27,Premium,Other
U02327,27,Male,Pune,Baner,2025-04-12,Pro,Instagram
U02328,32,Male,Bengaluru,Indiranagar,2025-10-20,Premium,Instagram
U02329,38,Male,Mumbai,Powai,2025-03-26,Premium,Google
U02330,41,Male,Bengaluru,Electronic City,2025-07-20,Pro,Instagram
U02331,43,Female,Bengaluru,Electronic City,2026-06-25,Basic,College/Community
U02332,32,Male,Bengaluru,Koramangala,2025-10-24,Premium,Referral
U02333,27,Female,Mumbai,Bandra,2025-02-25,Premium,Referral
U02334,38,Female,Mumbai,Borivali,2026-04-17,Pro,Google
U02335,45,Female,Bengaluru,Koramangala,2025-01-16,Premium,Google
U02336,24,Male,Bengaluru,Jayanagar,2025-03-07,Premium,Instagram
U02337,43,Male,Hyderabad,Gachibowli,2026-04-17,Pro,YouTube
U02338,20,Female,Bengaluru,Jayanagar,2026-08-04,Basic,YouTube
U02339,19,Female,Bengaluru,Whitefield,2025-01-23,Basic,Google
U02340,23,Female,Bengaluru,Koramangala,2026-05-01,Basic,Google
U02341,38,Female,Pune,Viman Nagar,2026-02-19,Basic,Instagram
U02342,26,Male,Bengaluru,Marathahalli,2025-11-01,Basic,Instagram
U02343,27,Male,Bengaluru,Whitefield,2025-06-26,Basic,Referral
U02344,21,Male,Bengaluru,Marathahalli,2025-07-14,Basic,Referral
U02345,44,Female,Chennai,Adyar,2025-01-13,Pro,Google
U02346,20,Male,Mumbai,Bandra,2025-06-15,Basic,College/Community
U02347,26,Female,Mumbai,Thane,2025-05-30,Premium,Referral
U02348,41,Female,Bengaluru,HSR Layout,2025-12-07,Pro,Google
U02349,39,Female,Hyderabad,Banjara Hills,2026-07-11,Basic,Instagram
U02350,34,Male,Bengaluru,Jayanagar,2025-06-23,Basic,College/Community
U02351,31,Male,Mumbai,Bandra,2025-06-16,Premium,Referral
U02352,27,Female,Chennai,Adyar,2026-08-17,Premium,Instagram
U02353,30,Male,Mumbai,Andheri,2026-08-03,Basic,Referral
U02354,29,Male,Pune,Wakad,2025-04-07,Basic,Google
U02355,44,Male,Mumbai,Andheri,2026-02-08,Basic,College/Community
U02356,18,Male,Bengaluru,Marathahalli,2025-03-18,Basic,College/Community
U02357,45,Male,Chennai,Anna Nagar,2025-08-25,Basic,Referral
U02358,39,Female,Bengaluru,Yelahanka,2025-10-18,Basic,YouTube
U02359,36,Female,Hyderabad,Kondapur,2025-05-16,Premium,Instagram
U02360,36,Female,Bengaluru,Koramangala,2026-01-02,Pro,Referral
U02361,23,Male,Bengaluru,Koramangala,2026-07-02,Premium,YouTube
U02362,30,Female,Hyderabad,Gachibowli,2025-09-05,Pro,Referral
U02363,36,Other,Bengaluru,Indiranagar,2025-08-02,Premium,Referral
U02364,30,Female,Hyderabad,Gachibowli,2025-03-11,Premium,College/Community
U02365,44,Female,Hyderabad,Kondapur,2025-11-25,Basic,Instagram
U02366,43,Female,Bengaluru,HSR Layout,2025-01-16,Basic,Instagram
U02367,39,Male,Bengaluru,Electronic City,2026-05-02,Premium,YouTube
U02368,38,Female,Hyderabad,Banjara Hills,2025-06-23,Pro,College/Community
U02369,21,Male,Bengaluru,Yelahanka,2025-10-01,Basic,College/Community
U02370,41,Male,Mumbai,Thane,2026-06-08,Basic,Referral
U02371,19,Other,Mumbai,Bandra,2025-08-07,Premium,College/Community
U02372,32,Male,Pune,Viman Nagar,2026-05-28,Basic,YouTube
U02373,29,Male,Mumbai,Powai,2026-02-03,Basic,Instagram
U02374,44,Female,Hyderabad,Madhapur,2025-04-21,Premium,YouTube
U02375,24,Other,Mumbai,Borivali,2026-04-09,Basic,Instagram
U02376,37,Male,Bengaluru,Jayanagar,2025-04-03,Premium,Instagram
U02377,35,Female,Bengaluru,Electronic City,2026-03-27,Pro,Google
U02378,40,Male,Pune,Hinjewadi,2026-01-31,Basic,Google
U02379,30,Male,Hyderabad,Gachibowli,2026-07-05,Basic,Google
U02380,34,Male,Pune,Hinjewadi,2026-04-24,Basic,Instagram
U02381,21,Male,Pune,Hinjewadi,2025-11-12,Basic,Google
U02382,42,Male,Pune,Wakad,2025-12-19,Premium,Instagram
U02383,31,Male,Chennai,Velachery,2025-08-27,Basic,Referral
U02384,37,Female,Hyderabad,Kondapur,2025-04-14,Basic,YouTube
U02385,45,Female,Bengaluru,Yelahanka,2025-01-29,Basic,College/Community
U02386,30,Female,Hyderabad,Kukatpally,2025-03-30,Basic,College/Community
U02387,20,Female,Bengaluru,Electronic City,2026-01-10,Basic,Google
U02388,43,Male,Mumbai,Bandra,2026-02-01,Premium,YouTube
U02389,43,Female,Mumbai,Powai,2026-07-17,Basic,Google
U02390,35,Female,Mumbai,Andheri,2025-12-30,Basic,Instagram
U02391,31,Male,Bengaluru,HSR Layout,2025-05-27,Basic,YouTube
U02392,32,Male,Bengaluru,Electronic City,2025-11-10,Pro,Referral
U02393,20,Female,Hyderabad,Banjara Hills,2026-07-02,Basic,College/Community
U02394,18,Female,Bengaluru,Indiranagar,2026-03-28,Premium,Referral
U02395,43,Female,Chennai,Anna Nagar,2026-05-21,Basic,Instagram
U02396,41,Male,Bengaluru,Electronic City,2026-05-01,Premium,College/Community
U02397,34,Male,Bengaluru,Whitefield,2025-04-11,Basic,Referral
U02398,20,Female,Bengaluru,HSR Layout,2025-04-17,Pro,College/Community
U02399,31,Female,Mumbai,Powai,2025-10-18,Premium,YouTube
U02400,20,Male,Mumbai,Powai,2025-12-15,Premium,Google
U02401,30,Male,Bengaluru,Marathahalli,2026-08-11,Basic,Instagram
U02402,32,Female,Bengaluru,Marathahalli,2025-08-15,Premium,Instagram
U02403,35,Female,Bengaluru,Whitefield,2026-08-19,Premium,Instagram
U02404,31,Male,Bengaluru,HSR Layout,2026-08-11,Basic,Instagram
U02405,38,Male,Mumbai,Thane,2025-02-19,Basic,Google
U02406,43,Female,Mumbai,Andheri,2025-06-07,Premium,College/Community
U02407,20,Female,Bengaluru,Jayanagar,2025-11-24,Basic,College/Community
U02408,36,Male,Bengaluru,Indiranagar,2025-03-18,Premium,YouTube
U02409,25,Male,Chennai,Adyar,2026-03-30,Basic,Instagram
U02410,21,Female,Hyderabad,Gachibowli,2025-11-06,Basic,Google
U02411,21,Male,Mumbai,Andheri,2025-11-23,Premium,YouTube
U02412,36,Female,Bengaluru,Yelahanka,2026-05-23,Basic,Instagram
U02413,28,Female,Hyderabad,Kukatpally,2025-04-17,Pro,College/Community
U02414,18,Male,Bengaluru,Koramangala,2025-08-29,Premium,College/Community
U02415,25,Female,Hyderabad,Gachibowli,2026-03-11,Premium,Google
U02416,32,Female,Chennai,Anna Nagar,2025-01-28,Premium,YouTube
U02417,18,Female,Bengaluru,Indiranagar,2025-09-06,Premium,Instagram
U02418,24,Male,Bengaluru,Electronic City,2025-12-30,Basic,YouTube
U02419,38,Other,Bengaluru,Marathahalli,2026-06-17,Premium,Instagram
U02420,37,Male,Bengaluru,Whitefield,2026-04-17,Basic,Instagram
U02421,37,Female,Bengaluru,Whitefield,2026-06-23,Basic,YouTube
U02422,41,Female,Bengaluru,Marathahalli,2026-08-12,Basic,YouTube
U02423,28,Male,Pune,Viman Nagar,2026-02-17,Premium,Referral
U02424,44,Female,Hyderabad,Kondapur,2026-07-23,Basic,Referral
U02425,31,Female,Bengaluru,Marathahalli,2025-06-14,Basic,YouTube
U02426,39,Male,Chennai,OMR,2026-07-30,Basic,YouTube
U02427,33,Male,Bengaluru,HSR Layout,2025-02-17,Basic,Other
U02428,31,Female,Chennai,Anna Nagar,2026-04-29,Premium,College/Community
U02429,29,Male,Bengaluru,Indiranagar,2025-06-07,Premium,YouTube
U02430,34,Male,Pune,Hinjewadi,2025-05-31,Basic,YouTube
U02431,31,Female,Mumbai,Powai,2025-08-13,Basic,Referral
U02432,27,Female,Pune,Kothrud,2025-09-17,Premium,Instagram
U02433,41,Female,Chennai,Velachery,2026-01-22,Basic,Instagram
U02434,31,Male,Bengaluru,Indiranagar,2025-09-13,Basic,College/Community
U02435,35,Male,Chennai,Anna Nagar,2025-03-02,Basic,College/Community
U02436,39,Male,Bengaluru,Koramangala,2026-01-31,Basic,Referral
U02437,26,Female,Bengaluru,Yelahanka,2026-02-01,Basic,Google
U02438,34,Female,Bengaluru,Indiranagar,2025-06-11,Basic,Instagram
U02439,23,Male,Hyderabad,Banjara Hills,2026-01-15,Premium,Google
U02440,25,Male,Bengaluru,Indiranagar,2026-03-19,Basic,Google
U02441,43,Female,Hyderabad,Kondapur,2025-12-15,Premium,Referral
U02442,30,Male,Hyderabad,Gachibowli,2025-01-31,Basic,Other
U02443,35,Male,Pune,Kothrud,2025-03-12,Basic,Instagram
U02444,22,Female,Pune,Wakad,2026-02-01,Basic,Referral
U02445,23,Male,Hyderabad,Kondapur,2026-03-14,Premium,Google
U02446,38,Female,Bengaluru,Koramangala,2025-01-02,Premium,Other
U02447,36,Female,Bengaluru,Indiranagar,2026-07-16,Premium,College/Community
U02448,21,Male,Bengaluru,Yelahanka,2025-05-15,Premium,Google
U02449,24,Male,Bengaluru,Koramangala,2025-05-26,Basic,Other
U02450,21,Male,Bengaluru,Whitefield,2025-06-28,Premium,Referral
U02451,42,Female,Bengaluru,Indiranagar,2025-09-21,Premium,Instagram
U02452,28,Male,Chennai,OMR,2025-11-07,Pro,Referral
U02453,29,Female,Hyderabad,Banjara Hills,2025-07-23,Premium,Instagram
U02454,31,Other,Bengaluru,Jayanagar,2025-01-30,Premium,Referral
U02455,30,Other,Hyderabad,Kukatpally,2025-02-28,Basic,Other
U02456,27,Male,Bengaluru,Yelahanka,2025-01-09,Premium,YouTube
U02457,35,Female,Hyderabad,Banjara Hills,2025-11-20,Pro,Google
U02458,33,Other,Mumbai,Thane,2025-06-16,Premium,Google
U02459,22,Male,Hyderabad,Banjara Hills,2025-12-03,Basic,Instagram
U02460,25,Male,Bengaluru,Indiranagar,2026-01-14,Basic,Google
U02461,31,Male,Chennai,Adyar,2025-08-30,Premium,Instagram
U02462,22,Male,Pune,Hinjewadi,2025-06-09,Premium,Referral
U02463,43,Female,Mumbai,Thane,2025-08-23,Premium,YouTube
U02464,45,Female,Hyderabad,Kukatpally,2026-03-29,Basic,YouTube
U02465,41,Female,Mumbai,Bandra,2025-07-18,Premium,Instagram
U02466,25,Female,Bengaluru,Yelahanka,2026-04-22,Basic,Google
U02467,42,Female,Bengaluru,HSR Layout,2025-02-02,Premium,Google
U02468,43,Female,Bengaluru,Marathahalli,2026-02-12,Basic,Instagram
U02469,23,Male,Hyderabad,Kukatpally,2025-03-30,Premium,Google
U02470,33,Female,Hyderabad,Kukatpally,2025-08-09,Basic,Google
U02471,45,Male,Bengaluru,Yelahanka,2025-03-10,Basic,Referral
U02472,21,Male,Chennai,Velachery,2025-10-21,Premium,College/Community
U02473,29,Male,Chennai,Velachery,2025-08-25,Basic,Google
U02474,28,Female,Mumbai,Andheri,2025-06-09,Premium,YouTube
U02475,20,Female,Hyderabad,Madhapur,2025-10-17,Pro,Instagram
U02476,29,Male,Pune,Viman Nagar,2026-07-08,Pro,College/Community
U02477,22,Male,Bengaluru,Whitefield,2026-08-01,Basic,Instagram
U02478,23,Female,Pune,Viman Nagar,2026-06-17,Premium,Instagram
U02479,36,Male,Bengaluru,Whitefield,2025-12-01,Basic,Instagram
U02480,35,Male,Pune,Wakad,2026-08-05,Pro,Google
U02481,33,Female,Bengaluru,Jayanagar,2026-05-17,Premium,Referral
U02482,40,Male,Pune,Hinjewadi,2025-09-03,Basic,Other
U02483,28,Male,Chennai,Velachery,2025-11-19,Basic,YouTube
U02484,22,Male,Bengaluru,Electronic City,2025-11-25,Basic,Google
U02485,26,Male,Hyderabad,Gachibowli,2026-07-01,Premium,Referral
U02486,20,Male,Chennai,Anna Nagar,2025-12-05,Basic,Referral
U02487,25,Male,Hyderabad,Kukatpally,2025-06-20,Premium,College/Community
U02488,23,Male,Pune,Viman Nagar,2025-04-20,Basic,YouTube
U02489,21,Male,Hyderabad,Kondapur,2025-01-10,Pro,Referral
U02490,29,Female,Bengaluru,HSR Layout,2025-07-21,Pro,Referral
U02491,29,Female,Bengaluru,Indiranagar,2025-09-14,Basic,YouTube
U02492,42,Male,Bengaluru,Whitefield,2025-09-19,Premium,Instagram
U02493,38,Female,Pune,Kothrud,2026-03-06,Premium,Instagram
U02494,33,Male,Bengaluru,Electronic City,2026-05-22,Premium,YouTube
U02495,27,Female,Hyderabad,Banjara Hills,2025-03-07,Basic,College/Community
U02496,39,Male,Hyderabad,Gachibowli,2026-08-02,Basic,Google
U02497,31,Male,Hyderabad,Gachibowli,2026-08-12,Basic,Other
U02498,30,Female,Pune,Kothrud,2025-02-04,Basic,Instagram
U02499,26,Male,Chennai,T Nagar,2026-07-11,Basic,Google
U02500,24,Male,Bengaluru,Koramangala,2026-05-06,Basic,Google
U02501,29,Female,Pune,Wakad,2026-08-03,Premium,Other
U02502,22,Male,Pune,Kothrud,2025-09-11,Basic,Google
U02503,35,Male,Hyderabad,Gachibowli,2025-01-17,Premium,Referral
U02504,21,Male,Chennai,Velachery,2025-09-18,Basic,Instagram
U02505,19,Male,Bengaluru,Koramangala,2025-09-13,Premium,Referral
U02506,20,Male,Bengaluru,Electronic City,2026-02-28,Pro,College/Community
U02507,43,Male,Pune,Baner,2026-05-16,Basic,Google
U02508,29,Male,Hyderabad,Kondapur,2025-10-13,Premium,College/Community
U02509,20,Male,Pune,Hinjewadi,2025-01-07,Basic,College/Community
U02510,21,Female,Chennai,Velachery,2026-05-12,Premium,Instagram
U02511,23,Female,Bengaluru,Electronic City,2025-07-18,Basic,YouTube
U02512,29,Other,Pune,Hinjewadi,2026-02-22,Basic,Google
U02513,36,Female,Hyderabad,Madhapur,2025-02-21,Basic,Instagram
U02514,27,Female,Hyderabad,Madhapur,2025-08-31,Basic,Referral
U02515,18,Female,Mumbai,Thane,2025-08-07,Basic,YouTube
U02516,34,Female,Chennai,OMR,2026-06-02,Premium,Google
U02517,33,Male,Bengaluru,Whitefield,2025-04-19,Basic,Instagram
U02518,26,Female,Hyderabad,Banjara Hills,2025-12-17,Premium,College/Community
U02519,42,Male,Mumbai,Thane,2025-03-07,Premium,YouTube
U02520,38,Female,Mumbai,Borivali,2025-01-10,Basic,Google
U02521,26,Male,Mumbai,Thane,2025-07-21,Basic,Referral
U02522,44,Female,Bengaluru,Koramangala,2025-08-02,Premium,Instagram
U02523,40,Male,Bengaluru,Koramangala,2025-03-09,Basic,Google
U02524,26,Male,Bengaluru,Yelahanka,2025-11-23,Basic,Referral
U02525,29,Male,Pune,Kothrud,2025-02-19,Premium,Referral
U02526,40,Male,Bengaluru,HSR Layout,2025-01-17,Basic,Instagram
U02527,26,Male,Bengaluru,Indiranagar,2026-06-07,Basic,YouTube
U02528,32,Male,Chennai,T Nagar,2025-11-02,Basic,Google
U02529,19,Male,Bengaluru,Marathahalli,2026-01-27,Basic,Referral
U02530,28,Male,Chennai,Adyar,2025-05-04,Basic,Google
U02531,28,Female,Mumbai,Bandra,2026-05-19,Basic,Google
U02532,25,Male,Pune,Wakad,2025-08-13,Basic,Instagram
U02533,40,Male,Bengaluru,Yelahanka,2025-11-14,Basic,Referral
U02534,23,Other,Bengaluru,Koramangala,2026-04-18,Pro,Google
U02535,38,Male,Mumbai,Bandra,2026-06-25,Basic,Instagram
U02536,37,Male,Pune,Wakad,2025-12-24,Premium,Instagram
U02537,24,Male,Mumbai,Bandra,2026-04-28,Basic,Referral
U02538,20,Female,Bengaluru,Electronic City,2026-03-05,Basic,Instagram
U02539,25,Male,Pune,Wakad,2026-05-12,Premium,Referral
U02540,35,Male,Pune,Wakad,2026-04-17,Premium,Google
U02541,34,Female,Mumbai,Andheri,2026-07-25,Basic,Referral
U02542,28,Male,Pune,Kothrud,2025-10-27,Basic,Other
U02543,19,Female,Pune,Wakad,2025-03-25,Basic,Referral
U02544,42,Male,Mumbai,Borivali,2026-01-12,Premium,YouTube
U02545,38,Female,Bengaluru,Koramangala,2025-11-09,Basic,YouTube
U02546,44,Female,Hyderabad,Gachibowli,2025-11-16,Basic,Other
U02547,41,Male,Bengaluru,Electronic City,2025-07-23,Premium,Instagram
U02548,36,Female,Bengaluru,Marathahalli,2025-12-21,Pro,College/Community
U02549,24,Female,Bengaluru,HSR Layout,2025-10-21,Premium,College/Community
U02550,35,Male,Bengaluru,HSR Layout,2026-05-19,Basic,Google
U02551,25,Female,Bengaluru,Indiranagar,2025-05-25,Premium,Google
U02552,31,Male,Bengaluru,Whitefield,2026-06-23,Premium,Other
U02553,24,Female,Pune,Hinjewadi,2025-01-17,Premium,Referral
U02554,45,Male,Chennai,Velachery,2026-07-29,Premium,Google
U02555,38,Male,Bengaluru,Yelahanka,2026-07-30,Pro,YouTube
U02556,45,Male,Chennai,Anna Nagar,2025-02-08,Basic,Google
U02557,44,Male,Hyderabad,Kukatpally,2025-05-10,Basic,Instagram
U02558,21,Male,Bengaluru,HSR Layout,2025-04-25,Premium,Referral
U02559,34,Female,Bengaluru,Jayanagar,2026-03-26,Basic,Referral
U02560,22,Female,Hyderabad,Madhapur,2025-02-14,Basic,College/Community
U02561,29,Male,Pune,Wakad,2025-08-04,Basic,Google
U02562,26,Male,Mumbai,Powai,2026-08-23,Premium,College/Community
U02563,43,Female,Bengaluru,Jayanagar,2026-02-19,Basic,Google
U02564,37,Male,Bengaluru,Whitefield,2025-09-22,Premium,Referral
U02565,30,Male,Bengaluru,Yelahanka,2026-03-16,Basic,Instagram
U02566,42,Male,Bengaluru,Indiranagar,2026-01-16,Basic,Google
U02567,45,Male,Bengaluru,Yelahanka,2025-10-28,Basic,College/Community
U02568,35,Male,Bengaluru,Koramangala,2025-06-20,Basic,Instagram
U02569,37,Female,Pune,Kothrud,2026-02-10,Premium,College/Community
U02570,26,Female,Chennai,T Nagar,2025-12-21,Premium,Google
U02571,21,Male,Bengaluru,Koramangala,2025-06-10,Premium,Instagram
U02572,38,Female,Chennai,Anna Nagar,2026-07-06,Basic,Instagram
U02573,44,Male,Bengaluru,Whitefield,2025-01-26,Basic,YouTube
U02574,25,Male,Hyderabad,Madhapur,2025-03-24,Basic,Google
U02575,18,Male,Bengaluru,Marathahalli,2025-06-22,Basic,Referral
U02576,34,Male,Mumbai,Borivali,2025-03-11,Basic,YouTube
U02577,42,Male,Chennai,Velachery,2025-01-06,Premium,Google
U02578,26,Male,Mumbai,Andheri,2025-07-14,Basic,Referral
U02579,37,Male,Bengaluru,Indiranagar,2026-06-09,Basic,Google
U02580,30,Male,Mumbai,Borivali,2025-03-04,Pro,Other
U02581,19,Female,Bengaluru,Koramangala,2025-01-13,Basic,Google
U02582,30,Female,Pune,Baner,2025-07-24,Pro,Instagram
U02583,26,Male,Hyderabad,Kondapur,2025-02-09,Pro,Google
U02584,37,Female,Hyderabad,Madhapur,2025-06-14,Basic,Referral
U02585,23,Female,Hyderabad,Kukatpally,2025-01-31,Basic,YouTube
U02586,45,Female,Mumbai,Andheri,2026-06-13,Premium,Other
U02587,18,Male,Bengaluru,Indiranagar,2026-02-02,Basic,College/Community
U02588,45,Male,Mumbai,Andheri,2026-04-04,Basic,Google
U02589,42,Female,Bengaluru,Marathahalli,2025-08-11,Premium,Google
U02590,22,Male,Mumbai,Thane,2025-03-19,Basic,YouTube
U02591,20,Male,Pune,Hinjewadi,2026-08-23,Basic,College/Community
U02592,21,Male,Pune,Viman Nagar,2026-03-04,Premium,Google
U02593,18,Female,Hyderabad,Madhapur,2026-03-01,Premium,Google
U02594,31,Female,Hyderabad,Gachibowli,2026-01-22,Basic,College/Community
U02595,26,Male,Bengaluru,Marathahalli,2025-08-27,Basic,Google
U02596,41,Male,Pune,Hinjewadi,2025-03-31,Basic,Referral
U02597,21,Female,Bengaluru,HSR Layout,2026-01-20,Basic,College/Community
U02598,35,Male,Hyderabad,Kukatpally,2025-05-19,Premium,College/Community
U02599,31,Male,Bengaluru,Koramangala,2026-06-08,Premium,Instagram
U02600,42,Male,Bengaluru,Koramangala,2025-09-01,Premium,Google
U02601,21,Female,Mumbai,Bandra,2026-05-20,Basic,Google
U02602,42,Female,Bengaluru,HSR Layout,2026-02-26,Basic,College/Community
U02603,27,Female,Mumbai,Borivali,2025-07-01,Basic,Other
U02604,20,Male,Bengaluru,Marathahalli,2025-07-14,Basic,YouTube
U02605,40,Male,Bengaluru,Indiranagar,2025-02-22,Basic,Referral
U02606,24,Male,Hyderabad,Madhapur,2025-06-28,Basic,Instagram
U02607,27,Female,Bengaluru,Electronic City,2025-10-20,Basic,YouTube
U02608,30,Male,Bengaluru,Jayanagar,2026-01-10,Premium,Google
U02609,21,Male,Mumbai,Powai,2025-02-28,Premium,Referral
U02610,35,Female,Bengaluru,Electronic City,2025-02-23,Basic,Referral
U02611,28,Male,Pune,Baner,2025-09-02,Basic,Referral
U02612,42,Male,Bengaluru,HSR Layout,2025-05-29,Premium,Other
U02613,21,Female,Bengaluru,Jayanagar,2026-01-03,Pro,Instagram
U02614,41,Male,Mumbai,Powai,2025-01-16,Basic,YouTube
U02615,31,Male,Bengaluru,HSR Layout,2025-06-25,Premium,Google
U02616,35,Male,Bengaluru,Yelahanka,2026-06-24,Premium,YouTube
U02617,25,Male,Bengaluru,Jayanagar,2026-02-10,Basic,YouTube
U02618,44,Male,Bengaluru,HSR Layout,2026-04-12,Basic,Instagram
U02619,27,Female,Pune,Baner,2025-05-09,Basic,Google
U02620,22,Male,Bengaluru,Electronic City,2025-08-11,Basic,Instagram
U02621,40,Female,Pune,Baner,2025-09-01,Basic,Instagram
U02622,24,Male,Chennai,T Nagar,2026-03-02,Pro,YouTube
U02623,29,Male,Hyderabad,Gachibowli,2025-12-20,Premium,Instagram
U02624,42,Male,Chennai,OMR,2025-11-22,Basic,Referral
U02625,20,Female,Bengaluru,Jayanagar,2025-01-03,Basic,Instagram
U02626,43,Male,Chennai,Velachery,2026-04-24,Premium,Referral
U02627,21,Female,Bengaluru,Indiranagar,2025-03-22,Basic,YouTube
U02628,27,Female,Mumbai,Powai,2025-02-13,Basic,Google
U02629,21,Female,Hyderabad,Gachibowli,2025-06-04,Pro,Referral
U02630,32,Female,Bengaluru,Koramangala,2026-06-20,Basic,College/Community
U02631,27,Male,Mumbai,Borivali,2025-04-09,Basic,Instagram
U02632,38,Female,Mumbai,Andheri,2026-02-01,Basic,YouTube
U02633,39,Female,Bengaluru,Marathahalli,2025-06-20,Basic,Google
U02634,33,Other,Bengaluru,HSR Layout,2025-05-28,Basic,Instagram
U02635,32,Male,Mumbai,Thane,2025-05-03,Basic,Referral
U02636,36,Female,Mumbai,Borivali,2025-04-22,Premium,Instagram
U02637,37,Male,Chennai,Anna Nagar,2025-05-10,Basic,College/Community
U02638,36,Male,Pune,Kothrud,2025-03-09,Basic,Instagram
U02639,35,Female,Chennai,Adyar,2026-06-29,Basic,Instagram
U02640,43,Female,Mumbai,Powai,2025-10-13,Basic,Referral
U02641,29,Female,Bengaluru,HSR Layout,2025-01-05,Premium,Referral
U02642,42,Female,Bengaluru,Electronic City,2025-04-28,Basic,YouTube
U02643,33,Male,Pune,Hinjewadi,2025-08-18,Premium,Google
U02644,18,Male,Mumbai,Powai,2025-06-09,Basic,College/Community
U02645,33,Female,Bengaluru,Marathahalli,2025-10-21,Basic,Other
U02646,19,Male,Bengaluru,Jayanagar,2025-07-05,Premium,Referral
U02647,41,Female,Chennai,Velachery,2026-07-06,Basic,YouTube
U02648,32,Male,Hyderabad,Banjara Hills,2025-08-12,Premium,Referral
U02649,24,Male,Hyderabad,Madhapur,2025-06-01,Basic,Instagram
U02650,45,Male,Hyderabad,Kukatpally,2025-05-20,Basic,Google
U02651,18,Male,Bengaluru,Koramangala,2026-01-02,Premium,Instagram
U02652,22,Female,Bengaluru,Jayanagar,2025-05-08,Basic,Other
U02653,27,Male,Bengaluru,Yelahanka,2025-12-17,Basic,Instagram
U02654,39,Male,Bengaluru,Marathahalli,2025-05-27,Premium,Referral
U02655,38,Female,Pune,Hinjewadi,2025-10-12,Pro,Google
U02656,21,Male,Bengaluru,HSR Layout,2026-04-14,Basic,Referral
U02657,31,Female,Pune,Wakad,2025-08-06,Basic,Instagram
U02658,30,Male,Pune,Viman Nagar,2026-03-12,Basic,YouTube
U02659,18,Male,Bengaluru,Koramangala,2025-05-25,Basic,Instagram
U02660,33,Female,Mumbai,Andheri,2025-10-04,Basic,College/Community
U02661,40,Female,Hyderabad,Gachibowli,2025-03-01,Premium,College/Community
U02662,26,Male,Pune,Wakad,2026-01-10,Basic,YouTube
U02663,39,Female,Bengaluru,Electronic City,2026-02-08,Premium,Instagram
U02664,33,Female,Mumbai,Bandra,2025-04-24,Basic,Instagram
U02665,36,Male,Mumbai,Thane,2026-05-10,Basic,College/Community
U02666,32,Male,Bengaluru,Indiranagar,2025-12-02,Pro,Instagram
U02667,43,Male,Bengaluru,Yelahanka,2026-07-23,Basic,Instagram
U02668,31,Male,Mumbai,Bandra,2025-10-12,Basic,Referral
U02669,37,Male,Mumbai,Borivali,2025-05-09,Basic,Google
U02670,27,Female,Bengaluru,Whitefield,2025-11-11,Premium,Instagram
U02671,38,Male,Mumbai,Andheri,2026-08-21,Basic,Referral
U02672,29,Female,Bengaluru,Marathahalli,2025-03-12,Basic,Google
U02673,45,Male,Mumbai,Andheri,2025-12-11,Premium,Instagram
U02674,18,Male,Bengaluru,Indiranagar,2025-04-08,Basic,Referral
U02675,38,Female,Chennai,OMR,2025-10-27,Premium,Google
U02676,34,Male,Bengaluru,Jayanagar,2025-06-25,Basic,YouTube
U02677,26,Male,Bengaluru,Whitefield,2025-03-16,Basic,Instagram
U02678,40,Male,Bengaluru,Indiranagar,2025-05-23,Premium,Referral
U02679,36,Female,Bengaluru,Jayanagar,2025-01-23,Premium,Google
U02680,42,Male,Hyderabad,Madhapur,2025-06-30,Premium,Google
U02681,35,Male,Bengaluru,Whitefield,2025-02-14,Premium,Instagram
U02682,45,Female,Pune,Baner,2026-04-14,Basic,Instagram
U02683,24,Other,Bengaluru,Yelahanka,2025-04-02,Basic,College/Community
U02684,26,Male,Bengaluru,Koramangala,2025-09-26,Basic,Google
U02685,39,Male,Bengaluru,Indiranagar,2025-02-03,Premium,YouTube
U02686,43,Female,Bengaluru,Jayanagar,2026-08-05,Premium,Other
U02687,38,Female,Bengaluru,Koramangala,2025-12-30,Pro,Referral
U02688,29,Male,Bengaluru,HSR Layout,2025-05-13,Basic,Google
U02689,24,Male,Hyderabad,Banjara Hills,2026-01-17,Basic,Google
U02690,31,Female,Bengaluru,Electronic City,2025-10-04,Premium,Other
U02691,32,Female,Hyderabad,Gachibowli,2025-06-05,Premium,YouTube
U02692,32,Female,Hyderabad,Madhapur,2026-01-22,Premium,Referral
U02693,23,Male,Bengaluru,Whitefield,2026-06-19,Premium,Google
U02694,38,Male,Hyderabad,Madhapur,2025-07-19,Basic,College/Community
U02695,31,Female,Chennai,Anna Nagar,2025-10-02,Basic,YouTube
U02696,19,Male,Hyderabad,Gachibowli,2026-05-16,Basic,Google
U02697,25,Male,Mumbai,Powai,2026-04-04,Basic,Referral
U02698,30,Male,Bengaluru,Whitefield,2025-02-19,Basic,Google
U02699,40,Male,Pune,Kothrud,2026-06-16,Basic,Instagram
U02700,23,Male,Pune,Kothrud,2025-04-02,Basic,College/Community
U02701,22,Female,Hyderabad,Gachibowli,2026-04-01,Premium,Instagram
U02702,22,Female,Chennai,Velachery,2025-12-05,Premium,Referral
U02703,42,Female,Bengaluru,Yelahanka,2025-02-22,Premium,Google
U02704,18,Female,Bengaluru,Indiranagar,2026-05-11,Basic,Google
U02705,26,Male,Pune,Baner,2025-01-04,Basic,Referral
U02706,23,Male,Pune,Hinjewadi,2025-10-08,Basic,Other
U02707,37,Male,Bengaluru,Jayanagar,2025-10-17,Pro,Google
U02708,43,Male,Bengaluru,Yelahanka,2025-03-14,Basic,Instagram
U02709,24,Female,Bengaluru,Yelahanka,2025-05-17,Basic,Referral
U02710,26,Male,Bengaluru,Indiranagar,2026-01-28,Premium,Instagram
U02711,22,Male,Pune,Wakad,2025-07-27,Basic,Instagram
U02712,31,Male,Hyderabad,Kukatpally,2025-09-17,Premium,Instagram
U02713,22,Male,Bengaluru,HSR Layout,2025-09-20,Basic,Instagram
U02714,25,Female,Bengaluru,Yelahanka,2026-05-20,Basic,Google
U02715,24,Male,Bengaluru,Indiranagar,2026-07-04,Basic,Google
U02716,30,Male,Bengaluru,Electronic City,2025-07-22,Premium,Instagram
U02717,30,Male,Mumbai,Borivali,2025-12-13,Premium,YouTube
U02718,25,Female,Chennai,Velachery,2025-02-21,Basic,Instagram
U02719,28,Male,Pune,Viman Nagar,2026-08-16,Basic,College/Community
U02720,45,Male,Bengaluru,Marathahalli,2025-12-22,Basic,Referral
U02721,43,Male,Chennai,T Nagar,2026-06-03,Pro,Instagram
U02722,35,Male,Pune,Viman Nagar,2025-12-29,Basic,Other
U02723,42,Male,Pune,Wakad,2025-02-14,Premium,Google
U02724,36,Female,Hyderabad,Kondapur,2026-01-13,Basic,Google
U02725,23,Female,Bengaluru,HSR Layout,2026-02-16,Basic,Google
U02726,39,Female,Bengaluru,HSR Layout,2025-05-22,Basic,YouTube
U02727,19,Male,Bengaluru,Jayanagar,2025-09-15,Premium,Referral
U02728,45,Male,Bengaluru,Indiranagar,2025-02-06,Premium,Instagram
U02729,30,Male,Bengaluru,Koramangala,2025-02-14,Basic,Instagram
U02730,40,Male,Hyderabad,Gachibowli,2025-02-15,Basic,YouTube
U02731,42,Male,Mumbai,Powai,2026-07-19,Basic,Instagram
U02732,45,Male,Hyderabad,Gachibowli,2025-10-28,Basic,Instagram
U02733,43,Female,Bengaluru,Indiranagar,2025-10-15,Pro,Referral
U02734,28,Female,Chennai,Adyar,2025-09-26,Basic,College/Community
U02735,18,Female,Chennai,T Nagar,2025-03-03,Premium,Google
U02736,41,Female,Pune,Kothrud,2026-07-20,Premium,Google
U02737,19,Male,Chennai,Anna Nagar,2026-08-04,Premium,College/Community
U02738,34,Male,Hyderabad,Kukatpally,2025-08-30,Pro,Instagram
U02739,25,Male,Chennai,OMR,2025-12-20,Premium,Referral
U02740,19,Male,Bengaluru,Electronic City,2025-03-12,Premium,Other
U02741,23,Male,Bengaluru,Electronic City,2026-02-17,Basic,College/Community
U02742,39,Male,Bengaluru,HSR Layout,2025-03-02,Premium,Instagram
U02743,22,Male,Bengaluru,Indiranagar,2026-03-28,Premium,Google
U02744,33,Female,Bengaluru,Marathahalli,2026-01-28,Basic,Instagram
U02745,25,Female,Mumbai,Andheri,2026-06-13,Premium,Other
U02746,36,Male,Pune,Viman Nagar,2025-11-01,Premium,Other
U02747,33,Male,Hyderabad,Kukatpally,2025-07-10,Premium,Instagram
U02748,30,Male,Bengaluru,Whitefield,2025-03-19,Basic,Referral
U02749,43,Female,Pune,Hinjewadi,2026-07-12,Premium,College/Community
U02750,37,Male,Mumbai,Borivali,2026-06-09,Basic,Instagram
U02751,24,Female,Bengaluru,Whitefield,2025-10-28,Premium,Instagram
U02752,33,Female,Mumbai,Andheri,2025-01-17,Basic,Instagram
U02753,40,Male,Bengaluru,Yelahanka,2026-07-28,Basic,Google
U02754,33,Male,Bengaluru,Whitefield,2026-03-10,Basic,College/Community
U02755,29,Male,Chennai,Velachery,2025-02-12,Basic,College/Community
U02756,31,Male,Bengaluru,Yelahanka,2025-03-09,Basic,Instagram
U02757,41,Female,Hyderabad,Madhapur,2026-01-15,Basic,Instagram
U02758,35,Male,Chennai,T Nagar,2025-07-31,Basic,Google
U02759,44,Male,Mumbai,Powai,2025-07-22,Premium,YouTube
U02760,45,Female,Bengaluru,Indiranagar,2025-04-19,Basic,Referral
U02761,35,Male,Bengaluru,Koramangala,2025-10-11,Basic,Referral
U02762,33,Male,Bengaluru,HSR Layout,2025-08-13,Basic,Referral
U02763,37,Male,Mumbai,Borivali,2025-04-28,Premium,Instagram
U02764,33,Female,Hyderabad,Madhapur,2025-12-06,Basic,Referral
U02765,30,Female,Bengaluru,Indiranagar,2025-10-08,Basic,Other
U02766,43,Male,Chennai,Velachery,2026-05-06,Basic,Instagram
U02767,26,Female,Hyderabad,Madhapur,2025-01-19,Basic,Referral
U02768,43,Female,Bengaluru,HSR Layout,2025-06-24,Basic,Google
U02769,45,Male,Hyderabad,Kukatpally,2026-04-14,Basic,Referral
U02770,26,Female,Mumbai,Bandra,2025-05-22,Premium,Referral
U02771,30,Male,Bengaluru,Koramangala,2026-04-08,Basic,Referral
U02772,21,Female,Bengaluru,Jayanagar,2025-10-25,Basic,College/Community
U02773,26,Male,Pune,Wakad,2026-04-15,Premium,Google
U02774,32,Female,Hyderabad,Gachibowli,2026-01-08,Basic,Referral
U02775,31,Male,Hyderabad,Kondapur,2026-04-13,Pro,Instagram
U02776,36,Female,Hyderabad,Madhapur,2026-03-14,Basic,YouTube
U02777,29,Male,Bengaluru,Yelahanka,2026-03-19,Premium,Google
U02778,38,Female,Bengaluru,Indiranagar,2026-04-01,Premium,College/Community
U02779,43,Male,Hyderabad,Gachibowli,2025-09-05,Basic,Google
U02780,42,Female,Bengaluru,HSR Layout,2025-05-22,Pro,Instagram
U02781,23,Female,Bengaluru,Jayanagar,2026-02-06,Basic,Instagram
U02782,20,Male,Pune,Hinjewadi,2025-08-10,Premium,Other
U02783,43,Female,Chennai,Adyar,2025-07-03,Basic,Google
U02784,42,Male,Pune,Hinjewadi,2025-12-30,Basic,Instagram
U02785,39,Female,Pune,Kothrud,2025-07-07,Basic,Instagram
U02786,37,Female,Bengaluru,Marathahalli,2025-04-23,Basic,Google
U02787,33,Male,Chennai,Anna Nagar,2025-06-30,Basic,Instagram
U02788,37,Female,Bengaluru,Whitefield,2025-07-18,Basic,Referral
U02789,41,Male,Chennai,Velachery,2025-03-11,Premium,Instagram
U02790,40,Male,Chennai,T Nagar,2026-08-21,Basic,Referral
U02791,34,Female,Mumbai,Thane,2026-04-30,Basic,Instagram
U02792,33,Female,Chennai,OMR,2026-02-03,Premium,Google
U02793,23,Male,Hyderabad,Madhapur,2026-07-05,Basic,Referral
U02794,25,Male,Bengaluru,Yelahanka,2025-01-10,Basic,Instagram
U02795,36,Female,Hyderabad,Kondapur,2025-01-03,Basic,Google
U02796,42,Male,Hyderabad,Gachibowli,2026-04-23,Basic,Google
U02797,43,Female,Bengaluru,Whitefield,2025-03-08,Basic,Instagram
U02798,19,Female,Mumbai,Borivali,2025-04-07,Pro,Referral
U02799,31,Male,Chennai,Adyar,2026-06-15,Basic,Referral
U02800,39,Male,Bengaluru,Whitefield,2025-11-14,Basic,Referral
U02801,29,Male,Pune,Wakad,2025-04-08,Basic,Instagram
U02802,34,Male,Chennai,Velachery,2025-02-26,Basic,Google
U02803,45,Female,Chennai,Anna Nagar,2025-04-17,Basic,Instagram
U02804,44,Female,Chennai,Velachery,2025-03-29,Basic,Referral
U02805,32,Female,Hyderabad,Madhapur,2026-01-06,Basic,Google
U02806,35,Male,Chennai,Velachery,2026-01-10,Basic,Google
U02807,33,Male,Pune,Kothrud,2025-02-21,Premium,YouTube
U02808,30,Female,Bengaluru,Indiranagar,2025-02-10,Basic,Instagram
U02809,38,Female,Hyderabad,Gachibowli,2025-04-01,Basic,Other
U02810,34,Female,Mumbai,Andheri,2025-02-08,Premium,Instagram
U02811,25,Male,Bengaluru,Marathahalli,2025-01-13,Basic,YouTube
U02812,18,Female,Mumbai,Borivali,2025-04-14,Premium,Google
U02813,42,Male,Mumbai,Bandra,2025-02-12,Premium,College/Community
U02814,43,Female,Bengaluru,Yelahanka,2025-07-28,Basic,Instagram
U02815,44,Female,Hyderabad,Banjara Hills,2026-08-23,Basic,Google
U02816,20,Female,Pune,Viman Nagar,2026-04-21,Pro,Google
U02817,33,Male,Hyderabad,Kondapur,2025-04-19,Premium,Other
U02818,45,Female,Bengaluru,HSR Layout,2026-07-13,Pro,Other
U02819,19,Male,Bengaluru,Marathahalli,2025-08-02,Basic,Instagram
U02820,32,Female,Bengaluru,Electronic City,2026-02-13,Basic,Referral
U02821,18,Male,Chennai,Adyar,2026-07-07,Pro,Referral
U02822,26,Male,Bengaluru,HSR Layout,2025-03-18,Basic,Instagram
U02823,33,Male,Mumbai,Andheri,2025-04-05,Pro,Instagram
U02824,21,Female,Bengaluru,Electronic City,2025-09-26,Basic,Other
U02825,29,Male,Bengaluru,Whitefield,2025-12-27,Pro,Google
U02826,18,Female,Pune,Hinjewadi,2026-06-14,Basic,Instagram
U02827,18,Female,Mumbai,Borivali,2025-06-11,Basic,Instagram
U02828,24,Female,Bengaluru,HSR Layout,2026-04-10,Premium,Google
U02829,35,Male,Hyderabad,Kukatpally,2026-07-18,Basic,Referral
U02830,40,Female,Bengaluru,Yelahanka,2026-07-02,Basic,Google
U02831,45,Male,Hyderabad,Kondapur,2025-07-06,Basic,Google
U02832,40,Male,Mumbai,Thane,2025-02-21,Premium,Instagram
U02833,32,Male,Bengaluru,Whitefield,2026-05-03,Pro,Google
U02834,43,Male,Bengaluru,Jayanagar,2026-06-15,Basic,Instagram
U02835,42,Male,Bengaluru,Marathahalli,2026-01-31,Basic,College/Community
U02836,30,Male,Chennai,T Nagar,2025-04-02,Basic,Instagram
U02837,33,Male,Chennai,Anna Nagar,2025-12-23,Premium,YouTube
U02838,24,Male,Bengaluru,Yelahanka,2025-05-24,Basic,Google
U02839,33,Male,Pune,Baner,2025-07-18,Basic,Referral
U02840,30,Male,Bengaluru,Whitefield,2025-11-19,Basic,Google
U02841,31,Female,Bengaluru,HSR Layout,2025-11-28,Basic,YouTube
U02842,34,Male,Pune,Baner,2025-09-21,Premium,College/Community
U02843,29,Male,Chennai,T Nagar,2025-08-05,Basic,Google
U02844,41,Female,Chennai,OMR,2026-07-10,Basic,Instagram
U02845,41,Male,Hyderabad,Banjara Hills,2026-03-10,Basic,YouTube
U02846,37,Male,Bengaluru,HSR Layout,2026-04-05,Premium,Instagram
U02847,30,Male,Pune,Baner,2026-05-18,Basic,Referral
U02848,41,Female,Bengaluru,HSR Layout,2026-04-14,Basic,Instagram
U02849,37,Female,Hyderabad,Kondapur,2026-01-01,Basic,Referral
U02850,32,Female,Bengaluru,Jayanagar,2025-08-27,Premium,Referral
U02851,41,Other,Mumbai,Borivali,2026-08-04,Basic,Instagram
U02852,38,Female,Bengaluru,Koramangala,2026-07-15,Basic,Referral
U02853,21,Female,Bengaluru,HSR Layout,2026-01-31,Basic,Google
U02854,39,Female,Chennai,Anna Nagar,2026-01-30,Basic,Instagram
U02855,19,Male,Bengaluru,Koramangala,2025-03-16,Pro,Google
U02856,45,Male,Hyderabad,Kukatpally,2025-04-08,Basic,Referral
U02857,35,Male,Bengaluru,Yelahanka,2026-01-18,Pro,Instagram
U02858,19,Male,Bengaluru,Yelahanka,2026-01-05,Basic,Other
U02859,42,Female,Bengaluru,Indiranagar,2025-10-12,Basic,Referral
U02860,32,Male,Bengaluru,Electronic City,2025-09-13,Basic,Instagram
U02861,43,Female,Pune,Kothrud,2025-11-05,Pro,College/Community
U02862,36,Male,Bengaluru,Jayanagar,2025-06-25,Basic,Google
U02863,32,Male,Chennai,Anna Nagar,2025-08-16,Premium,Referral
U02864,43,Female,Hyderabad,Gachibowli,2025-12-13,Basic,Google
U02865,37,Male,Hyderabad,Kondapur,2025-12-08,Basic,YouTube
U02866,27,Male,Hyderabad,Kondapur,2025-08-27,Premium,YouTube
U02867,45,Male,Hyderabad,Madhapur,2025-12-16,Pro,Referral
U02868,41,Male,Pune,Wakad,2026-03-31,Basic,Instagram
U02869,37,Male,Bengaluru,Jayanagar,2026-03-17,Premium,Google
U02870,28,Female,Bengaluru,Indiranagar,2026-08-11,Basic,Google
U02871,43,Male,Chennai,Anna Nagar,2026-05-30,Basic,Instagram
U02872,27,Male,Chennai,OMR,2025-03-22,Basic,Google
U02873,40,Male,Chennai,Velachery,2025-12-27,Basic,YouTube
U02874,22,Male,Bengaluru,Indiranagar,2025-10-15,Basic,College/Community
U02875,26,Male,Pune,Wakad,2025-01-08,Basic,Google
U02876,37,Male,Hyderabad,Gachibowli,2025-03-28,Pro,Instagram
U02877,36,Female,Hyderabad,Madhapur,2025-10-13,Premium,College/Community
U02878,30,Female,Bengaluru,Koramangala,2026-02-03,Basic,College/Community
U02879,35,Male,Hyderabad,Kukatpally,2025-03-15,Pro,Google
U02880,34,Male,Bengaluru,Yelahanka,2026-03-15,Basic,Instagram
U02881,44,Male,Bengaluru,HSR Layout,2025-05-03,Basic,YouTube
U02882,23,Male,Pune,Hinjewadi,2026-01-12,Premium,YouTube
U02883,27,Male,Bengaluru,Koramangala,2025-05-23,Basic,Instagram
U02884,19,Female,Bengaluru,Yelahanka,2025-06-07,Premium,Referral
U02885,41,Female,Bengaluru,Electronic City,2026-03-06,Basic,Referral
U02886,23,Male,Chennai,OMR,2026-03-24,Basic,Google
U02887,45,Female,Hyderabad,Kondapur,2026-02-14,Basic,YouTube
U02888,45,Male,Bengaluru,Marathahalli,2026-01-06,Pro,Google
U02889,38,Female,Pune,Kothrud,2025-04-19,Premium,YouTube
U02890,30,Female,Pune,Hinjewadi,2025-02-05,Premium,Referral
U02891,35,Female,Bengaluru,Yelahanka,2025-03-31,Basic,Instagram
U02892,24,Male,Mumbai,Bandra,2026-02-19,Basic,Referral
U02893,19,Male,Pune,Baner,2025-10-23,Premium,YouTube
U02894,31,Male,Mumbai,Bandra,2025-02-15,Basic,Other
U02895,22,Male,Bengaluru,Jayanagar,2026-05-03,Basic,Google
U02896,35,Male,Pune,Baner,2025-06-19,Premium,Instagram
U02897,28,Male,Hyderabad,Banjara Hills,2025-05-26,Basic,Other
U02898,27,Male,Bengaluru,Yelahanka,2026-02-24,Basic,Referral
U02899,28,Female,Hyderabad,Kondapur,2026-07-27,Premium,Other
U02900,44,Male,Bengaluru,Jayanagar,2025-01-03,Premium,Instagram
U02901,19,Female,Bengaluru,Koramangala,2026-08-17,Premium,Google
U02902,32,Male,Pune,Viman Nagar,2025-09-20,Basic,Instagram
U02903,24,Female,Bengaluru,Koramangala,2025-11-17,Basic,College/Community
U02904,26,Male,Bengaluru,Whitefield,2026-07-30,Premium,College/Community
U02905,22,Male,Hyderabad,Madhapur,2025-09-03,Premium,Referral
U02906,24,Female,Bengaluru,Electronic City,2026-08-12,Basic,Instagram
U02907,37,Male,Chennai,T Nagar,2026-04-22,Pro,Instagram
U02908,19,Male,Bengaluru,HSR Layout,2025-09-16,Pro,Referral
U02909,20,Male,Bengaluru,Marathahalli,2025-04-03,Basic,Referral
U02910,19,Male,Bengaluru,Indiranagar,2026-06-17,Premium,YouTube
U02911,38,Male,Bengaluru,Marathahalli,2026-07-28,Basic,Google
U02912,39,Male,Bengaluru,HSR Layout,2025-12-05,Basic,Google
U02913,40,Female,Mumbai,Andheri,2025-09-17,Basic,Instagram
U02914,36,Female,Chennai,OMR,2025-08-25,Basic,Referral
U02915,21,Male,Bengaluru,Electronic City,2025-05-21,Pro,Google
U02916,41,Female,Mumbai,Thane,2026-04-25,Premium,College/Community
U02917,37,Male,Mumbai,Powai,2026-08-02,Premium,Referral
U02918,24,Male,Pune,Hinjewadi,2025-12-16,Basic,Google
U02919,45,Male,Hyderabad,Banjara Hills,2026-07-24,Basic,Google
U02920,39,Female,Bengaluru,Whitefield,2025-05-10,Basic,College/Community
U02921,24,Male,Bengaluru,Jayanagar,2026-06-21,Basic,Instagram
U02922,34,Female,Mumbai,Andheri,2025-01-11,Basic,Google
U02923,36,Male,Pune,Baner,2025-09-14,Basic,Other
U02924,39,Female,Bengaluru,Electronic City,2026-01-04,Basic,Referral
U02925,33,Female,Bengaluru,Yelahanka,2026-01-29,Basic,Referral
U02926,20,Male,Chennai,Adyar,2026-08-16,Basic,Instagram
U02927,32,Female,Pune,Viman Nagar,2026-02-23,Basic,College/Community
U02928,31,Male,Chennai,Velachery,2025-01-19,Premium,Instagram
U02929,32,Male,Pune,Baner,2025-04-20,Basic,Instagram
U02930,31,Male,Bengaluru,Koramangala,2026-03-13,Basic,Instagram
U02931,24,Male,Hyderabad,Madhapur,2026-05-20,Premium,Instagram
U02932,42,Female,Mumbai,Andheri,2025-02-03,Pro,Other
U02933,20,Male,Bengaluru,Indiranagar,2025-10-15,Premium,Referral
U02934,34,Male,Hyderabad,Madhapur,2025-09-12,Basic,Referral
U02935,27,Male,Mumbai,Borivali,2025-05-14,Basic,Other
U02936,32,Male,Bengaluru,Marathahalli,2026-05-14,Pro,Instagram
U02937,23,Male,Pune,Wakad,2026-02-01,Premium,Instagram
U02938,45,Female,Hyderabad,Madhapur,2026-05-02,Basic,Referral
U02939,34,Female,Chennai,OMR,2026-08-21,Basic,Referral
U02940,34,Male,Bengaluru,HSR Layout,2026-08-10,Basic,Referral
U02941,31,Male,Bengaluru,Jayanagar,2025-08-01,Basic,Instagram
U02942,41,Male,Mumbai,Andheri,2025-12-16,Basic,Google
U02943,42,Female,Bengaluru,Electronic City,2025-01-19,Basic,Google
U02944,35,Male,Mumbai,Bandra,2025-04-29,Pro,Google
U02945,42,Male,Pune,Baner,2025-10-29,Basic,Instagram
U02946,22,Female,Bengaluru,Indiranagar,2025-10-12,Premium,Google
U02947,25,Male,Hyderabad,Madhapur,2025-08-15,Basic,Google
U02948,24,Male,Hyderabad,Gachibowli,2026-05-22,Basic,Google
U02949,40,Female,Bengaluru,Whitefield,2026-05-16,Basic,Other
U02950,21,Male,Chennai,Velachery,2025-07-31,Premium,Other
U02951,35,Male,Pune,Hinjewadi,2025-12-22,Basic,Referral
U02952,22,Male,Mumbai,Andheri,2026-05-02,Basic,Other
U02953,33,Male,Mumbai,Bandra,2025-11-17,Premium,Other
U02954,31,Male,Hyderabad,Madhapur,2025-08-11,Basic,Google
U02955,44,Female,Chennai,T Nagar,2026-07-17,Pro,Google
U02956,44,Male,Mumbai,Bandra,2025-07-10,Pro,Other
U02957,36,Female,Mumbai,Andheri,2026-05-15,Pro,Referral
U02958,31,Male,Pune,Wakad,2026-05-10,Basic,Instagram
U02959,26,Male,Bengaluru,Marathahalli,2025-08-25,Basic,YouTube
U02960,23,Male,Pune,Viman Nagar,2025-01-22,Pro,Instagram
U02961,34,Male,Bengaluru,Koramangala,2025-11-23,Basic,Google
U02962,36,Male,Bengaluru,Yelahanka,2026-06-29,Basic,Instagram
U02963,29,Male,Bengaluru,Jayanagar,2025-05-07,Premium,Instagram
U02964,21,Male,Chennai,T Nagar,2025-12-31,Basic,Instagram
U02965,33,Male,Pune,Wakad,2025-02-13,Premium,College/Community
U02966,42,Female,Mumbai,Thane,2026-06-03,Premium,Google
U02967,28,Male,Mumbai,Thane,2025-05-08,Premium,Instagram
U02968,39,Male,Hyderabad,Kukatpally,2025-05-10,Basic,Instagram
U02969,21,Male,Chennai,T Nagar,2026-06-13,Basic,Referral
U02970,34,Male,Hyderabad,Madhapur,2025-11-17,Basic,Other
U02971,25,Female,Bengaluru,Indiranagar,2025-07-05,Basic,Instagram
U02972,31,Male,Bengaluru,Koramangala,2025-12-14,Basic,Instagram
U02973,44,Male,Pune,Kothrud,2026-04-26,Basic,Google
U02974,19,Male,Mumbai,Powai,2026-08-10,Basic,Referral
U02975,28,Female,Bengaluru,Marathahalli,2025-12-27,Basic,Google
U02976,28,Male,Bengaluru,Marathahalli,2025-10-14,Premium,Google
U02977,41,Male,Pune,Viman Nagar,2025-07-01,Basic,Google
U02978,39,Male,Bengaluru,Jayanagar,2026-03-27,Basic,Google
U02979,41,Male,Mumbai,Andheri,2025-04-07,Premium,College/Community
U02980,23,Male,Chennai,OMR,2026-07-17,Premium,Instagram
U02981,38,Female,Hyderabad,Banjara Hills,2025-11-10,Basic,Instagram
U02982,38,Female,Bengaluru,Whitefield,2026-06-30,Premium,College/Community
U02983,31,Male,Mumbai,Bandra,2025-01-21,Basic,College/Community
U02984,27,Male,Pune,Baner,2026-07-30,Basic,Instagram
U02985,43,Male,Hyderabad,Madhapur,2026-05-12,Pro,Other
U02986,44,Male,Chennai,Anna Nagar,2026-02-07,Pro,YouTube
U02987,25,Female,Bengaluru,Koramangala,2025-05-04,Basic,Google
U02988,24,Male,Hyderabad,Gachibowli,2025-04-29,Premium,Google
U02989,25,Female,Mumbai,Bandra,2026-08-13,Premium,Google
U02990,45,Male,Pune,Hinjewadi,2026-04-22,Pro,Instagram
U02991,25,Female,Bengaluru,Jayanagar,2025-04-13,Basic,Google
U02992,40,Male,Pune,Wakad,2025-11-29,Basic,Referral
U02993,19,Male,Hyderabad,Kondapur,2026-04-04,Basic,College/Community
U02994,44,Male,Bengaluru,HSR Layout,2025-05-10,Basic,Google
U02995,33,Female,Bengaluru,Electronic City,2025-05-14,Basic,Google
U02996,26,Male,Pune,Baner,2025-06-06,Premium,Google
U02997,30,Female,Bengaluru,Koramangala,2026-03-01,Premium,Referral
U02998,40,Female,Bengaluru,Yelahanka,2026-03-11,Premium,YouTube
U02999,29,Female,Bengaluru,HSR Layout,2026-01-24,Basic,Google
U03000,44,Female,Pune,Viman Nagar,2025-11-14,Basic,Referral
U03001,39,Female,Mumbai,Andheri,2026-05-20,Basic,Google
U03002,42,Female,Pune,Kothrud,2025-07-09,Basic,YouTube
U03003,34,Male,Bengaluru,HSR Layout,2026-02-15,Pro,Instagram
U03004,44,Female,Mumbai,Thane,2025-02-21,Basic,Google
U03005,19,Female,Hyderabad,Madhapur,2026-07-15,Premium,Google
U03006,30,Male,Pune,Wakad,2026-03-22,Basic,College/Community
U03007,18,Female,Chennai,Anna Nagar,2026-03-20,Basic,Referral
U03008,43,Male,Bengaluru,Whitefield,2026-01-17,Premium,Other
U03009,45,Male,Mumbai,Thane,2026-01-09,Basic,Instagram
U03010,36,Male,Bengaluru,Electronic City,2026-07-20,Basic,Google
U03011,28,Male,Hyderabad,Gachibowli,2026-01-10,Basic,Google
U03012,22,Female,Bengaluru,Electronic City,2026-01-24,Premium,Referral
U03013,18,Female,Bengaluru,HSR Layout,2026-04-24,Pro,College/Community
U03014,37,Female,Bengaluru,Yelahanka,2026-02-08,Premium,College/Community
U03015,30,Female,Mumbai,Borivali,2026-08-16,Pro,YouTube
U03016,25,Male,Bengaluru,Marathahalli,2026-04-13,Premium,Referral
U03017,23,Male,Mumbai,Thane,2026-08-20,Premium,Other
U03018,34,Male,Bengaluru,Koramangala,2026-05-20,Basic,Google
U03019,29,Female,Bengaluru,HSR Layout,2025-03-24,Basic,College/Community
U03020,18,Male,Pune,Wakad,2025-11-15,Basic,Other
U03021,20,Other,Bengaluru,Koramangala,2025-03-08,Premium,Referral
U03022,31,Female,Hyderabad,Kondapur,2026-02-18,Basic,YouTube
U03023,43,Female,Mumbai,Andheri,2026-03-29,Basic,Google
U03024,25,Male,Bengaluru,Electronic City,2025-07-17,Pro,Instagram
U03025,28,Male,Bengaluru,Indiranagar,2025-09-16,Basic,Referral
U03026,44,Female,Bengaluru,Electronic City,2025-10-25,Pro,Instagram
U03027,31,Female,Chennai,Adyar,2025-10-07,Premium,Google
U03028,25,Male,Mumbai,Bandra,2025-10-27,Basic,College/Community
U03029,20,Female,Mumbai,Thane,2025-05-09,Premium,Instagram
U03030,24,Female,Mumbai,Andheri,2026-05-13,Premium,Instagram
U03031,45,Male,Bengaluru,Electronic City,2026-03-14,Basic,Referral
U03032,36,Male,Bengaluru,Koramangala,2025-10-19,Premium,Google
U03033,21,Male,Pune,Hinjewadi,2025-07-26,Premium,Google
U03034,42,Male,Bengaluru,Koramangala,2025-10-21,Basic,Google
U03035,33,Female,Bengaluru,Whitefield,2025-01-29,Basic,Instagram
U03036,30,Male,Bengaluru,Yelahanka,2025-06-28,Basic,Instagram
U03037,37,Female,Hyderabad,Kukatpally,2025-02-10,Basic,College/Community
U03038,36,Female,Chennai,OMR,2026-04-15,Basic,Instagram
U03039,22,Male,Bengaluru,Koramangala,2025-07-11,Premium,Google
U03040,40,Male,Hyderabad,Kondapur,2025-12-10,Basic,Other
U03041,22,Male,Bengaluru,Whitefield,2025-10-05,Premium,College/Community
U03042,37,Male,Chennai,Adyar,2025-12-21,Basic,Instagram
U03043,41,Male,Bengaluru,Electronic City,2026-06-13,Basic,Referral
U03044,21,Female,Bengaluru,Electronic City,2025-03-27,Premium,YouTube
U03045,19,Male,Mumbai,Powai,2025-11-13,Premium,YouTube
U03046,43,Male,Mumbai,Andheri,2025-12-03,Basic,YouTube
U03047,30,Male,Hyderabad,Gachibowli,2025-05-25,Basic,Google
U03048,33,Male,Bengaluru,Electronic City,2025-11-11,Premium,Instagram
U03049,39,Male,Bengaluru,Electronic City,2025-08-13,Basic,Google
U03050,19,Female,Bengaluru,Koramangala,2026-02-27,Basic,Referral
U03051,36,Male,Bengaluru,Indiranagar,2025-02-23,Basic,Referral
U03052,34,Female,Hyderabad,Gachibowli,2025-03-09,Premium,Instagram
U03053,22,Male,Bengaluru,Koramangala,2025-11-30,Basic,Instagram
U03054,42,Female,Bengaluru,Yelahanka,2025-03-18,Basic,Other
U03055,35,Female,Mumbai,Powai,2026-06-23,Basic,Instagram
U03056,45,Male,Chennai,Anna Nagar,2025-06-04,Pro,Google
U03057,40,Male,Mumbai,Borivali,2025-03-13,Basic,YouTube
U03058,38,Male,Bengaluru,Yelahanka,2026-05-16,Basic,Google
U03059,35,Female,Bengaluru,Marathahalli,2026-03-23,Basic,Instagram
U03060,25,Female,Chennai,T Nagar,2026-07-13,Basic,Google
U03061,44,Male,Bengaluru,Yelahanka,2025-12-25,Premium,Referral
U03062,32,Male,Bengaluru,Indiranagar,2025-10-04,Premium,Google
U03063,30,Female,Hyderabad,Gachibowli,2025-11-09,Premium,College/Community
U03064,30,Other,Mumbai,Bandra,2025-04-15,Premium,Google
U03065,33,Female,Mumbai,Powai,2025-04-05,Pro,Referral
U03066,39,Female,Bengaluru,Whitefield,2025-08-07,Basic,Instagram
U03067,37,Female,Bengaluru,Marathahalli,2025-05-08,Pro,Google
U03068,30,Female,Chennai,Adyar,2025-07-19,Basic,YouTube
U03069,37,Female,Bengaluru,Yelahanka,2025-11-28,Premium,Instagram
U03070,19,Female,Mumbai,Thane,2026-07-01,Basic,Referral
U03071,20,Male,Mumbai,Thane,2025-10-19,Premium,Instagram
U03072,32,Male,Mumbai,Borivali,2025-03-07,Basic,Instagram
U03073,40,Female,Bengaluru,Indiranagar,2026-07-22,Premium,Referral
U03074,36,Male,Bengaluru,Jayanagar,2026-02-08,Pro,YouTube
U03075,30,Male,Hyderabad,Madhapur,2026-08-19,Premium,Instagram
U03076,22,Female,Pune,Baner,2025-05-26,Premium,College/Community
U03077,43,Female,Chennai,Adyar,2026-06-14,Basic,Instagram
U03078,39,Male,Bengaluru,Koramangala,2026-02-06,Basic,Instagram
U03079,23,Female,Bengaluru,Indiranagar,2025-05-05,Pro,Instagram
U03080,31,Female,Chennai,Adyar,2026-05-29,Premium,Instagram
U03081,21,Male,Mumbai,Thane,2025-11-28,Basic,Instagram
U03082,39,Male,Pune,Wakad,2026-04-25,Basic,YouTube
U03083,36,Female,Bengaluru,HSR Layout,2026-02-02,Basic,Referral
U03084,40,Female,Hyderabad,Gachibowli,2025-01-30,Basic,Google
U03085,24,Male,Mumbai,Thane,2025-02-25,Basic,Other
U03086,21,Male,Mumbai,Bandra,2025-05-12,Basic,Google
U03087,19,Male,Bengaluru,Yelahanka,2025-08-19,Basic,Instagram
U03088,44,Female,Bengaluru,Jayanagar,2026-01-30,Basic,Google
U03089,24,Male,Hyderabad,Kondapur,2025-06-01,Basic,Instagram
U03090,20,Male,Bengaluru,Whitefield,2026-05-17,Basic,Referral
U03091,32,Male,Hyderabad,Gachibowli,2026-05-21,Basic,Google
U03092,18,Female,Chennai,Adyar,2026-01-21,Pro,Referral
U03093,19,Male,Bengaluru,Whitefield,2026-06-17,Basic,Referral
U03094,27,Male,Pune,Baner,2026-03-24,Premium,YouTube
U03095,33,Female,Bengaluru,Koramangala,2026-08-03,Pro,YouTube
U03096,42,Male,Mumbai,Thane,2025-05-06,Basic,Instagram
U03097,45,Male,Chennai,Anna Nagar,2026-07-09,Basic,Instagram
U03098,32,Female,Bengaluru,Koramangala,2026-05-04,Basic,Referral
U03099,41,Male,Bengaluru,Koramangala,2026-03-22,Basic,Instagram
U03100,32,Female,Hyderabad,Banjara Hills,2026-04-15,Basic,Instagram
U03101,31,Male,Bengaluru,Indiranagar,2025-12-15,Basic,Referral
U03102,39,Male,Mumbai,Borivali,2026-05-23,Premium,Google
U03103,31,Female,Chennai,OMR,2026-04-02,Basic,YouTube
U03104,23,Male,Hyderabad,Gachibowli,2026-01-20,Pro,Google
U03105,31,Female,Bengaluru,Marathahalli,2026-03-24,Basic,Other
U03106,34,Male,Hyderabad,Madhapur,2025-04-25,Pro,YouTube
U03107,35,Male,Mumbai,Thane,2026-03-28,Basic,Instagram
U03108,37,Female,Bengaluru,Jayanagar,2025-04-29,Basic,Referral
U03109,36,Male,Hyderabad,Banjara Hills,2025-04-03,Basic,Referral
U03110,34,Male,Mumbai,Powai,2026-06-05,Pro,YouTube
U03111,33,Male,Mumbai,Thane,2026-08-08,Basic,Referral
U03112,25,Male,Bengaluru,Marathahalli,2026-06-22,Premium,Referral
U03113,24,Female,Mumbai,Powai,2026-03-09,Premium,Google
U03114,37,Female,Bengaluru,Koramangala,2025-05-25,Premium,Google
U03115,45,Female,Bengaluru,Indiranagar,2025-03-09,Basic,Other
U03116,29,Female,Pune,Kothrud,2025-05-11,Pro,Google
U03117,26,Male,Mumbai,Borivali,2025-10-08,Premium,Instagram
U03118,44,Male,Bengaluru,Marathahalli,2026-07-20,Basic,Instagram
U03119,31,Female,Bengaluru,HSR Layout,2026-05-28,Basic,College/Community
U03120,37,Male,Bengaluru,Electronic City,2025-01-01,Pro,Referral
U03121,18,Male,Bengaluru,Jayanagar,2026-03-08,Pro,YouTube
U03122,27,Female,Bengaluru,Marathahalli,2026-01-26,Basic,College/Community
U03123,34,Male,Bengaluru,Whitefield,2025-09-23,Premium,College/Community
U03124,34,Male,Hyderabad,Gachibowli,2026-02-03,Basic,Referral
U03125,34,Male,Mumbai,Bandra,2025-09-13,Basic,Instagram
U03126,21,Female,Mumbai,Borivali,2026-01-30,Basic,Instagram
U03127,34,Male,Mumbai,Thane,2025-06-23,Basic,Referral
U03128,35,Male,Bengaluru,Jayanagar,2025-02-14,Premium,Google
U03129,37,Female,Chennai,Anna Nagar,2025-05-21,Basic,Referral
U03130,40,Female,Pune,Baner,2026-06-23,Basic,Referral
U03131,19,Female,Pune,Hinjewadi,2025-02-19,Basic,Referral
U03132,25,Male,Pune,Kothrud,2025-03-02,Basic,Instagram
U03133,30,Male,Chennai,OMR,2025-08-31,Pro,Instagram
U03134,40,Male,Hyderabad,Banjara Hills,2025-09-26,Premium,YouTube
U03135,42,Male,Bengaluru,Marathahalli,2025-05-20,Basic,Instagram
U03136,39,Male,Mumbai,Borivali,2025-06-06,Pro,Referral
U03137,37,Male,Mumbai,Borivali,2026-08-20,Basic,Referral
U03138,39,Male,Mumbai,Thane,2026-08-19,Premium,Other
U03139,32,Female,Hyderabad,Kondapur,2025-10-03,Pro,College/Community
U03140,37,Female,Bengaluru,Indiranagar,2025-01-31,Basic,Google
U03141,40,Male,Bengaluru,Indiranagar,2025-01-08,Premium,Referral
U03142,26,Male,Chennai,Adyar,2025-02-02,Basic,Instagram
U03143,20,Male,Hyderabad,Madhapur,2026-03-28,Basic,Google
U03144,20,Male,Hyderabad,Madhapur,2026-03-25,Basic,YouTube
U03145,19,Male,Bengaluru,Electronic City,2025-02-06,Pro,Referral
U03146,18,Male,Bengaluru,Indiranagar,2025-02-03,Basic,Referral
U03147,31,Female,Chennai,T Nagar,2026-03-31,Pro,Instagram
U03148,34,Female,Mumbai,Powai,2026-03-20,Pro,College/Community
U03149,30,Female,Pune,Kothrud,2025-08-25,Basic,Google
U03150,36,Female,Hyderabad,Gachibowli,2025-07-31,Basic,College/Community
U03151,40,Female,Mumbai,Powai,2025-05-20,Premium,Referral
U03152,32,Female,Bengaluru,Whitefield,2025-12-27,Basic,Google
U03153,44,Male,Mumbai,Andheri,2025-10-31,Basic,Instagram
U03154,42,Male,Hyderabad,Kukatpally,2025-10-23,Pro,Instagram
U03155,31,Female,Hyderabad,Madhapur,2025-06-01,Premium,College/Community
U03156,19,Male,Mumbai,Andheri,2025-08-11,Basic,College/Community
U03157,24,Female,Chennai,OMR,2025-07-15,Basic,Referral
U03158,34,Female,Bengaluru,Indiranagar,2026-08-23,Basic,Google
U03159,35,Female,Pune,Viman Nagar,2025-10-26,Basic,Referral
U03160,23,Male,Bengaluru,Whitefield,2026-06-13,Pro,Google
U03161,44,Male,Hyderabad,Madhapur,2026-05-03,Premium,Referral
U03162,38,Female,Bengaluru,Jayanagar,2025-07-30,Basic,Google
U03163,25,Female,Bengaluru,Yelahanka,2025-08-20,Basic,College/Community
U03164,45,Male,Hyderabad,Banjara Hills,2026-01-02,Premium,YouTube
U03165,44,Female,Bengaluru,Indiranagar,2026-04-26,Basic,Google
U03166,19,Female,Hyderabad,Madhapur,2026-08-05,Basic,College/Community
U03167,18,Male,Chennai,T Nagar,2026-07-26,Basic,Referral
U03168,33,Female,Bengaluru,Marathahalli,2025-06-28,Basic,Instagram
U03169,24,Male,Pune,Wakad,2026-04-29,Basic,Instagram
U03170,39,Female,Bengaluru,Jayanagar,2026-08-12,Basic,YouTube
U03171,41,Male,Mumbai,Andheri,2026-05-10,Basic,College/Community
U03172,28,Female,Bengaluru,Yelahanka,2026-07-01,Basic,College/Community
U03173,32,Female,Bengaluru,HSR Layout,2025-01-16,Basic,Referral
U03174,30,Male,Bengaluru,Whitefield,2026-04-11,Basic,Instagram
U03175,41,Female,Bengaluru,Koramangala,2026-02-06,Basic,Instagram
U03176,19,Female,Bengaluru,HSR Layout,2025-10-21,Premium,Google
U03177,31,Female,Mumbai,Borivali,2025-06-20,Basic,College/Community
U03178,41,Male,Pune,Kothrud,2025-02-01,Basic,Other
U03179,23,Male,Pune,Viman Nagar,2025-09-20,Pro,Instagram
U03180,26,Male,Mumbai,Bandra,2025-08-03,Premium,YouTube
U03181,45,Female,Bengaluru,Electronic City,2026-07-12,Premium,Referral
U03182,24,Male,Bengaluru,Marathahalli,2025-07-08,Basic,Instagram
U03183,35,Other,Bengaluru,Electronic City,2026-08-06,Basic,Referral
U03184,41,Female,Bengaluru,HSR Layout,2026-08-23,Premium,College/Community
U03185,26,Female,Hyderabad,Madhapur,2025-09-18,Premium,Google
U03186,40,Female,Hyderabad,Kukatpally,2025-07-01,Basic,College/Community
U03187,21,Female,Bengaluru,HSR Layout,2026-05-20,Basic,Instagram
U03188,26,Female,Bengaluru,Indiranagar,2025-12-08,Pro,Instagram
U03189,21,Male,Pune,Kothrud,2025-01-22,Basic,Instagram
U03190,29,Female,Pune,Kothrud,2025-03-15,Basic,College/Community
U03191,21,Female,Bengaluru,HSR Layout,2025-06-15,Basic,Google
U03192,42,Female,Chennai,OMR,2025-08-22,Premium,YouTube
U03193,41,Female,Chennai,T Nagar,2026-01-10,Premium,Referral
U03194,37,Male,Bengaluru,Koramangala,2026-03-09,Premium,Referral
U03195,31,Male,Bengaluru,Yelahanka,2025-11-30,Basic,College/Community
U03196,41,Female,Hyderabad,Kondapur,2026-06-24,Basic,Google
U03197,41,Male,Chennai,OMR,2025-02-04,Basic,College/Community
U03198,24,Female,Pune,Viman Nagar,2026-03-20,Premium,Instagram
U03199,43,Male,Bengaluru,Electronic City,2025-08-19,Premium,Referral
U03200,30,Male,Bengaluru,Electronic City,2025-11-14,Pro,YouTube
U03201,39,Male,Hyderabad,Banjara Hills,2025-12-09,Basic,College/Community
U03202,25,Female,Hyderabad,Gachibowli,2026-03-06,Premium,Instagram
U03203,40,Female,Bengaluru,Yelahanka,2026-04-11,Basic,Referral
U03204,22,Male,Pune,Wakad,2025-03-20,Basic,Google
U03205,29,Female,Mumbai,Borivali,2026-07-27,Basic,Google
U03206,30,Male,Pune,Viman Nagar,2026-03-25,Basic,Instagram
U03207,37,Male,Pune,Baner,2025-10-09,Pro,Instagram
U03208,31,Female,Mumbai,Bandra,2025-02-26,Basic,College/Community
U03209,45,Female,Hyderabad,Kondapur,2025-07-10,Pro,YouTube
U03210,35,Male,Mumbai,Borivali,2026-04-08,Basic,Google
U03211,44,Female,Bengaluru,Whitefield,2025-02-11,Basic,College/Community
U03212,41,Female,Mumbai,Powai,2026-05-01,Basic,Instagram
U03213,42,Male,Bengaluru,Whitefield,2025-06-22,Basic,Referral
U03214,37,Male,Mumbai,Powai,2025-09-07,Basic,College/Community
U03215,21,Female,Bengaluru,Jayanagar,2026-05-25,Basic,College/Community
U03216,38,Male,Bengaluru,HSR Layout,2026-05-17,Basic,Google
U03217,35,Male,Bengaluru,Electronic City,2025-07-12,Pro,YouTube
U03218,24,Female,Bengaluru,Yelahanka,2025-06-14,Premium,Google
U03219,32,Male,Mumbai,Powai,2025-03-31,Premium,College/Community
U03220,38,Male,Mumbai,Thane,2025-02-27,Basic,Referral
U03221,23,Male,Hyderabad,Banjara Hills,2025-09-20,Basic,YouTube
U03222,33,Female,Bengaluru,Indiranagar,2025-08-31,Basic,Instagram
U03223,37,Male,Bengaluru,Jayanagar,2025-08-07,Premium,Referral
U03224,41,Male,Bengaluru,Koramangala,2025-01-09,Basic,Referral
U03225,25,Male,Bengaluru,HSR Layout,2026-03-06,Basic,Referral
U03226,45,Female,Chennai,Anna Nagar,2025-01-13,Basic,YouTube
U03227,38,Female,Bengaluru,Jayanagar,2025-08-13,Basic,College/Community
U03228,33,Female,Bengaluru,Jayanagar,2025-03-08,Premium,YouTube
U03229,45,Male,Bengaluru,Whitefield,2026-05-18,Basic,Instagram
U03230,39,Female,Bengaluru,Jayanagar,2025-07-03,Basic,College/Community
U03231,33,Female,Hyderabad,Banjara Hills,2025-07-27,Premium,Instagram
U03232,20,Female,Mumbai,Powai,2026-06-12,Basic,Referral
U03233,34,Male,Bengaluru,Koramangala,2025-10-27,Basic,College/Community
U03234,26,Male,Bengaluru,Marathahalli,2025-08-29,Basic,Instagram
U03235,42,Female,Bengaluru,Whitefield,2026-03-31,Premium,College/Community
U03236,20,Male,Bengaluru,Marathahalli,2026-06-14,Pro,YouTube
U03237,37,Male,Bengaluru,Indiranagar,2025-09-01,Premium,Referral
U03238,24,Female,Chennai,Adyar,2026-07-17,Premium,Google
U03239,35,Other,Mumbai,Andheri,2025-08-26,Basic,Google
U03240,29,Male,Hyderabad,Madhapur,2025-09-03,Basic,Other
U03241,36,Female,Bengaluru,Electronic City,2025-12-11,Basic,Instagram
U03242,33,Male,Hyderabad,Gachibowli,2026-04-29,Premium,Referral
U03243,39,Female,Hyderabad,Kondapur,2025-11-06,Basic,Instagram
U03244,44,Female,Mumbai,Bandra,2026-07-15,Premium,Instagram
U03245,41,Male,Mumbai,Andheri,2025-10-11,Premium,YouTube
U03246,34,Male,Bengaluru,Indiranagar,2025-02-07,Pro,Google
U03247,37,Male,Hyderabad,Madhapur,2025-02-01,Basic,Other
U03248,32,Male,Bengaluru,Jayanagar,2025-08-31,Basic,Referral
U03249,18,Male,Pune,Viman Nagar,2026-07-07,Basic,Referral
U03250,19,Female,Mumbai,Thane,2025-10-19,Basic,Instagram
U03251,25,Male,Hyderabad,Madhapur,2025-10-19,Premium,Other
U03252,39,Female,Bengaluru,Jayanagar,2026-01-17,Basic,Instagram
U03253,42,Male,Mumbai,Bandra,2026-08-22,Pro,Referral
U03254,19,Female,Bengaluru,Marathahalli,2026-08-01,Pro,Google
U03255,36,Male,Bengaluru,Yelahanka,2025-05-18,Basic,Google
U03256,26,Male,Bengaluru,Electronic City,2025-07-19,Basic,Referral
U03257,26,Male,Mumbai,Powai,2025-12-01,Basic,Referral
U03258,30,Male,Bengaluru,Whitefield,2026-03-23,Basic,Instagram
U03259,23,Female,Bengaluru,Yelahanka,2025-12-14,Basic,Referral
U03260,32,Female,Chennai,Velachery,2025-10-05,Basic,YouTube
U03261,36,Male,Bengaluru,Marathahalli,2026-06-16,Basic,Google
U03262,38,Male,Hyderabad,Gachibowli,2026-02-03,Premium,Instagram
U03263,32,Male,Bengaluru,Electronic City,2026-01-26,Basic,Google
U03264,35,Male,Bengaluru,Electronic City,2026-07-16,Basic,Instagram
U03265,24,Female,Pune,Hinjewadi,2025-01-10,Basic,Instagram
U03266,43,Male,Bengaluru,Koramangala,2026-08-14,Pro,Google
U03267,28,Male,Hyderabad,Kondapur,2026-07-03,Premium,Referral
U03268,25,Male,Hyderabad,Kukatpally,2025-02-28,Basic,Instagram
U03269,23,Male,Mumbai,Bandra,2025-03-29,Premium,Referral
U03270,25,Male,Mumbai,Thane,2026-04-04,Premium,Other
U03271,19,Male,Bengaluru,Indiranagar,2025-04-14,Premium,Other
U03272,36,Male,Bengaluru,Marathahalli,2025-04-14,Basic,College/Community
U03273,33,Male,Mumbai,Powai,2025-09-11,Premium,Google
U03274,24,Male,Hyderabad,Madhapur,2025-12-01,Basic,Instagram
U03275,27,Female,Pune,Wakad,2026-04-08,Pro,College/Community
U03276,29,Male,Pune,Hinjewadi,2026-07-03,Basic,Instagram
U03277,34,Male,Pune,Baner,2025-10-28,Pro,Instagram
U03278,24,Male,Hyderabad,Kondapur,2026-07-09,Pro,Referral
U03279,39,Male,Bengaluru,Whitefield,2025-12-07,Basic,Instagram
U03280,25,Male,Pune,Wakad,2026-05-07,Pro,College/Community
U03281,24,Female,Hyderabad,Madhapur,2025-03-25,Basic,YouTube
U03282,21,Female,Bengaluru,Koramangala,2025-09-16,Basic,YouTube
U03283,20,Male,Pune,Baner,2025-12-26,Basic,College/Community
U03284,36,Female,Pune,Viman Nagar,2025-03-28,Pro,Instagram
U03285,32,Male,Hyderabad,Madhapur,2026-03-04,Basic,YouTube
U03286,21,Male,Bengaluru,Marathahalli,2026-01-02,Basic,Google
U03287,42,Other,Bengaluru,Electronic City,2025-12-09,Premium,Referral
U03288,26,Female,Pune,Wakad,2025-12-13,Pro,Instagram
U03289,30,Other,Chennai,T Nagar,2025-04-06,Premium,YouTube
U03290,35,Male,Bengaluru,HSR Layout,2025-09-12,Basic,Other
U03291,38,Male,Bengaluru,Jayanagar,2025-05-16,Basic,Instagram
U03292,33,Male,Pune,Kothrud,2025-09-05,Basic,Instagram
U03293,18,Female,Bengaluru,Electronic City,2026-05-14,Premium,Instagram
U03294,21,Male,Hyderabad,Banjara Hills,2026-05-01,Basic,Google
U03295,35,Female,Chennai,OMR,2026-02-06,Basic,Google
U03296,25,Male,Bengaluru,Koramangala,2026-02-16,Premium,College/Community
U03297,37,Male,Mumbai,Powai,2026-03-24,Basic,Referral
U03298,33,Female,Bengaluru,HSR Layout,2025-09-04,Basic,Referral
U03299,38,Female,Bengaluru,Koramangala,2026-02-25,Basic,YouTube
U03300,28,Male,Pune,Kothrud,2025-05-04,Basic,Google
U03301,37,Other,Hyderabad,Kondapur,2025-09-17,Basic,Google
U03302,38,Male,Chennai,Adyar,2025-06-18,Basic,YouTube
U03303,38,Male,Hyderabad,Kukatpally,2025-04-21,Premium,YouTube
U03304,38,Female,Bengaluru,Marathahalli,2025-10-17,Basic,Instagram
U03305,44,Other,Bengaluru,HSR Layout,2026-08-22,Basic,Instagram
U03306,36,Female,Bengaluru,Indiranagar,2025-01-13,Premium,Instagram
U03307,40,Female,Bengaluru,Koramangala,2025-09-20,Premium,Google
U03308,36,Female,Bengaluru,Whitefield,2025-01-23,Premium,Google
U03309,35,Female,Bengaluru,Marathahalli,2025-07-19,Pro,Referral
U03310,36,Male,Hyderabad,Banjara Hills,2025-08-30,Premium,College/Community
U03311,28,Female,Mumbai,Thane,2025-08-27,Basic,Instagram
U03312,20,Female,Mumbai,Andheri,2025-10-30,Premium,Referral
U03313,25,Male,Mumbai,Bandra,2025-06-14,Basic,Google
U03314,37,Male,Bengaluru,Electronic City,2025-06-25,Basic,Referral
U03315,36,Male,Bengaluru,Marathahalli,2025-01-29,Basic,Referral
U03316,27,Female,Mumbai,Powai,2026-06-19,Basic,College/Community
U03317,33,Male,Hyderabad,Madhapur,2025-10-21,Basic,Instagram
U03318,22,Female,Bengaluru,Marathahalli,2026-04-22,Basic,Instagram
U03319,37,Male,Pune,Kothrud,2026-01-18,Basic,Referral
U03320,26,Male,Pune,Baner,2026-07-10,Premium,Google
U03321,25,Female,Hyderabad,Gachibowli,2025-10-23,Pro,Instagram
U03322,28,Male,Bengaluru,Yelahanka,2025-11-30,Basic,Instagram
U03323,33,Male,Pune,Viman Nagar,2025-09-05,Premium,Referral
U03324,24,Male,Hyderabad,Kukatpally,2025-08-29,Basic,Google
U03325,32,Female,Pune,Viman Nagar,2025-04-16,Pro,Other
U03326,41,Other,Pune,Kothrud,2026-07-15,Basic,Google
U03327,38,Female,Pune,Hinjewadi,2025-05-03,Basic,Instagram
U03328,37,Female,Hyderabad,Banjara Hills,2025-02-04,Basic,Referral
U03329,40,Male,Bengaluru,Jayanagar,2026-02-20,Basic,Instagram
U03330,34,Male,Mumbai,Andheri,2025-11-23,Basic,Referral
U03331,23,Male,Mumbai,Andheri,2025-10-22,Basic,Referral
U03332,32,Male,Mumbai,Bandra,2026-03-08,Basic,Google
U03333,25,Male,Bengaluru,Indiranagar,2025-12-13,Basic,YouTube
U03334,24,Male,Bengaluru,Electronic City,2025-02-06,Basic,Instagram
U03335,19,Female,Chennai,T Nagar,2026-05-27,Pro,College/Community
U03336,30,Male,Mumbai,Powai,2026-06-19,Basic,YouTube
U03337,40,Female,Chennai,T Nagar,2025-01-18,Basic,Google
U03338,23,Female,Pune,Hinjewadi,2025-01-27,Premium,Instagram
U03339,22,Female,Hyderabad,Banjara Hills,2026-06-20,Premium,Google
U03340,37,Female,Mumbai,Powai,2025-01-29,Basic,Google
U03341,18,Female,Pune,Wakad,2025-04-27,Premium,Referral
U03342,35,Male,Hyderabad,Kukatpally,2025-05-12,Basic,Instagram
U03343,32,Male,Mumbai,Andheri,2025-10-16,Basic,College/Community
U03344,40,Male,Bengaluru,Whitefield,2025-08-24,Basic,Instagram
U03345,27,Male,Hyderabad,Kondapur,2025-02-11,Basic,Google
U03346,20,Female,Mumbai,Andheri,2025-06-09,Basic,Instagram
U03347,22,Female,Bengaluru,Electronic City,2025-05-05,Premium,Google
U03348,41,Female,Bengaluru,Electronic City,2025-09-17,Basic,College/Community
U03349,30,Male,Bengaluru,Jayanagar,2025-10-03,Premium,Referral
U03350,25,Other,Bengaluru,Electronic City,2025-08-01,Basic,Instagram
U03351,39,Male,Bengaluru,Yelahanka,2026-04-18,Basic,College/Community
U03352,38,Female,Hyderabad,Kukatpally,2026-07-24,Basic,College/Community
U03353,19,Male,Chennai,T Nagar,2026-03-07,Premium,YouTube
U03354,26,Male,Hyderabad,Gachibowli,2025-03-21,Basic,College/Community
U03355,34,Male,Bengaluru,HSR Layout,2025-08-16,Premium,Referral
U03356,44,Female,Bengaluru,Electronic City,2025-04-05,Premium,Referral
U03357,35,Male,Mumbai,Powai,2026-02-28,Basic,Google
U03358,30,Male,Bengaluru,Jayanagar,2026-05-31,Pro,Instagram
U03359,18,Female,Pune,Kothrud,2025-06-14,Premium,Referral
U03360,29,Female,Mumbai,Thane,2026-03-02,Basic,College/Community
U03361,37,Male,Pune,Kothrud,2025-02-11,Basic,Referral
U03362,37,Female,Bengaluru,Yelahanka,2026-02-07,Basic,College/Community
U03363,38,Male,Mumbai,Powai,2026-02-20,Basic,Google
U03364,22,Male,Bengaluru,Yelahanka,2025-10-27,Basic,YouTube
U03365,25,Male,Chennai,Velachery,2025-02-24,Basic,Referral
U03366,44,Male,Mumbai,Powai,2025-12-02,Premium,YouTube
U03367,32,Male,Bengaluru,Koramangala,2026-03-06,Basic,Referral
U03368,44,Female,Bengaluru,Electronic City,2025-11-30,Premium,Instagram
U03369,20,Male,Bengaluru,Jayanagar,2026-02-10,Basic,Instagram
U03370,23,Female,Mumbai,Thane,2025-01-30,Basic,Other
U03371,45,Female,Bengaluru,Jayanagar,2026-06-19,Premium,Instagram
U03372,30,Male,Hyderabad,Madhapur,2026-06-01,Premium,Google
U03373,29,Male,Bengaluru,Koramangala,2026-07-29,Basic,Google
U03374,36,Female,Mumbai,Andheri,2025-08-09,Basic,Google
U03375,35,Female,Pune,Hinjewadi,2026-08-17,Basic,YouTube
U03376,41,Female,Pune,Kothrud,2026-05-09,Basic,YouTube
U03377,18,Female,Pune,Wakad,2025-09-10,Basic,College/Community
U03378,42,Male,Bengaluru,Whitefield,2026-07-18,Premium,Google
U03379,44,Female,Bengaluru,HSR Layout,2025-11-17,Basic,Referral
U03380,24,Male,Mumbai,Andheri,2025-02-08,Basic,College/Community
U03381,29,Female,Bengaluru,Jayanagar,2026-04-10,Basic,Other
U03382,27,Female,Hyderabad,Madhapur,2026-02-15,Basic,Other
U03383,29,Male,Bengaluru,Electronic City,2026-02-16,Basic,YouTube
U03384,28,Male,Bengaluru,Koramangala,2026-05-07,Basic,Instagram
U03385,21,Female,Bengaluru,Koramangala,2026-03-14,Basic,Instagram
U03386,36,Male,Pune,Hinjewadi,2026-04-24,Premium,College/Community
U03387,23,Male,Bengaluru,Marathahalli,2025-03-13,Basic,College/Community
U03388,42,Female,Hyderabad,Madhapur,2026-08-05,Pro,YouTube
U03389,26,Female,Bengaluru,HSR Layout,2025-08-08,Basic,Google
U03390,37,Male,Mumbai,Borivali,2025-01-04,Basic,Referral
U03391,27,Male,Bengaluru,Yelahanka,2025-10-17,Premium,Google
U03392,22,Female,Chennai,Adyar,2026-01-15,Premium,Google
U03393,44,Female,Pune,Hinjewadi,2025-12-21,Basic,Google
U03394,30,Female,Bengaluru,Koramangala,2025-03-21,Premium,College/Community
U03395,26,Other,Chennai,Adyar,2025-03-07,Premium,Instagram
U03396,19,Male,Chennai,Velachery,2025-05-16,Premium,Referral
U03397,35,Male,Pune,Kothrud,2026-02-03,Basic,Google
U03398,38,Male,Pune,Viman Nagar,2025-12-13,Premium,Referral
U03399,18,Male,Bengaluru,Koramangala,2025-02-28,Premium,Referral
U03400,41,Male,Hyderabad,Kondapur,2026-06-03,Premium,Other
U03401,38,Male,Bengaluru,HSR Layout,2025-08-25,Premium,Instagram
U03402,29,Female,Bengaluru,Whitefield,2025-03-20,Pro,Instagram
U03403,27,Female,Chennai,OMR,2026-07-12,Basic,YouTube
U03404,19,Female,Bengaluru,Indiranagar,2025-04-25,Basic,Google
U03405,45,Male,Mumbai,Powai,2026-04-07,Basic,Instagram
U03406,26,Male,Pune,Hinjewadi,2025-05-06,Basic,Referral
U03407,19,Male,Pune,Hinjewadi,2026-07-27,Basic,Referral
U03408,40,Female,Chennai,Anna Nagar,2026-05-15,Basic,Instagram
U03409,41,Male,Bengaluru,Electronic City,2025-04-12,Basic,Google
U03410,39,Male,Bengaluru,HSR Layout,2025-06-23,Premium,College/Community
U03411,31,Male,Bengaluru,Jayanagar,2026-03-28,Premium,Referral
U03412,28,Female,Bengaluru,Koramangala,2025-04-02,Basic,Instagram
U03413,40,Female,Bengaluru,Koramangala,2026-01-20,Pro,Google
U03414,28,Female,Bengaluru,HSR Layout,2025-07-24,Basic,Referral
U03415,34,Male,Pune,Baner,2025-12-29,Premium,Instagram
U03416,21,Male,Hyderabad,Banjara Hills,2026-05-13,Premium,College/Community
U03417,30,Male,Bengaluru,Indiranagar,2026-06-21,Basic,YouTube
U03418,24,Male,Mumbai,Bandra,2025-08-22,Basic,Referral
U03419,33,Male,Bengaluru,Whitefield,2025-01-16,Basic,College/Community
U03420,18,Male,Bengaluru,Koramangala,2025-05-21,Premium,Google
U03421,30,Male,Pune,Kothrud,2026-02-24,Premium,Instagram
U03422,18,Male,Mumbai,Thane,2026-04-01,Basic,Referral
U03423,28,Male,Pune,Hinjewadi,2025-10-27,Basic,Referral
U03424,23,Female,Bengaluru,Indiranagar,2025-12-05,Basic,Google
U03425,37,Other,Pune,Wakad,2025-10-30,Basic,Google
U03426,20,Female,Mumbai,Powai,2026-08-15,Pro,Google
U03427,29,Male,Hyderabad,Madhapur,2025-03-17,Basic,Google
U03428,22,Male,Mumbai,Bandra,2025-11-12,Pro,YouTube
U03429,26,Female,Pune,Baner,2026-05-15,Premium,Referral
U03430,43,Male,Hyderabad,Kukatpally,2025-03-16,Pro,Google
U03431,43,Female,Hyderabad,Gachibowli,2026-01-01,Basic,Google
U03432,29,Female,Chennai,Adyar,2026-06-30,Basic,Google
U03433,45,Female,Pune,Hinjewadi,2026-01-31,Basic,Google
U03434,44,Female,Hyderabad,Banjara Hills,2025-08-19,Premium,Instagram
U03435,27,Female,Mumbai,Andheri,2025-01-28,Premium,Google
U03436,36,Female,Bengaluru,Electronic City,2026-04-20,Basic,Google
U03437,22,Male,Bengaluru,Koramangala,2025-10-22,Premium,Referral
U03438,43,Male,Hyderabad,Banjara Hills,2026-03-03,Basic,YouTube
U03439,22,Male,Chennai,OMR,2025-04-01,Basic,Google
U03440,26,Male,Chennai,T Nagar,2025-04-25,Basic,Other
U03441,44,Male,Bengaluru,Whitefield,2025-06-08,Basic,College/Community
U03442,45,Male,Hyderabad,Gachibowli,2025-09-15,Basic,Other
U03443,43,Female,Bengaluru,Jayanagar,2026-01-08,Basic,College/Community
U03444,44,Male,Chennai,Velachery,2025-03-31,Premium,Referral
U03445,37,Male,Chennai,T Nagar,2025-10-25,Premium,Referral
U03446,34,Male,Mumbai,Thane,2025-01-31,Basic,Instagram
U03447,27,Male,Pune,Hinjewadi,2025-12-24,Premium,YouTube
U03448,38,Male,Mumbai,Bandra,2026-04-15,Basic,Referral
U03449,18,Female,Hyderabad,Kukatpally,2025-05-08,Basic,Referral
U03450,39,Male,Bengaluru,Whitefield,2025-09-27,Premium,YouTube
U03451,45,Male,Hyderabad,Kukatpally,2026-05-13,Premium,Google
U03452,33,Male,Mumbai,Borivali,2026-02-17,Basic,Referral
U03453,43,Male,Mumbai,Borivali,2025-07-28,Basic,Google
U03454,43,Female,Bengaluru,Indiranagar,2025-11-02,Premium,YouTube
U03455,32,Male,Chennai,Anna Nagar,2025-07-10,Basic,College/Community
U03456,40,Male,Bengaluru,Whitefield,2025-12-23,Premium,College/Community
U03457,34,Male,Hyderabad,Banjara Hills,2026-04-02,Basic,YouTube
U03458,43,Female,Mumbai,Andheri,2026-03-25,Premium,Instagram
U03459,37,Male,Mumbai,Bandra,2025-03-09,Basic,College/Community
U03460,42,Female,Mumbai,Thane,2026-04-12,Basic,Google
U03461,30,Male,Bengaluru,HSR Layout,2025-12-26,Basic,College/Community
U03462,18,Female,Bengaluru,Electronic City,2026-01-22,Basic,Instagram
U03463,42,Female,Mumbai,Andheri,2025-05-08,Premium,Google
U03464,25,Male,Hyderabad,Kukatpally,2026-04-30,Basic,YouTube
U03465,22,Male,Bengaluru,Whitefield,2025-09-01,Premium,Referral
U03466,23,Male,Mumbai,Bandra,2025-01-19,Basic,Google
U03467,40,Male,Hyderabad,Madhapur,2026-01-31,Basic,YouTube
U03468,37,Female,Mumbai,Borivali,2025-08-17,Basic,Referral
U03469,31,Male,Pune,Viman Nagar,2026-01-03,Basic,Google
U03470,39,Female,Bengaluru,Yelahanka,2025-02-27,Premium,Referral
U03471,40,Male,Bengaluru,Whitefield,2025-10-08,Basic,Instagram
U03472,28,Male,Pune,Viman Nagar,2026-07-11,Pro,YouTube
U03473,23,Female,Mumbai,Borivali,2025-04-12,Premium,Instagram
U03474,28,Male,Mumbai,Andheri,2025-02-17,Pro,Referral
U03475,30,Male,Pune,Viman Nagar,2026-07-16,Basic,Google
U03476,29,Male,Pune,Baner,2026-08-16,Basic,Google
U03477,39,Male,Chennai,OMR,2025-02-28,Basic,Referral
U03478,19,Female,Hyderabad,Gachibowli,2025-06-10,Basic,Referral
U03479,38,Male,Hyderabad,Madhapur,2025-04-13,Basic,Other
U03480,20,Male,Bengaluru,HSR Layout,2026-02-16,Basic,College/Community
U03481,40,Female,Bengaluru,Whitefield,2025-07-02,Basic,YouTube
U03482,21,Male,Hyderabad,Gachibowli,2026-02-21,Premium,Referral
U03483,34,Male,Bengaluru,Koramangala,2025-04-26,Pro,Google
U03484,45,Male,Chennai,OMR,2026-02-03,Premium,Instagram
U03485,45,Female,Hyderabad,Gachibowli,2026-03-13,Basic,Google
U03486,39,Female,Hyderabad,Gachibowli,2025-11-14,Basic,College/Community
U03487,23,Female,Bengaluru,Marathahalli,2025-09-07,Basic,Google
U03488,24,Male,Bengaluru,Yelahanka,2026-03-23,Basic,Google
U03489,32,Female,Bengaluru,HSR Layout,2026-05-12,Basic,Google
U03490,28,Male,Hyderabad,Madhapur,2025-12-09,Basic,Google
U03491,41,Male,Bengaluru,HSR Layout,2026-03-03,Basic,Instagram
U03492,20,Female,Mumbai,Thane,2025-08-28,Premium,Referral
U03493,23,Male,Pune,Viman Nagar,2025-02-28,Premium,Google
U03494,43,Male,Pune,Wakad,2026-06-11,Basic,Referral
U03495,19,Female,Mumbai,Powai,2025-07-22,Basic,Referral
U03496,31,Female,Bengaluru,Koramangala,2026-04-11,Premium,YouTube
U03497,26,Male,Pune,Wakad,2025-10-23,Basic,YouTube
U03498,35,Male,Pune,Wakad,2025-10-14,Basic,YouTube
U03499,36,Male,Bengaluru,Koramangala,2025-03-14,Basic,Referral
U03500,29,Male,Mumbai,Borivali,2026-06-07,Basic,Google
U03501,30,Male,Bengaluru,Whitefield,2025-12-03,Basic,Other
U03502,43,Male,Pune,Wakad,2025-11-14,Premium,Instagram
U03503,29,Other,Chennai,T Nagar,2025-07-22,Basic,Instagram
U03504,29,Male,Bengaluru,Indiranagar,2025-08-19,Basic,Google
U03505,35,Male,Chennai,Velachery,2026-07-17,Basic,Referral
U03506,26,Male,Mumbai,Thane,2025-02-26,Premium,Instagram
U03507,34,Male,Chennai,T Nagar,2026-02-24,Basic,YouTube
U03508,38,Male,Hyderabad,Gachibowli,2025-10-07,Basic,Referral
U03509,33,Female,Pune,Wakad,2025-11-01,Basic,Referral
U03510,34,Female,Bengaluru,Koramangala,2026-04-11,Basic,Google
U03511,38,Male,Bengaluru,Koramangala,2025-06-23,Basic,Referral
U03512,41,Female,Bengaluru,Marathahalli,2025-09-23,Basic,Instagram
U03513,25,Male,Chennai,T Nagar,2025-09-04,Premium,Instagram
U03514,28,Female,Pune,Baner,2025-03-19,Pro,Google
U03515,41,Male,Pune,Wakad,2025-09-10,Basic,YouTube
U03516,19,Female,Chennai,T Nagar,2026-04-20,Basic,Referral
U03517,25,Male,Bengaluru,Marathahalli,2025-06-25,Basic,Referral
U03518,29,Male,Bengaluru,Koramangala,2026-02-25,Premium,Referral
U03519,38,Female,Bengaluru,Whitefield,2026-07-26,Basic,Referral
U03520,18,Male,Bengaluru,Jayanagar,2026-04-06,Premium,Google
U03521,40,Male,Bengaluru,Electronic City,2025-09-11,Premium,Instagram
U03522,30,Male,Hyderabad,Gachibowli,2026-06-04,Pro,College/Community
U03523,39,Female,Bengaluru,Jayanagar,2025-04-17,Premium,Referral
U03524,38,Male,Bengaluru,Marathahalli,2025-06-20,Premium,YouTube
U03525,34,Male,Bengaluru,Indiranagar,2025-02-27,Basic,Google
U03526,31,Female,Bengaluru,Indiranagar,2025-12-03,Basic,YouTube
U03527,31,Male,Chennai,Velachery,2025-12-08,Basic,Referral
U03528,33,Male,Pune,Viman Nagar,2025-10-17,Basic,Instagram
U03529,34,Female,Chennai,Adyar,2025-03-25,Basic,College/Community
U03530,23,Female,Hyderabad,Kondapur,2025-04-27,Basic,Google
U03531,43,Female,Bengaluru,Koramangala,2026-06-18,Premium,Instagram
U03532,45,Male,Pune,Wakad,2025-08-07,Basic,Instagram
U03533,24,Male,Bengaluru,Yelahanka,2025-04-12,Premium,YouTube
U03534,43,Female,Bengaluru,Electronic City,2026-04-01,Basic,YouTube
U03535,43,Female,Bengaluru,Electronic City,2026-06-10,Basic,YouTube
U03536,18,Female,Bengaluru,Marathahalli,2025-09-23,Basic,College/Community
U03537,42,Male,Bengaluru,Electronic City,2025-10-14,Premium,Google
U03538,32,Male,Bengaluru,HSR Layout,2025-05-21,Basic,Referral
U03539,37,Male,Mumbai,Borivali,2026-02-10,Basic,Referral
U03540,38,Female,Bengaluru,Whitefield,2025-10-20,Basic,Other
U03541,35,Male,Bengaluru,Yelahanka,2025-01-31,Premium,Google
U03542,45,Male,Pune,Viman Nagar,2025-06-20,Basic,Other
U03543,43,Female,Bengaluru,Koramangala,2025-12-21,Pro,Instagram
U03544,30,Male,Bengaluru,Whitefield,2025-07-24,Basic,YouTube
U03545,41,Male,Pune,Kothrud,2026-04-23,Basic,Referral
U03546,19,Female,Bengaluru,Electronic City,2025-10-18,Premium,College/Community
U03547,36,Male,Bengaluru,Whitefield,2025-04-21,Basic,Instagram
U03548,32,Male,Hyderabad,Madhapur,2025-03-09,Premium,Instagram
U03549,29,Male,Bengaluru,Koramangala,2026-01-08,Basic,Instagram
U03550,32,Female,Hyderabad,Gachibowli,2025-07-15,Pro,Referral
U03551,42,Female,Pune,Hinjewadi,2025-05-06,Basic,Referral
U03552,35,Female,Bengaluru,Marathahalli,2025-09-19,Premium,College/Community
U03553,31,Female,Hyderabad,Banjara Hills,2025-06-04,Basic,Google
U03554,23,Male,Hyderabad,Kukatpally,2026-08-04,Basic,Instagram
U03555,29,Female,Bengaluru,Whitefield,2025-04-18,Premium,Instagram
U03556,37,Other,Mumbai,Thane,2026-02-27,Premium,Instagram
U03557,40,Male,Bengaluru,Whitefield,2025-02-04,Basic,YouTube
U03558,23,Male,Hyderabad,Banjara Hills,2025-02-13,Basic,College/Community
U03559,43,Female,Bengaluru,Whitefield,2026-02-20,Basic,Other
U03560,26,Female,Hyderabad,Gachibowli,2025-10-12,Basic,Google
U03561,42,Male,Bengaluru,Yelahanka,2026-03-23,Basic,Instagram
U03562,43,Other,Pune,Hinjewadi,2026-06-02,Basic,Instagram
U03563,21,Male,Bengaluru,Koramangala,2025-01-27,Basic,Referral
U03564,34,Male,Bengaluru,Marathahalli,2025-08-15,Basic,Other
U03565,19,Female,Hyderabad,Gachibowli,2026-03-01,Basic,Instagram
U03566,33,Male,Mumbai,Thane,2026-07-22,Pro,Instagram
U03567,41,Female,Hyderabad,Kukatpally,2026-01-03,Basic,YouTube
U03568,31,Male,Mumbai,Thane,2025-11-06,Pro,Referral
U03569,43,Male,Pune,Hinjewadi,2025-04-15,Basic,Google
U03570,25,Male,Pune,Wakad,2025-01-18,Basic,College/Community
U03571,31,Male,Bengaluru,Whitefield,2025-07-24,Basic,Instagram
U03572,19,Male,Hyderabad,Kukatpally,2025-02-12,Premium,Other
U03573,33,Female,Pune,Baner,2025-03-30,Premium,Instagram
U03574,21,Male,Chennai,Velachery,2026-08-09,Basic,Instagram
U03575,18,Male,Pune,Viman Nagar,2025-06-06,Basic,Google
U03576,40,Male,Bengaluru,HSR Layout,2025-09-23,Pro,Instagram
U03577,37,Female,Bengaluru,Whitefield,2025-05-14,Pro,Referral
U03578,44,Male,Hyderabad,Kukatpally,2026-04-09,Basic,YouTube
U03579,31,Male,Mumbai,Andheri,2025-05-12,Basic,Referral
U03580,25,Male,Hyderabad,Banjara Hills,2025-02-03,Basic,Referral
U03581,42,Male,Hyderabad,Gachibowli,2025-03-24,Basic,Google
U03582,45,Male,Pune,Wakad,2025-05-12,Basic,Instagram
U03583,42,Female,Bengaluru,HSR Layout,2026-03-04,Basic,Other
U03584,20,Female,Pune,Kothrud,2025-07-23,Premium,College/Community
U03585,22,Male,Bengaluru,HSR Layout,2025-12-02,Basic,Instagram
U03586,23,Female,Bengaluru,Jayanagar,2026-05-12,Basic,Google
U03587,39,Female,Hyderabad,Banjara Hills,2026-03-18,Premium,Referral
U03588,43,Female,Pune,Viman Nagar,2025-09-15,Basic,Instagram
U03589,25,Female,Bengaluru,Jayanagar,2025-10-19,Basic,Referral
U03590,23,Female,Bengaluru,HSR Layout,2025-05-05,Premium,Referral
U03591,23,Female,Chennai,Adyar,2025-06-24,Basic,Instagram
U03592,21,Male,Bengaluru,HSR Layout,2026-05-07,Basic,Instagram
U03593,24,Male,Hyderabad,Kondapur,2025-03-21,Basic,YouTube
U03594,41,Female,Hyderabad,Gachibowli,2025-11-01,Basic,Google
U03595,36,Male,Hyderabad,Gachibowli,2026-05-25,Premium,Instagram
U03596,24,Male,Mumbai,Powai,2025-12-10,Basic,YouTube
U03597,20,Male,Bengaluru,Koramangala,2026-07-24,Basic,YouTube
U03598,25,Female,Hyderabad,Kondapur,2025-04-01,Basic,Google
U03599,18,Female,Bengaluru,Yelahanka,2025-06-18,Pro,College/Community
U03600,18,Male,Mumbai,Borivali,2025-11-30,Basic,YouTube
U03601,31,Male,Bengaluru,Indiranagar,2025-08-24,Basic,Google
U03602,23,Female,Hyderabad,Kondapur,2026-02-03,Pro,Google
U03603,27,Male,Bengaluru,HSR Layout,2026-08-11,Pro,YouTube
U03604,42,Male,Bengaluru,Koramangala,2026-04-22,Basic,Instagram
U03605,45,Male,Bengaluru,Whitefield,2026-06-19,Basic,Google
U03606,31,Female,Bengaluru,Whitefield,2026-08-08,Basic,Referral
U03607,21,Male,Pune,Wakad,2025-03-29,Basic,Referral
U03608,23,Male,Bengaluru,Whitefield,2025-09-10,Premium,Referral
U03609,33,Female,Chennai,OMR,2025-12-24,Basic,Referral
U03610,45,Male,Chennai,Adyar,2025-02-27,Basic,Instagram
U03611,38,Male,Hyderabad,Madhapur,2026-02-03,Basic,Google
U03612,45,Male,Bengaluru,HSR Layout,2026-06-05,Pro,Referral
U03613,18,Female,Bengaluru,Jayanagar,2026-06-09,Basic,YouTube
U03614,23,Male,Pune,Wakad,2026-02-21,Basic,Referral
U03615,26,Female,Bengaluru,Indiranagar,2026-01-28,Pro,Google
U03616,32,Female,Bengaluru,Indiranagar,2025-08-10,Basic,Other
U03617,29,Female,Hyderabad,Banjara Hills,2025-11-25,Basic,Instagram
U03618,20,Female,Pune,Hinjewadi,2026-01-07,Basic,Instagram
U03619,28,Female,Pune,Kothrud,2026-05-26,Basic,Google
U03620,32,Female,Bengaluru,Whitefield,2025-06-02,Basic,Instagram
U03621,20,Female,Mumbai,Andheri,2026-04-25,Basic,Referral
U03622,31,Female,Bengaluru,Electronic City,2026-08-06,Basic,Instagram
U03623,19,Female,Bengaluru,Yelahanka,2025-01-20,Basic,Instagram
U03624,21,Male,Pune,Viman Nagar,2026-08-16,Basic,Google
U03625,43,Male,Bengaluru,Marathahalli,2025-08-16,Basic,YouTube
U03626,36,Male,Bengaluru,Jayanagar,2025-12-12,Basic,College/Community
U03627,29,Female,Bengaluru,Koramangala,2025-01-19,Basic,YouTube
U03628,19,Female,Pune,Baner,2026-03-20,Pro,Instagram
U03629,34,Male,Pune,Wakad,2026-01-03,Basic,Referral
U03630,20,Male,Mumbai,Borivali,2025-05-27,Basic,Instagram
U03631,27,Male,Pune,Viman Nagar,2026-05-19,Premium,Google
U03632,33,Male,Bengaluru,Marathahalli,2026-03-06,Basic,College/Community
U03633,39,Female,Hyderabad,Kukatpally,2026-03-16,Premium,Google
U03634,26,Male,Bengaluru,Indiranagar,2025-07-17,Premium,Instagram
U03635,28,Male,Bengaluru,Koramangala,2025-10-14,Premium,Google
U03636,38,Male,Hyderabad,Gachibowli,2026-07-19,Premium,Instagram
U03637,32,Male,Chennai,T Nagar,2026-01-04,Basic,Google
U03638,20,Female,Bengaluru,Electronic City,2025-08-28,Premium,Referral
U03639,33,Male,Bengaluru,Yelahanka,2025-10-14,Basic,Google
U03640,38,Female,Bengaluru,Whitefield,2026-01-30,Basic,Other
U03641,38,Male,Bengaluru,Koramangala,2026-06-02,Pro,Referral
U03642,38,Male,Chennai,OMR,2026-07-15,Basic,College/Community
U03643,45,Female,Hyderabad,Banjara Hills,2025-03-01,Pro,YouTube
U03644,29,Female,Hyderabad,Kondapur,2026-06-29,Basic,Referral
U03645,40,Male,Pune,Hinjewadi,2025-10-30,Basic,Referral
U03646,22,Male,Bengaluru,HSR Layout,2025-09-01,Basic,Instagram
U03647,24,Male,Hyderabad,Kukatpally,2025-07-26,Premium,Referral
U03648,26,Female,Hyderabad,Kondapur,2026-01-10,Basic,Google
U03649,38,Male,Hyderabad,Madhapur,2025-10-10,Basic,Instagram
U03650,35,Male,Chennai,Adyar,2026-04-23,Basic,Google
U03651,38,Female,Pune,Hinjewadi,2025-01-22,Premium,YouTube
U03652,25,Male,Bengaluru,Whitefield,2026-07-13,Basic,Other
U03653,29,Male,Pune,Baner,2025-12-15,Premium,Google
U03654,37,Male,Bengaluru,Yelahanka,2026-05-04,Basic,Referral
U03655,19,Other,Bengaluru,Koramangala,2025-09-15,Basic,College/Community
U03656,27,Male,Bengaluru,Jayanagar,2025-02-16,Basic,Google
U03657,36,Female,Bengaluru,Electronic City,2025-01-27,Pro,Instagram
U03658,26,Male,Hyderabad,Madhapur,2025-01-27,Basic,Google
U03659,42,Female,Mumbai,Thane,2026-02-01,Basic,College/Community
U03660,41,Male,Chennai,T Nagar,2025-05-25,Premium,Instagram
U03661,25,Male,Hyderabad,Madhapur,2026-08-10,Basic,Google
U03662,41,Female,Hyderabad,Madhapur,2026-06-06,Premium,Google
U03663,41,Female,Bengaluru,Jayanagar,2025-05-01,Basic,College/Community
U03664,41,Female,Bengaluru,Jayanagar,2026-04-07,Basic,Other
U03665,18,Female,Hyderabad,Madhapur,2026-01-17,Basic,Google
U03666,23,Male,Hyderabad,Madhapur,2026-02-22,Basic,Other
U03667,29,Male,Pune,Wakad,2025-11-23,Premium,Instagram
U03668,42,Male,Bengaluru,HSR Layout,2026-01-26,Premium,Instagram
U03669,41,Female,Bengaluru,Indiranagar,2025-10-24,Basic,Other
U03670,36,Male,Hyderabad,Gachibowli,2025-03-25,Pro,Referral
U03671,44,Female,Bengaluru,Koramangala,2025-05-26,Basic,Instagram
U03672,34,Male,Bengaluru,Marathahalli,2025-06-20,Basic,Referral
U03673,19,Female,Mumbai,Borivali,2025-11-30,Basic,YouTube
U03674,28,Male,Bengaluru,Whitefield,2026-02-28,Premium,College/Community
U03675,35,Male,Mumbai,Bandra,2025-11-05,Basic,College/Community
U03676,40,Female,Bengaluru,Indiranagar,2026-06-10,Basic,Referral
U03677,45,Male,Bengaluru,HSR Layout,2026-07-23,Basic,College/Community
U03678,39,Female,Bengaluru,Indiranagar,2025-12-13,Premium,Referral
U03679,28,Female,Pune,Hinjewadi,2025-10-29,Premium,Referral
U03680,35,Male,Bengaluru,HSR Layout,2025-12-13,Basic,YouTube
U03681,25,Female,Pune,Viman Nagar,2026-02-12,Basic,Google
U03682,32,Female,Bengaluru,Marathahalli,2025-05-13,Premium,Instagram
U03683,26,Female,Pune,Wakad,2025-04-16,Premium,Google
U03684,32,Male,Bengaluru,Yelahanka,2025-06-20,Basic,Referral
U03685,24,Male,Mumbai,Borivali,2025-09-07,Basic,Instagram
U03686,37,Female,Hyderabad,Madhapur,2026-06-28,Pro,Instagram
U03687,30,Female,Chennai,Velachery,2025-09-19,Basic,Google
U03688,30,Male,Bengaluru,Koramangala,2026-05-09,Basic,Instagram
U03689,18,Male,Bengaluru,Yelahanka,2025-09-01,Basic,YouTube
U03690,37,Female,Bengaluru,Jayanagar,2026-03-27,Basic,Google
U03691,21,Male,Pune,Viman Nagar,2025-10-17,Pro,Instagram
U03692,41,Female,Hyderabad,Kukatpally,2025-09-20,Basic,YouTube
U03693,21,Female,Pune,Baner,2025-11-10,Basic,College/Community
U03694,21,Male,Bengaluru,Marathahalli,2025-03-26,Premium,Instagram
U03695,30,Female,Bengaluru,Yelahanka,2026-02-19,Premium,Instagram
U03696,19,Male,Bengaluru,Marathahalli,2025-11-25,Basic,Other
U03697,45,Female,Chennai,OMR,2025-02-14,Basic,Google
U03698,43,Male,Mumbai,Borivali,2025-11-29,Premium,Other
U03699,40,Male,Chennai,Anna Nagar,2026-04-10,Basic,Google
U03700,32,Female,Bengaluru,Indiranagar,2025-07-19,Basic,Instagram
U03701,21,Male,Mumbai,Borivali,2025-07-20,Basic,Instagram
U03702,44,Male,Mumbai,Andheri,2025-11-25,Pro,Instagram
U03703,23,Male,Bengaluru,Jayanagar,2025-08-28,Basic,College/Community
U03704,20,Male,Pune,Hinjewadi,2026-08-06,Pro,Other
U03705,24,Male,Chennai,Anna Nagar,2025-12-25,Basic,Other
U03706,23,Male,Pune,Wakad,2025-12-26,Premium,College/Community
U03707,20,Female,Mumbai,Thane,2026-01-13,Basic,College/Community
U03708,21,Female,Bengaluru,HSR Layout,2026-01-20,Basic,Referral
U03709,27,Male,Bengaluru,Indiranagar,2026-04-10,Basic,College/Community
U03710,38,Female,Chennai,OMR,2025-08-10,Basic,Instagram
U03711,26,Male,Bengaluru,Koramangala,2025-12-31,Premium,Google
U03712,23,Male,Mumbai,Andheri,2025-03-13,Basic,Referral
U03713,37,Male,Mumbai,Borivali,2025-08-28,Basic,College/Community
U03714,44,Male,Mumbai,Powai,2026-05-19,Pro,Referral
U03715,28,Female,Chennai,Velachery,2026-02-18,Basic,College/Community
U03716,24,Male,Bengaluru,Indiranagar,2025-05-07,Basic,Referral
U03717,35,Female,Bengaluru,Koramangala,2026-05-02,Basic,YouTube
U03718,21,Male,Bengaluru,HSR Layout,2026-08-20,Basic,Other
U03719,22,Male,Hyderabad,Gachibowli,2026-06-11,Premium,Instagram
U03720,21,Female,Bengaluru,Koramangala,2025-09-05,Basic,Other
U03721,21,Female,Bengaluru,Koramangala,2026-04-27,Basic,Referral
U03722,44,Male,Pune,Baner,2025-11-08,Basic,Referral
U03723,30,Male,Chennai,OMR,2026-03-20,Basic,College/Community
U03724,33,Male,Bengaluru,Jayanagar,2025-10-10,Basic,Google
U03725,42,Female,Bengaluru,Marathahalli,2025-01-02,Basic,Google
U03726,31,Male,Chennai,Velachery,2025-03-15,Basic,Referral
U03727,28,Male,Bengaluru,Marathahalli,2025-03-05,Premium,Instagram
U03728,19,Female,Bengaluru,Indiranagar,2025-12-13,Basic,Referral
U03729,39,Male,Bengaluru,Electronic City,2025-11-20,Basic,Google
U03730,31,Male,Hyderabad,Banjara Hills,2025-08-27,Basic,Other
U03731,41,Male,Bengaluru,Indiranagar,2026-02-01,Pro,Instagram
U03732,41,Male,Chennai,Anna Nagar,2025-12-03,Basic,Google
U03733,44,Male,Hyderabad,Madhapur,2025-12-07,Pro,Other
U03734,24,Male,Hyderabad,Gachibowli,2025-10-06,Pro,College/Community
U03735,43,Female,Bengaluru,Koramangala,2025-12-19,Premium,YouTube
U03736,28,Male,Hyderabad,Kondapur,2026-04-08,Basic,Referral
U03737,21,Male,Mumbai,Thane,2026-04-07,Basic,Google
U03738,24,Male,Pune,Viman Nagar,2025-10-20,Basic,Google
U03739,33,Female,Pune,Kothrud,2026-02-11,Premium,Instagram
U03740,43,Female,Hyderabad,Madhapur,2025-06-11,Premium,YouTube
U03741,23,Male,Chennai,Velachery,2026-05-18,Pro,Google
U03742,44,Male,Pune,Viman Nagar,2026-03-24,Basic,Referral
U03743,23,Male,Pune,Kothrud,2026-03-31,Basic,Google
U03744,19,Male,Bengaluru,Electronic City,2025-09-22,Basic,Google
U03745,41,Female,Bengaluru,Jayanagar,2025-05-12,Basic,Referral
U03746,25,Male,Bengaluru,Whitefield,2025-04-30,Basic,College/Community
U03747,44,Male,Mumbai,Powai,2025-08-07,Premium,Instagram
U03748,24,Male,Bengaluru,Koramangala,2026-02-21,Pro,Google
U03749,44,Male,Bengaluru,Indiranagar,2026-05-20,Basic,Instagram
U03750,42,Male,Pune,Hinjewadi,2025-10-27,Premium,Instagram
U03751,41,Male,Chennai,OMR,2025-04-19,Premium,Referral
U03752,31,Female,Chennai,Velachery,2025-08-26,Basic,Instagram
U03753,26,Male,Bengaluru,Marathahalli,2025-10-20,Basic,Instagram
U03754,32,Female,Mumbai,Borivali,2026-08-02,Premium,College/Community
U03755,42,Male,Bengaluru,Whitefield,2025-07-06,Basic,Referral
U03756,39,Female,Bengaluru,Koramangala,2025-02-05,Basic,Instagram
U03757,35,Male,Bengaluru,Marathahalli,2026-07-15,Basic,Instagram
U03758,29,Female,Bengaluru,Electronic City,2025-09-13,Pro,Instagram
U03759,40,Male,Hyderabad,Kondapur,2026-03-11,Basic,Referral
U03760,36,Male,Pune,Hinjewadi,2025-01-08,Premium,Referral
U03761,30,Female,Bengaluru,Yelahanka,2025-06-27,Premium,Referral
U03762,24,Female,Mumbai,Borivali,2025-08-30,Premium,Instagram
U03763,42,Male,Hyderabad,Banjara Hills,2025-02-10,Basic,Referral
U03764,27,Male,Bengaluru,Yelahanka,2025-12-23,Premium,Google
U03765,27,Male,Hyderabad,Gachibowli,2025-04-23,Basic,Google
U03766,19,Male,Bengaluru,Jayanagar,2025-06-15,Basic,College/Community
U03767,31,Male,Hyderabad,Madhapur,2026-05-19,Pro,Google
U03768,30,Male,Hyderabad,Madhapur,2025-03-19,Basic,Instagram
U03769,39,Male,Bengaluru,Koramangala,2025-07-15,Premium,College/Community
U03770,23,Male,Bengaluru,Koramangala,2026-02-06,Basic,Instagram
U03771,26,Male,Hyderabad,Gachibowli,2025-03-05,Basic,Google
U03772,30,Female,Chennai,T Nagar,2026-03-01,Pro,YouTube
U03773,26,Female,Bengaluru,Electronic City,2025-02-11,Premium,YouTube
U03774,30,Male,Mumbai,Thane,2026-01-08,Basic,College/Community
U03775,22,Female,Mumbai,Powai,2025-11-02,Pro,Instagram
U03776,31,Female,Chennai,Adyar,2025-07-28,Premium,Google
U03777,22,Female,Pune,Kothrud,2026-04-12,Basic,Instagram
U03778,26,Female,Hyderabad,Kukatpally,2025-10-31,Basic,Referral
U03779,25,Female,Mumbai,Andheri,2026-08-08,Basic,Google
U03780,24,Male,Chennai,Anna Nagar,2026-01-27,Basic,YouTube
U03781,25,Male,Bengaluru,Koramangala,2025-06-02,Basic,Instagram
U03782,39,Male,Bengaluru,Electronic City,2025-12-28,Basic,Instagram
U03783,20,Female,Bengaluru,HSR Layout,2025-09-21,Basic,Google
U03784,40,Female,Pune,Baner,2025-08-04,Premium,Other
U03785,41,Female,Pune,Viman Nagar,2026-06-27,Premium,College/Community
U03786,32,Female,Bengaluru,Marathahalli,2026-06-08,Basic,Other
U03787,25,Female,Hyderabad,Kondapur,2025-07-13,Premium,Google
U03788,18,Male,Hyderabad,Gachibowli,2025-01-27,Basic,Instagram
U03789,24,Female,Bengaluru,Indiranagar,2025-02-15,Basic,Google
U03790,36,Male,Chennai,Anna Nagar,2025-02-27,Basic,YouTube
U03791,19,Male,Bengaluru,Yelahanka,2025-01-13,Premium,Instagram
U03792,31,Male,Bengaluru,Yelahanka,2025-02-18,Pro,Google
U03793,35,Male,Hyderabad,Madhapur,2025-04-04,Premium,Instagram
U03794,32,Female,Mumbai,Borivali,2026-08-07,Pro,Referral
U03795,31,Male,Bengaluru,Jayanagar,2026-03-27,Basic,Instagram
U03796,41,Female,Mumbai,Andheri,2026-01-14,Premium,Instagram
U03797,42,Male,Hyderabad,Madhapur,2025-01-10,Basic,Google
U03798,36,Male,Bengaluru,Whitefield,2026-05-31,Basic,Google
U03799,36,Female,Bengaluru,Jayanagar,2025-08-12,Premium,Referral
U03800,39,Female,Hyderabad,Banjara Hills,2026-01-16,Premium,YouTube
U03801,44,Male,Bengaluru,Electronic City,2026-06-25,Basic,Instagram
U03802,43,Male,Chennai,Velachery,2025-10-29,Basic,YouTube
U03803,34,Male,Pune,Viman Nagar,2025-07-22,Basic,Instagram
U03804,39,Female,Chennai,OMR,2026-08-12,Basic,Google
U03805,45,Female,Bengaluru,Yelahanka,2026-07-25,Basic,Referral
U03806,36,Male,Chennai,Adyar,2025-07-15,Basic,Other
U03807,44,Male,Hyderabad,Kukatpally,2025-11-18,Basic,Referral
U03808,33,Female,Bengaluru,HSR Layout,2026-02-22,Pro,Instagram
U03809,37,Female,Bengaluru,Whitefield,2025-12-08,Premium,Referral
U03810,42,Female,Bengaluru,Yelahanka,2026-01-24,Basic,Google
U03811,36,Male,Mumbai,Andheri,2025-01-09,Pro,Referral
U03812,18,Female,Hyderabad,Banjara Hills,2026-06-16,Premium,Instagram
U03813,36,Female,Bengaluru,Electronic City,2025-05-29,Basic,Referral
U03814,24,Female,Mumbai,Powai,2026-01-18,Basic,Instagram
U03815,40,Male,Bengaluru,Whitefield,2026-06-13,Basic,YouTube
U03816,28,Female,Hyderabad,Banjara Hills,2025-01-12,Basic,Referral
U03817,22,Female,Bengaluru,HSR Layout,2026-04-21,Basic,Instagram
U03818,34,Female,Pune,Hinjewadi,2026-08-17,Basic,College/Community
U03819,28,Male,Pune,Kothrud,2026-08-02,Basic,Referral
U03820,41,Male,Hyderabad,Banjara Hills,2025-02-22,Premium,Google
U03821,43,Male,Bengaluru,Whitefield,2026-03-12,Basic,Instagram
U03822,25,Male,Bengaluru,HSR Layout,2025-07-25,Premium,Referral
U03823,27,Male,Pune,Wakad,2025-02-23,Basic,Google
U03824,29,Male,Bengaluru,Whitefield,2026-08-03,Pro,College/Community
U03825,27,Male,Bengaluru,Yelahanka,2026-05-05,Basic,Instagram
U03826,30,Female,Bengaluru,Whitefield,2025-12-10,Pro,Instagram
U03827,43,Male,Hyderabad,Banjara Hills,2025-06-18,Premium,Other
U03828,35,Male,Hyderabad,Madhapur,2025-06-10,Premium,Other
U03829,27,Female,Pune,Viman Nagar,2026-06-11,Premium,Instagram
U03830,36,Male,Bengaluru,Jayanagar,2026-06-11,Basic,YouTube
U03831,37,Female,Bengaluru,Electronic City,2025-10-14,Pro,Instagram
U03832,34,Male,Pune,Hinjewadi,2026-02-16,Basic,YouTube
U03833,37,Male,Pune,Hinjewadi,2026-06-06,Basic,College/Community
U03834,33,Male,Bengaluru,Koramangala,2026-07-23,Basic,Instagram
U03835,22,Male,Hyderabad,Kondapur,2025-07-18,Basic,Instagram
U03836,20,Other,Bengaluru,Koramangala,2025-06-10,Basic,Instagram
U03837,44,Male,Chennai,Anna Nagar,2026-01-24,Pro,Instagram
U03838,32,Male,Bengaluru,Koramangala,2026-04-19,Basic,Instagram
U03839,43,Female,Chennai,OMR,2026-01-16,Pro,College/Community
U03840,19,Male,Mumbai,Powai,2026-08-15,Basic,Google
U03841,30,Male,Hyderabad,Kukatpally,2025-05-04,Basic,Referral
U03842,39,Female,Bengaluru,Whitefield,2025-03-13,Basic,YouTube
U03843,25,Male,Hyderabad,Madhapur,2025-06-17,Premium,Referral
U03844,40,Female,Bengaluru,Koramangala,2025-10-11,Basic,Google
U03845,44,Male,Bengaluru,HSR Layout,2026-05-09,Basic,Instagram
U03846,34,Female,Mumbai,Andheri,2025-02-05,Basic,Referral
U03847,21,Male,Chennai,OMR,2025-06-24,Basic,Instagram
U03848,36,Male,Hyderabad,Kondapur,2025-07-18,Premium,YouTube
U03849,39,Female,Mumbai,Powai,2025-04-26,Basic,Google
U03850,42,Female,Bengaluru,Koramangala,2025-11-11,Basic,YouTube
U03851,26,Female,Bengaluru,Indiranagar,2025-08-08,Basic,Referral
U03852,40,Female,Bengaluru,Koramangala,2026-08-01,Basic,Referral
U03853,32,Other,Mumbai,Bandra,2025-05-14,Basic,Google
U03854,45,Male,Chennai,OMR,2025-05-02,Basic,Google
U03855,26,Male,Mumbai,Bandra,2026-02-25,Basic,College/Community
U03856,41,Male,Bengaluru,Indiranagar,2026-05-07,Basic,Instagram
U03857,38,Female,Bengaluru,Koramangala,2026-08-22,Basic,Instagram
U03858,26,Female,Hyderabad,Gachibowli,2025-10-16,Basic,Referral
U03859,31,Female,Bengaluru,Jayanagar,2025-02-22,Basic,College/Community
U03860,40,Female,Pune,Viman Nagar,2025-07-24,Basic,Google
U03861,38,Female,Pune,Kothrud,2025-12-14,Basic,Referral
U03862,33,Male,Mumbai,Powai,2025-02-20,Basic,Referral
U03863,41,Male,Bengaluru,Jayanagar,2025-02-09,Premium,Instagram
U03864,40,Female,Bengaluru,Marathahalli,2025-09-07,Basic,Referral
U03865,42,Male,Bengaluru,Koramangala,2025-08-06,Basic,College/Community
U03866,43,Male,Bengaluru,Marathahalli,2025-06-28,Basic,Other
U03867,34,Male,Bengaluru,Indiranagar,2026-07-05,Basic,Instagram
U03868,30,Male,Mumbai,Borivali,2025-07-02,Premium,Referral
U03869,26,Female,Mumbai,Andheri,2025-06-13,Basic,Google
U03870,32,Male,Bengaluru,Marathahalli,2026-01-12,Basic,Instagram
U03871,24,Female,Bengaluru,Yelahanka,2026-05-12,Premium,Referral
U03872,18,Male,Bengaluru,Marathahalli,2026-08-20,Premium,Instagram
U03873,18,Female,Bengaluru,Yelahanka,2026-04-06,Pro,Google
U03874,22,Female,Pune,Hinjewadi,2026-04-19,Premium,Google
U03875,41,Female,Bengaluru,Marathahalli,2025-02-06,Premium,Google
U03876,26,Female,Bengaluru,Electronic City,2026-08-22,Basic,Referral
U03877,29,Male,Bengaluru,Whitefield,2025-11-15,Basic,Google
U03878,23,Male,Pune,Wakad,2026-07-09,Basic,Referral
U03879,45,Male,Hyderabad,Madhapur,2026-02-16,Basic,Instagram
U03880,30,Female,Bengaluru,Yelahanka,2025-12-22,Basic,Referral
U03881,43,Female,Hyderabad,Kondapur,2025-08-17,Premium,College/Community
U03882,45,Male,Mumbai,Thane,2025-09-21,Basic,Instagram
U03883,25,Female,Chennai,OMR,2026-05-02,Premium,Referral
U03884,32,Male,Bengaluru,Yelahanka,2026-07-15,Basic,Referral
U03885,23,Male,Pune,Baner,2025-12-18,Basic,Referral
U03886,44,Female,Chennai,Adyar,2026-03-18,Basic,Google
U03887,23,Male,Chennai,OMR,2026-04-04,Basic,Referral
U03888,21,Male,Mumbai,Bandra,2025-01-25,Basic,Instagram
U03889,28,Female,Mumbai,Andheri,2025-05-11,Premium,Google
U03890,38,Female,Bengaluru,Jayanagar,2026-01-05,Basic,Referral
U03891,35,Male,Pune,Wakad,2026-03-12,Basic,Instagram
U03892,20,Female,Hyderabad,Banjara Hills,2025-08-12,Premium,Referral
U03893,20,Male,Mumbai,Andheri,2025-12-18,Basic,Referral
U03894,29,Male,Hyderabad,Kondapur,2026-04-30,Basic,YouTube
U03895,44,Female,Mumbai,Bandra,2025-07-16,Basic,Instagram
U03896,38,Male,Pune,Hinjewadi,2025-04-19,Basic,Other
U03897,38,Male,Bengaluru,Koramangala,2025-08-08,Premium,Referral
U03898,23,Male,Pune,Kothrud,2025-11-15,Premium,Google
U03899,38,Female,Hyderabad,Banjara Hills,2025-03-23,Premium,Instagram
U03900,45,Male,Pune,Hinjewadi,2026-06-21,Basic,Referral
U03901,23,Male,Hyderabad,Madhapur,2026-03-08,Premium,College/Community
U03902,25,Male,Bengaluru,Indiranagar,2025-01-08,Basic,Referral
U03903,32,Male,Chennai,Velachery,2025-05-29,Basic,Referral
U03904,35,Female,Bengaluru,Jayanagar,2025-04-08,Basic,Google
U03905,37,Male,Pune,Viman Nagar,2025-04-11,Premium,Google
U03906,33,Female,Hyderabad,Banjara Hills,2026-01-02,Premium,Google
U03907,23,Female,Hyderabad,Kukatpally,2026-04-07,Basic,YouTube
U03908,45,Female,Bengaluru,Koramangala,2026-02-18,Premium,Google
U03909,38,Male,Hyderabad,Gachibowli,2025-09-16,Basic,Instagram
U03910,34,Male,Bengaluru,Electronic City,2025-12-22,Basic,Google
U03911,26,Male,Bengaluru,Whitefield,2025-01-11,Premium,College/Community
U03912,36,Male,Bengaluru,Jayanagar,2026-02-20,Premium,YouTube
U03913,35,Male,Bengaluru,Electronic City,2026-07-25,Premium,Google
U03914,42,Female,Chennai,T Nagar,2025-09-07,Basic,College/Community
U03915,40,Male,Chennai,Velachery,2026-07-04,Premium,Instagram
U03916,22,Male,Bengaluru,Jayanagar,2025-05-02,Basic,Instagram
U03917,45,Male,Mumbai,Borivali,2025-03-06,Premium,Instagram
U03918,23,Male,Bengaluru,Marathahalli,2025-10-29,Basic,Instagram
U03919,29,Female,Mumbai,Bandra,2025-05-05,Pro,Instagram
U03920,28,Male,Pune,Kothrud,2025-11-08,Basic,Referral
U03921,33,Female,Chennai,Adyar,2025-07-10,Premium,Referral
U03922,37,Male,Bengaluru,Jayanagar,2026-03-26,Basic,Referral
U03923,34,Female,Pune,Hinjewadi,2025-06-08,Basic,YouTube
U03924,37,Male,Bengaluru,Indiranagar,2025-12-19,Basic,YouTube
U03925,26,Female,Chennai,OMR,2025-09-20,Premium,Instagram
U03926,18,Male,Bengaluru,Jayanagar,2026-02-10,Basic,Referral
U03927,43,Male,Mumbai,Andheri,2025-01-17,Basic,Referral
U03928,20,Male,Mumbai,Thane,2025-09-17,Pro,Other
U03929,38,Male,Mumbai,Andheri,2025-12-21,Premium,Instagram
U03930,40,Male,Bengaluru,Koramangala,2026-05-04,Basic,Instagram
U03931,26,Female,Chennai,Anna Nagar,2025-08-02,Basic,Referral
U03932,39,Male,Bengaluru,Indiranagar,2025-08-27,Basic,YouTube
U03933,36,Male,Mumbai,Powai,2025-06-29,Premium,Google
U03934,30,Female,Bengaluru,Jayanagar,2026-02-23,Premium,Referral
U03935,40,Male,Bengaluru,Whitefield,2025-05-23,Premium,Instagram
U03936,31,Male,Hyderabad,Kondapur,2025-11-13,Basic,Other
U03937,37,Female,Bengaluru,Jayanagar,2025-09-01,Premium,Instagram
U03938,36,Female,Bengaluru,Yelahanka,2025-08-20,Basic,Instagram
U03939,40,Female,Bengaluru,Whitefield,2026-08-12,Basic,Instagram
U03940,44,Female,Bengaluru,Koramangala,2025-10-30,Premium,Google
U03941,44,Male,Pune,Hinjewadi,2025-11-27,Basic,Instagram
U03942,24,Other,Chennai,Anna Nagar,2026-07-15,Basic,YouTube
U03943,21,Male,Bengaluru,HSR Layout,2025-09-05,Premium,College/Community
U03944,29,Male,Bengaluru,Jayanagar,2025-10-10,Basic,Google
U03945,40,Female,Bengaluru,Jayanagar,2025-10-14,Basic,Referral
U03946,44,Male,Bengaluru,Marathahalli,2025-02-01,Premium,Instagram
U03947,31,Male,Mumbai,Borivali,2026-05-15,Pro,Google
U03948,19,Male,Mumbai,Andheri,2026-06-14,Premium,Google
U03949,18,Male,Bengaluru,Whitefield,2026-01-16,Basic,Instagram
U03950,45,Male,Bengaluru,Electronic City,2025-03-04,Basic,Referral
U03951,35,Male,Bengaluru,Marathahalli,2025-05-08,Basic,Instagram
U03952,37,Male,Pune,Wakad,2026-06-12,Premium,College/Community
U03953,25,Male,Chennai,OMR,2025-06-12,Basic,Referral
U03954,20,Male,Bengaluru,Koramangala,2025-09-08,Premium,YouTube
U03955,43,Male,Bengaluru,Electronic City,2025-10-22,Basic,Other
U03956,23,Female,Pune,Hinjewadi,2025-06-28,Basic,Other
U03957,39,Male,Chennai,Adyar,2025-08-17,Premium,Referral
U03958,30,Female,Bengaluru,Whitefield,2026-01-29,Premium,Referral
U03959,26,Male,Bengaluru,Yelahanka,2026-01-31,Premium,Google
U03960,26,Male,Bengaluru,Jayanagar,2025-03-13,Pro,YouTube
U03961,37,Male,Hyderabad,Gachibowli,2025-11-14,Pro,Referral
U03962,26,Male,Bengaluru,Indiranagar,2026-08-18,Pro,Other
U03963,32,Male,Bengaluru,Yelahanka,2026-01-14,Premium,Instagram
U03964,30,Male,Hyderabad,Kukatpally,2025-05-16,Premium,Google
U03965,39,Male,Bengaluru,Marathahalli,2026-01-13,Premium,Google
U03966,33,Male,Pune,Wakad,2025-04-29,Basic,College/Community
U03967,19,Female,Bengaluru,Jayanagar,2026-06-14,Basic,Instagram
U03968,43,Female,Bengaluru,Yelahanka,2026-06-07,Basic,Google
U03969,31,Male,Hyderabad,Kukatpally,2026-01-22,Basic,Google
U03970,44,Female,Bengaluru,Marathahalli,2026-07-28,Basic,Instagram
U03971,23,Female,Chennai,T Nagar,2026-08-06,Basic,Google
U03972,19,Male,Hyderabad,Gachibowli,2026-07-27,Pro,Referral
U03973,25,Female,Bengaluru,Yelahanka,2026-07-27,Premium,Instagram
U03974,21,Female,Mumbai,Thane,2025-09-26,Basic,Referral
U03975,38,Male,Bengaluru,Indiranagar,2026-06-08,Basic,Other
U03976,41,Female,Chennai,Velachery,2026-07-01,Premium,Other
U03977,31,Female,Bengaluru,Marathahalli,2026-05-01,Premium,Referral
U03978,28,Male,Hyderabad,Madhapur,2026-03-14,Pro,Referral
U03979,41,Male,Bengaluru,Jayanagar,2026-07-17,Pro,Google
U03980,45,Female,Hyderabad,Kukatpally,2026-07-09,Pro,Other
U03981,31,Female,Pune,Wakad,2025-04-21,Basic,Google
U03982,29,Male,Pune,Hinjewadi,2025-11-18,Basic,Google
U03983,33,Male,Bengaluru,Marathahalli,2026-06-11,Premium,Instagram
U03984,23,Female,Bengaluru,Yelahanka,2025-06-26,Basic,Google
U03985,37,Male,Pune,Viman Nagar,2026-07-05,Premium,Instagram
U03986,18,Female,Chennai,T Nagar,2026-06-22,Basic,YouTube
U03987,29,Male,Bengaluru,Marathahalli,2026-04-18,Premium,Referral
U03988,24,Male,Hyderabad,Banjara Hills,2026-07-17,Basic,Referral
U03989,25,Male,Bengaluru,Whitefield,2026-01-23,Basic,Google
U03990,26,Male,Pune,Viman Nagar,2025-04-08,Basic,College/Community
U03991,19,Male,Bengaluru,Jayanagar,2026-02-15,Pro,Instagram
U03992,34,Female,Bengaluru,Electronic City,2026-01-10,Basic,Google
U03993,37,Female,Pune,Kothrud,2025-06-19,Pro,Referral
U03994,30,Male,Bengaluru,Whitefield,2025-02-25,Premium,College/Community
U03995,22,Female,Hyderabad,Kondapur,2025-11-21,Premium,Instagram
U03996,27,Male,Hyderabad,Madhapur,2025-09-17,Premium,Referral
U03997,29,Male,Bengaluru,HSR Layout,2026-07-16,Basic,Referral
U03998,34,Male,Bengaluru,Electronic City,2025-12-06,Basic,College/Community
U03999,38,Male,Hyderabad,Madhapur,2026-02-08,Basic,Instagram
U04000,23,Female,Bengaluru,Jayanagar,2026-06-16,Premium,Google
U04001,20,Female,Hyderabad,Gachibowli,2025-06-23,Premium,Instagram
U04002,45,Male,Pune,Baner,2026-06-22,Basic,Instagram
U04003,32,Female,Pune,Hinjewadi,2025-06-09,Basic,Instagram
U04004,24,Male,Bengaluru,Marathahalli,2025-01-10,Basic,Other
U04005,23,Male,Bengaluru,Whitefield,2026-08-17,Basic,Instagram
U04006,21,Male,Bengaluru,Whitefield,2025-09-13,Basic,Other
U04007,36,Female,Bengaluru,HSR Layout,2025-12-10,Basic,Instagram
U04008,22,Male,Bengaluru,Whitefield,2026-06-20,Basic,Other
U04009,20,Female,Mumbai,Andheri,2026-01-08,Basic,Referral
U04010,43,Male,Bengaluru,Koramangala,2026-03-11,Basic,Instagram
U04011,42,Male,Bengaluru,Whitefield,2025-02-15,Basic,Referral
U04012,26,Other,Bengaluru,Whitefield,2025-02-24,Basic,Google
U04013,23,Male,Mumbai,Borivali,2025-03-19,Basic,Google
U04014,30,Female,Bengaluru,Indiranagar,2026-05-06,Basic,Google
U04015,44,Female,Mumbai,Thane,2025-09-29,Basic,Google
U04016,39,Female,Bengaluru,Koramangala,2026-07-04,Basic,Referral
U04017,45,Male,Pune,Baner,2025-04-21,Basic,YouTube
U04018,37,Male,Chennai,OMR,2025-01-15,Premium,Google
U04019,21,Female,Bengaluru,Koramangala,2025-03-19,Basic,Other
U04020,19,Male,Bengaluru,Jayanagar,2026-05-16,Basic,Other
U04021,43,Male,Bengaluru,Jayanagar,2026-08-11,Basic,Instagram
U04022,21,Male,Bengaluru,Electronic City,2026-02-22,Basic,Instagram
U04023,25,Male,Mumbai,Bandra,2025-10-02,Premium,Google
U04024,30,Male,Pune,Baner,2026-05-09,Basic,Referral
U04025,27,Male,Mumbai,Thane,2025-07-16,Basic,Google
U04026,35,Male,Pune,Viman Nagar,2026-01-11,Basic,Google
U04027,26,Male,Bengaluru,Marathahalli,2025-03-04,Basic,YouTube
U04028,18,Male,Bengaluru,Electronic City,2025-12-27,Basic,Referral
U04029,30,Female,Mumbai,Thane,2026-06-28,Premium,Instagram
U04030,35,Female,Bengaluru,Electronic City,2025-04-20,Basic,College/Community
U04031,32,Male,Mumbai,Bandra,2025-07-13,Basic,YouTube
U04032,19,Male,Bengaluru,Marathahalli,2026-06-03,Premium,Google
U04033,28,Male,Bengaluru,Marathahalli,2026-04-04,Premium,YouTube
U04034,31,Male,Chennai,Adyar,2025-10-28,Premium,Instagram
U04035,39,Female,Bengaluru,Jayanagar,2026-07-22,Basic,Google
U04036,32,Female,Chennai,OMR,2026-05-11,Basic,Instagram
U04037,31,Female,Chennai,Anna Nagar,2025-05-29,Basic,Instagram
U04038,33,Male,Pune,Kothrud,2026-04-06,Premium,Google
U04039,40,Male,Mumbai,Borivali,2025-05-19,Basic,Instagram
U04040,32,Female,Hyderabad,Kondapur,2025-10-19,Basic,Referral
U04041,36,Male,Pune,Kothrud,2025-12-01,Premium,YouTube
U04042,44,Male,Bengaluru,Indiranagar,2025-07-03,Premium,Instagram
U04043,26,Male,Hyderabad,Kukatpally,2025-11-03,Basic,Instagram
U04044,22,Male,Mumbai,Borivali,2025-09-19,Premium,YouTube
U04045,22,Male,Bengaluru,Jayanagar,2025-11-06,Premium,Instagram
U04046,28,Male,Hyderabad,Kondapur,2025-12-10,Basic,Google
U04047,45,Female,Bengaluru,Indiranagar,2026-02-28,Pro,Referral
U04048,37,Other,Hyderabad,Banjara Hills,2026-05-29,Basic,College/Community
U04049,42,Male,Pune,Viman Nagar,2026-06-08,Premium,College/Community
U04050,41,Male,Bengaluru,Koramangala,2025-09-18,Premium,YouTube
U04051,45,Male,Chennai,OMR,2025-12-28,Basic,Instagram
U04052,21,Female,Mumbai,Powai,2025-06-18,Basic,YouTube
U04053,37,Male,Pune,Viman Nagar,2025-07-19,Pro,Instagram
U04054,35,Female,Hyderabad,Madhapur,2026-01-20,Basic,Instagram
U04055,42,Male,Pune,Viman Nagar,2025-11-08,Basic,Referral
U04056,20,Female,Bengaluru,Whitefield,2026-08-05,Basic,YouTube
U04057,21,Male,Pune,Baner,2025-11-08,Premium,Instagram
U04058,31,Male,Bengaluru,Yelahanka,2026-07-20,Pro,Instagram
U04059,24,Male,Pune,Baner,2026-01-30,Basic,YouTube
U04060,43,Male,Chennai,T Nagar,2025-12-17,Premium,College/Community
U04061,25,Female,Bengaluru,Yelahanka,2025-01-28,Basic,Referral
U04062,41,Female,Bengaluru,Koramangala,2025-05-13,Pro,Google
U04063,33,Male,Pune,Kothrud,2026-01-15,Basic,College/Community
U04064,37,Female,Bengaluru,Indiranagar,2026-06-12,Basic,YouTube
U04065,32,Male,Pune,Wakad,2025-10-14,Basic,Referral
U04066,24,Female,Bengaluru,Jayanagar,2025-10-11,Basic,Google
U04067,43,Male,Bengaluru,Indiranagar,2025-08-15,Basic,Instagram
U04068,34,Female,Chennai,T Nagar,2026-03-03,Premium,Google
U04069,39,Male,Mumbai,Bandra,2025-01-27,Basic,Google
U04070,39,Male,Pune,Baner,2025-11-28,Pro,Google
U04071,39,Male,Bengaluru,Yelahanka,2025-04-27,Premium,Referral
U04072,29,Male,Mumbai,Thane,2025-03-30,Premium,Instagram
U04073,35,Male,Hyderabad,Kukatpally,2025-05-02,Basic,College/Community
U04074,41,Male,Mumbai,Powai,2025-02-02,Premium,Instagram
U04075,31,Other,Mumbai,Bandra,2026-02-02,Premium,Referral
U04076,32,Female,Hyderabad,Gachibowli,2026-06-09,Premium,YouTube
U04077,32,Female,Hyderabad,Madhapur,2025-01-24,Pro,Referral
U04078,22,Female,Bengaluru,Indiranagar,2025-11-21,Basic,Google
U04079,33,Female,Pune,Hinjewadi,2025-02-03,Basic,Referral
U04080,22,Other,Bengaluru,HSR Layout,2025-09-04,Premium,College/Community
U04081,19,Female,Mumbai,Thane,2025-01-19,Premium,Other
U04082,37,Male,Bengaluru,Jayanagar,2025-01-30,Basic,Referral
U04083,45,Female,Mumbai,Powai,2025-02-18,Basic,YouTube
U04084,42,Female,Mumbai,Powai,2025-06-29,Premium,Instagram
U04085,26,Female,Bengaluru,Koramangala,2026-01-05,Basic,College/Community
U04086,39,Male,Bengaluru,HSR Layout,2026-01-30,Basic,Other
U04087,44,Male,Bengaluru,Koramangala,2026-08-13,Basic,Referral
U04088,26,Female,Mumbai,Thane,2026-05-11,Basic,YouTube
U04089,21,Female,Pune,Hinjewadi,2026-03-07,Basic,Referral
U04090,32,Male,Bengaluru,HSR Layout,2025-07-26,Pro,Google
U04091,28,Male,Mumbai,Andheri,2025-02-04,Premium,College/Community
U04092,18,Male,Bengaluru,Marathahalli,2026-08-06,Pro,Referral
U04093,35,Female,Hyderabad,Banjara Hills,2026-02-17,Premium,Referral
U04094,18,Male,Chennai,Adyar,2025-12-30,Basic,Referral
U04095,25,Female,Bengaluru,Indiranagar,2025-11-06,Premium,College/Community
U04096,42,Female,Hyderabad,Kukatpally,2025-10-06,Pro,YouTube
U04097,33,Female,Bengaluru,Electronic City,2025-06-01,Pro,Instagram
U04098,43,Male,Bengaluru,Electronic City,2025-08-15,Premium,Google
U04099,45,Female,Bengaluru,Koramangala,2025-08-31,Basic,Other
U04100,39,Male,Bengaluru,Jayanagar,2025-01-10,Basic,Referral
U04101,35,Male,Mumbai,Powai,2026-01-27,Basic,Other
U04102,39,Male,Hyderabad,Gachibowli,2025-02-17,Pro,College/Community
U04103,26,Female,Hyderabad,Banjara Hills,2025-07-23,Basic,Referral
U04104,29,Female,Bengaluru,Yelahanka,2025-06-06,Premium,Google
U04105,36,Female,Bengaluru,Marathahalli,2025-01-26,Basic,Google
U04106,42,Male,Mumbai,Borivali,2026-02-25,Premium,Referral
U04107,35,Male,Chennai,T Nagar,2025-09-21,Basic,Google
U04108,44,Male,Bengaluru,HSR Layout,2026-06-13,Basic,YouTube
U04109,22,Female,Chennai,OMR,2026-08-11,Basic,YouTube
U04110,44,Female,Hyderabad,Madhapur,2026-04-15,Premium,Google
U04111,19,Male,Hyderabad,Madhapur,2025-09-11,Basic,YouTube
U04112,24,Male,Hyderabad,Gachibowli,2026-06-30,Premium,Referral
U04113,44,Female,Bengaluru,Yelahanka,2025-05-27,Basic,Google
U04114,27,Female,Bengaluru,Electronic City,2025-11-22,Premium,Google
U04115,32,Male,Mumbai,Bandra,2025-12-04,Basic,College/Community
U04116,42,Female,Bengaluru,Koramangala,2025-04-28,Premium,Google
U04117,24,Female,Chennai,OMR,2025-06-14,Basic,Google
U04118,45,Male,Bengaluru,Marathahalli,2026-07-04,Premium,Google
U04119,22,Male,Bengaluru,Marathahalli,2025-07-17,Basic,Instagram
U04120,32,Male,Mumbai,Borivali,2026-01-09,Premium,Referral
U04121,37,Male,Bengaluru,Electronic City,2026-08-01,Pro,Instagram
U04122,45,Female,Hyderabad,Madhapur,2026-08-15,Basic,College/Community
U04123,37,Male,Mumbai,Borivali,2026-07-18,Basic,Instagram
U04124,32,Male,Chennai,OMR,2025-05-09,Premium,Referral
U04125,27,Male,Pune,Kothrud,2026-02-18,Premium,Instagram
U04126,41,Male,Mumbai,Bandra,2026-01-15,Basic,Other
U04127,43,Female,Mumbai,Powai,2025-01-01,Basic,Google
U04128,43,Male,Chennai,T Nagar,2025-06-16,Basic,College/Community
U04129,31,Male,Bengaluru,Jayanagar,2025-01-16,Basic,YouTube
U04130,43,Female,Bengaluru,Marathahalli,2025-04-22,Basic,YouTube
U04131,43,Male,Bengaluru,Electronic City,2026-01-03,Premium,College/Community
U04132,27,Female,Bengaluru,Whitefield,2025-04-12,Basic,Instagram
U04133,34,Male,Mumbai,Borivali,2026-08-17,Basic,YouTube
U04134,38,Female,Mumbai,Borivali,2026-02-10,Premium,Google
U04135,31,Female,Hyderabad,Gachibowli,2026-05-22,Basic,YouTube
U04136,19,Male,Bengaluru,Indiranagar,2025-02-09,Premium,Other
U04137,33,Female,Mumbai,Thane,2026-07-02,Premium,College/Community
U04138,30,Male,Bengaluru,Koramangala,2026-01-16,Basic,Instagram
U04139,44,Female,Mumbai,Thane,2026-05-31,Basic,Google
U04140,26,Male,Hyderabad,Banjara Hills,2026-05-12,Pro,Google
U04141,24,Female,Bengaluru,Marathahalli,2025-10-08,Pro,Instagram
U04142,33,Male,Bengaluru,Yelahanka,2025-12-17,Basic,Instagram
U04143,27,Female,Bengaluru,Marathahalli,2025-11-30,Basic,Google
U04144,41,Other,Pune,Viman Nagar,2026-06-08,Basic,Other
U04145,39,Female,Chennai,OMR,2025-10-10,Basic,Referral
U04146,26,Male,Mumbai,Borivali,2025-11-15,Basic,Referral
U04147,39,Male,Bengaluru,Jayanagar,2026-02-18,Basic,Referral
U04148,40,Male,Bengaluru,Koramangala,2026-08-17,Premium,Referral
U04149,24,Male,Mumbai,Bandra,2025-01-14,Basic,Other
U04150,33,Male,Pune,Viman Nagar,2025-02-25,Premium,Referral
U04151,26,Male,Bengaluru,Jayanagar,2026-02-07,Basic,Instagram
U04152,44,Male,Bengaluru,HSR Layout,2025-12-08,Basic,Referral
U04153,41,Male,Mumbai,Andheri,2025-07-18,Basic,Other
U04154,34,Male,Bengaluru,HSR Layout,2025-10-19,Basic,Google
U04155,37,Male,Bengaluru,Indiranagar,2026-03-17,Basic,Referral
U04156,24,Male,Bengaluru,Whitefield,2025-03-19,Premium,Instagram
U04157,28,Female,Hyderabad,Kondapur,2025-04-22,Basic,Instagram
U04158,25,Male,Pune,Baner,2026-06-19,Premium,College/Community
U04159,24,Male,Chennai,Adyar,2026-01-10,Basic,Google
U04160,45,Male,Hyderabad,Kondapur,2025-04-26,Basic,Google
U04161,36,Male,Hyderabad,Banjara Hills,2025-05-22,Basic,Google
U04162,37,Female,Bengaluru,Electronic City,2025-07-16,Premium,Other
U04163,29,Male,Hyderabad,Madhapur,2026-06-24,Basic,Instagram
U04164,24,Male,Bengaluru,HSR Layout,2025-10-26,Basic,College/Community
U04165,25,Female,Mumbai,Andheri,2025-03-17,Pro,Google
U04166,24,Other,Bengaluru,Yelahanka,2026-06-14,Premium,College/Community
U04167,23,Male,Bengaluru,Marathahalli,2025-04-10,Basic,Other
U04168,42,Male,Bengaluru,Yelahanka,2026-04-24,Premium,Google
U04169,26,Male,Bengaluru,Jayanagar,2026-04-13,Basic,Instagram
U04170,44,Male,Bengaluru,Koramangala,2025-10-19,Premium,Instagram
U04171,30,Male,Bengaluru,Indiranagar,2025-05-05,Basic,YouTube
U04172,24,Female,Chennai,OMR,2026-06-03,Basic,Instagram
U04173,25,Male,Hyderabad,Banjara Hills,2025-01-23,Basic,Google
U04174,39,Female,Hyderabad,Kukatpally,2025-06-11,Basic,Instagram
U04175,34,Male,Pune,Wakad,2026-05-21,Basic,Google
U04176,34,Male,Chennai,Anna Nagar,2025-01-21,Premium,Instagram
U04177,33,Female,Hyderabad,Banjara Hills,2026-04-09,Premium,College/Community
U04178,39,Male,Pune,Kothrud,2026-04-28,Basic,College/Community
U04179,19,Male,Bengaluru,HSR Layout,2026-05-17,Basic,Google
U04180,25,Male,Bengaluru,Whitefield,2025-11-05,Basic,Referral
U04181,34,Male,Bengaluru,Whitefield,2026-08-19,Basic,Referral
U04182,30,Male,Mumbai,Powai,2026-07-07,Pro,YouTube
U04183,35,Male,Mumbai,Andheri,2025-07-22,Premium,Referral
U04184,41,Male,Bengaluru,Marathahalli,2026-02-20,Basic,Referral
U04185,45,Male,Bengaluru,Koramangala,2025-05-22,Basic,Referral
U04186,39,Other,Mumbai,Bandra,2025-04-17,Premium,YouTube
U04187,45,Male,Bengaluru,HSR Layout,2026-06-13,Premium,Google
U04188,27,Male,Hyderabad,Gachibowli,2026-06-21,Basic,Google
U04189,19,Female,Mumbai,Andheri,2026-07-30,Basic,Google
U04190,19,Female,Mumbai,Andheri,2025-10-18,Basic,Referral
U04191,44,Male,Pune,Wakad,2025-11-07,Basic,Google
U04192,31,Male,Pune,Viman Nagar,2026-01-20,Basic,Referral
U04193,33,Female,Hyderabad,Banjara Hills,2025-02-22,Basic,Google
U04194,24,Male,Mumbai,Powai,2026-08-08,Premium,College/Community
U04195,38,Female,Mumbai,Andheri,2025-07-02,Basic,Instagram
U04196,38,Female,Bengaluru,Marathahalli,2026-01-04,Pro,Referral
U04197,41,Male,Bengaluru,Jayanagar,2025-01-13,Basic,Referral
U04198,29,Male,Bengaluru,Whitefield,2026-07-13,Basic,Google
U04199,45,Female,Hyderabad,Kondapur,2025-06-09,Basic,Google
U04200,40,Male,Mumbai,Powai,2025-10-11,Basic,College/Community
U04201,45,Male,Pune,Hinjewadi,2026-07-19,Pro,Google
U04202,31,Male,Bengaluru,Indiranagar,2025-10-14,Basic,College/Community
U04203,42,Female,Bengaluru,Marathahalli,2025-01-08,Basic,College/Community
U04204,21,Male,Chennai,Velachery,2025-03-13,Pro,Referral
U04205,43,Other,Bengaluru,Electronic City,2025-04-08,Basic,YouTube
U04206,21,Female,Hyderabad,Kukatpally,2025-03-28,Basic,Referral
U04207,35,Male,Hyderabad,Kondapur,2025-04-11,Basic,Referral
U04208,20,Female,Hyderabad,Banjara Hills,2025-10-08,Basic,Other
U04209,18,Male,Bengaluru,Whitefield,2025-10-16,Basic,Google
U04210,34,Female,Bengaluru,Whitefield,2025-07-15,Basic,Instagram
U04211,24,Male,Bengaluru,Jayanagar,2026-01-26,Premium,Google
U04212,33,Male,Hyderabad,Banjara Hills,2026-03-26,Premium,Referral
U04213,22,Female,Hyderabad,Madhapur,2026-01-03,Basic,Instagram
U04214,36,Male,Bengaluru,HSR Layout,2026-03-06,Basic,College/Community
U04215,24,Female,Mumbai,Andheri,2025-04-06,Basic,Google
U04216,31,Female,Pune,Baner,2025-09-18,Basic,College/Community
U04217,19,Male,Bengaluru,Indiranagar,2026-05-27,Basic,Instagram
U04218,20,Male,Hyderabad,Banjara Hills,2025-05-01,Premium,Google
U04219,34,Female,Mumbai,Borivali,2026-01-01,Premium,Instagram
U04220,33,Male,Bengaluru,Marathahalli,2025-11-28,Basic,Google
U04221,25,Female,Bengaluru,Marathahalli,2025-02-21,Premium,Referral
U04222,35,Female,Mumbai,Andheri,2026-01-31,Basic,Other
U04223,32,Female,Chennai,T Nagar,2025-11-14,Basic,Google
U04224,24,Female,Pune,Wakad,2025-10-04,Basic,Referral
U04225,44,Female,Hyderabad,Madhapur,2026-08-20,Basic,Google
U04226,26,Female,Mumbai,Andheri,2025-07-13,Basic,Instagram
U04227,23,Female,Bengaluru,Electronic City,2025-01-21,Basic,Referral
U04228,35,Female,Mumbai,Bandra,2026-02-03,Basic,Instagram
U04229,35,Male,Hyderabad,Gachibowli,2025-07-21,Pro,College/Community
U04230,42,Male,Bengaluru,Jayanagar,2026-04-11,Basic,YouTube
U04231,43,Female,Mumbai,Bandra,2025-05-31,Basic,Google
U04232,41,Male,Hyderabad,Kondapur,2025-06-08,Basic,Referral
U04233,31,Male,Bengaluru,Indiranagar,2025-11-06,Basic,Instagram
U04234,31,Male,Chennai,OMR,2026-05-19,Pro,YouTube
U04235,31,Male,Bengaluru,Yelahanka,2025-01-26,Basic,College/Community
U04236,42,Male,Bengaluru,Yelahanka,2025-03-07,Pro,College/Community
U04237,21,Male,Bengaluru,Whitefield,2025-09-20,Basic,Google
U04238,21,Male,Pune,Kothrud,2026-04-17,Basic,Google
U04239,32,Female,Mumbai,Borivali,2025-06-16,Basic,Referral
U04240,32,Male,Bengaluru,HSR Layout,2025-06-03,Premium,Other
U04241,35,Male,Mumbai,Andheri,2025-12-09,Basic,Other
U04242,31,Male,Bengaluru,Electronic City,2026-02-17,Premium,Google
U04243,43,Male,Pune,Kothrud,2025-07-03,Basic,YouTube
U04244,18,Female,Hyderabad,Madhapur,2025-07-13,Basic,Other
U04245,27,Female,Bengaluru,Marathahalli,2025-01-02,Basic,Google
U04246,37,Male,Chennai,Anna Nagar,2025-08-03,Basic,College/Community
U04247,27,Male,Bengaluru,Yelahanka,2026-08-10,Basic,Google
U04248,27,Female,Bengaluru,Whitefield,2026-04-28,Basic,Google
U04249,44,Male,Hyderabad,Kondapur,2026-07-15,Basic,Instagram
U04250,41,Male,Chennai,OMR,2025-02-01,Premium,Referral
U04251,19,Male,Bengaluru,Indiranagar,2025-01-15,Premium,College/Community
U04252,45,Male,Bengaluru,Indiranagar,2025-11-14,Premium,Referral
U04253,44,Male,Bengaluru,Yelahanka,2025-08-31,Basic,Instagram
U04254,25,Male,Hyderabad,Kukatpally,2025-01-17,Pro,Google
U04255,18,Male,Bengaluru,Yelahanka,2026-06-18,Premium,Referral
U04256,18,Male,Mumbai,Andheri,2025-03-22,Basic,Referral
U04257,21,Male,Chennai,T Nagar,2026-03-12,Basic,Referral
U04258,24,Male,Hyderabad,Kondapur,2025-01-08,Basic,Instagram
U04259,26,Male,Bengaluru,Marathahalli,2025-10-14,Basic,YouTube
U04260,33,Male,Bengaluru,Indiranagar,2025-07-05,Premium,College/Community
U04261,22,Male,Bengaluru,Marathahalli,2026-06-08,Premium,Referral
U04262,19,Female,Pune,Kothrud,2026-02-26,Premium,YouTube
U04263,45,Female,Bengaluru,Jayanagar,2026-04-11,Basic,College/Community
U04264,40,Male,Bengaluru,Yelahanka,2025-03-24,Basic,Referral
U04265,28,Male,Mumbai,Thane,2026-07-21,Basic,YouTube
U04266,35,Female,Hyderabad,Madhapur,2026-04-28,Basic,YouTube
U04267,42,Male,Mumbai,Thane,2025-11-21,Premium,Google
U04268,42,Male,Bengaluru,Yelahanka,2026-02-23,Basic,Referral
U04269,36,Female,Pune,Baner,2025-02-20,Premium,College/Community
U04270,30,Female,Chennai,Velachery,2025-01-27,Premium,Google
U04271,41,Male,Mumbai,Powai,2026-06-29,Premium,College/Community
U04272,28,Male,Chennai,Velachery,2025-03-03,Basic,Referral
U04273,37,Female,Bengaluru,HSR Layout,2025-06-20,Premium,Google
U04274,36,Male,Hyderabad,Madhapur,2025-10-13,Pro,Referral
U04275,34,Female,Mumbai,Powai,2025-04-27,Premium,Google
U04276,22,Male,Hyderabad,Kondapur,2025-01-04,Premium,College/Community
U04277,30,Male,Bengaluru,Marathahalli,2025-03-07,Premium,Referral
U04278,44,Male,Bengaluru,Koramangala,2025-03-01,Basic,College/Community
U04279,37,Female,Bengaluru,Yelahanka,2026-05-17,Premium,Referral
U04280,18,Female,Bengaluru,Whitefield,2025-08-17,Premium,Referral
U04281,27,Male,Bengaluru,Koramangala,2025-04-10,Premium,Other
U04282,25,Female,Mumbai,Powai,2025-04-29,Premium,Instagram
U04283,41,Female,Bengaluru,Marathahalli,2025-03-10,Basic,YouTube
U04284,25,Female,Bengaluru,Electronic City,2025-08-09,Basic,Instagram
U04285,36,Female,Hyderabad,Kukatpally,2025-08-11,Basic,College/Community
U04286,23,Male,Hyderabad,Gachibowli,2026-05-19,Basic,Referral
U04287,29,Male,Pune,Baner,2025-07-30,Basic,Other
U04288,45,Female,Hyderabad,Banjara Hills,2026-07-29,Basic,College/Community
U04289,24,Female,Bengaluru,Koramangala,2025-09-19,Basic,Instagram
U04290,33,Male,Pune,Baner,2026-06-02,Premium,Instagram
U04291,26,Male,Hyderabad,Gachibowli,2025-09-05,Basic,Referral
U04292,38,Other,Bengaluru,Whitefield,2025-09-14,Basic,Referral
U04293,42,Male,Hyderabad,Gachibowli,2025-03-04,Basic,Instagram
U04294,39,Male,Chennai,Adyar,2026-01-27,Basic,Instagram
U04295,27,Male,Bengaluru,Yelahanka,2026-06-24,Basic,Referral
U04296,27,Female,Bengaluru,HSR Layout,2026-02-21,Basic,Instagram
U04297,27,Male,Bengaluru,Whitefield,2025-02-22,Pro,College/Community
U04298,37,Male,Bengaluru,Marathahalli,2025-02-07,Basic,College/Community
U04299,33,Male,Hyderabad,Kukatpally,2025-11-04,Premium,YouTube
U04300,18,Female,Hyderabad,Kondapur,2025-02-22,Premium,Instagram
U04301,34,Female,Bengaluru,Yelahanka,2026-03-28,Pro,Instagram
U04302,43,Female,Chennai,T Nagar,2026-04-06,Basic,Referral
U04303,38,Male,Pune,Kothrud,2026-05-01,Basic,Other
U04304,31,Female,Hyderabad,Kukatpally,2025-05-17,Basic,Google
U04305,36,Female,Pune,Hinjewadi,2026-01-07,Basic,Google
U04306,38,Female,Bengaluru,Koramangala,2025-09-13,Basic,Instagram
U04307,38,Female,Hyderabad,Kondapur,2026-01-30,Premium,YouTube
U04308,34,Male,Mumbai,Bandra,2025-02-06,Basic,Referral
U04309,31,Female,Pune,Baner,2025-05-27,Basic,Instagram
U04310,25,Female,Pune,Wakad,2025-01-08,Basic,Google
U04311,38,Female,Bengaluru,Electronic City,2025-09-08,Pro,Referral
U04312,38,Male,Chennai,T Nagar,2026-07-25,Premium,Referral
U04313,26,Male,Bengaluru,HSR Layout,2026-03-23,Basic,YouTube
U04314,25,Female,Pune,Wakad,2025-09-20,Basic,College/Community
U04315,30,Male,Chennai,Adyar,2026-03-15,Basic,YouTube
U04316,34,Male,Bengaluru,HSR Layout,2025-09-16,Premium,Referral
U04317,36,Female,Mumbai,Borivali,2025-11-19,Premium,College/Community
U04318,45,Male,Bengaluru,HSR Layout,2026-06-14,Basic,College/Community
U04319,24,Male,Bengaluru,Whitefield,2025-10-28,Basic,Google
U04320,34,Female,Hyderabad,Gachibowli,2026-04-30,Premium,Instagram
U04321,18,Male,Hyderabad,Madhapur,2025-04-02,Premium,College/Community
U04322,22,Male,Chennai,T Nagar,2025-06-13,Pro,Instagram
U04323,42,Male,Mumbai,Bandra,2025-12-01,Basic,Other
U04324,23,Male,Hyderabad,Kukatpally,2025-11-11,Basic,Instagram
U04325,43,Male,Pune,Baner,2025-08-26,Basic,Other
U04326,19,Male,Chennai,Adyar,2025-03-24,Basic,Referral
U04327,44,Male,Bengaluru,Whitefield,2025-04-19,Premium,YouTube
U04328,42,Male,Chennai,OMR,2025-06-27,Premium,Google
U04329,33,Male,Bengaluru,Yelahanka,2025-09-07,Basic,Other
U04330,39,Female,Pune,Hinjewadi,2026-07-21,Basic,Instagram
U04331,22,Male,Bengaluru,Marathahalli,2025-04-01,Basic,Google
U04332,22,Female,Bengaluru,Marathahalli,2025-12-05,Pro,Instagram
U04333,29,Male,Hyderabad,Banjara Hills,2025-06-18,Basic,Other
U04334,20,Female,Mumbai,Bandra,2025-05-19,Basic,Google
U04335,33,Female,Bengaluru,Yelahanka,2026-06-01,Basic,YouTube
U04336,23,Male,Bengaluru,Electronic City,2026-08-01,Basic,YouTube
U04337,32,Male,Hyderabad,Kondapur,2025-07-03,Premium,College/Community
U04338,32,Male,Chennai,T Nagar,2025-06-19,Premium,Referral
U04339,33,Female,Bengaluru,Marathahalli,2025-12-28,Basic,Referral
U04340,37,Male,Bengaluru,Koramangala,2025-09-01,Premium,YouTube
U04341,30,Female,Hyderabad,Madhapur,2025-05-18,Basic,YouTube
U04342,29,Male,Bengaluru,Koramangala,2025-01-28,Pro,Instagram
U04343,27,Male,Pune,Hinjewadi,2026-06-03,Basic,Instagram
U04344,31,Female,Pune,Wakad,2026-02-02,Basic,Instagram
U04345,19,Female,Hyderabad,Gachibowli,2025-11-29,Basic,Google
U04346,20,Male,Bengaluru,Marathahalli,2025-11-13,Basic,Referral
U04347,26,Female,Pune,Wakad,2026-07-17,Basic,Referral
U04348,28,Male,Hyderabad,Kondapur,2026-03-02,Premium,Other
U04349,28,Male,Pune,Wakad,2025-05-16,Premium,Google
U04350,42,Female,Mumbai,Thane,2025-09-24,Basic,YouTube
U04351,39,Female,Pune,Hinjewadi,2025-04-17,Premium,Referral
U04352,27,Male,Hyderabad,Banjara Hills,2026-07-14,Basic,Instagram
U04353,43,Male,Bengaluru,Marathahalli,2025-05-18,Premium,Referral
U04354,31,Female,Chennai,Anna Nagar,2025-02-16,Basic,Other
U04355,26,Male,Hyderabad,Kondapur,2026-01-03,Premium,Instagram
U04356,37,Female,Mumbai,Andheri,2025-01-06,Basic,Referral
U04357,44,Male,Bengaluru,HSR Layout,2026-06-07,Basic,Instagram
U04358,38,Male,Mumbai,Bandra,2026-06-13,Basic,Google
U04359,27,Female,Hyderabad,Madhapur,2025-09-29,Basic,Referral
U04360,39,Male,Bengaluru,Indiranagar,2025-03-07,Premium,College/Community
U04361,26,Other,Bengaluru,Whitefield,2026-02-24,Basic,YouTube
U04362,22,Female,Mumbai,Borivali,2025-12-05,Basic,Google
U04363,25,Female,Pune,Hinjewadi,2026-05-13,Basic,College/Community
U04364,28,Male,Hyderabad,Banjara Hills,2026-04-14,Basic,Google
U04365,18,Female,Bengaluru,Electronic City,2025-11-27,Premium,YouTube
U04366,38,Female,Mumbai,Thane,2025-05-11,Basic,Referral
U04367,27,Male,Bengaluru,Jayanagar,2026-06-14,Premium,College/Community
U04368,18,Male,Hyderabad,Kukatpally,2026-03-14,Basic,YouTube
U04369,43,Male,Bengaluru,HSR Layout,2025-08-31,Premium,College/Community
U04370,39,Other,Bengaluru,Yelahanka,2026-04-08,Pro,Instagram
U04371,24,Female,Bengaluru,Marathahalli,2025-12-16,Premium,Referral
U04372,45,Female,Bengaluru,Electronic City,2025-01-17,Premium,YouTube
U04373,31,Female,Bengaluru,Koramangala,2026-04-11,Basic,YouTube
U04374,22,Male,Bengaluru,Marathahalli,2025-12-29,Pro,Referral
U04375,34,Male,Hyderabad,Kondapur,2025-07-29,Premium,Instagram
U04376,39,Male,Hyderabad,Kukatpally,2026-06-09,Pro,Google
U04377,43,Male,Bengaluru,Jayanagar,2026-02-24,Premium,Google
U04378,38,Male,Pune,Wakad,2025-05-13,Premium,College/Community
U04379,23,Female,Bengaluru,Electronic City,2025-01-14,Basic,College/Community
U04380,33,Other,Hyderabad,Gachibowli,2025-02-13,Basic,Instagram
U04381,28,Male,Bengaluru,Electronic City,2026-01-12,Basic,Other
U04382,27,Female,Bengaluru,Koramangala,2025-10-22,Premium,Instagram
U04383,32,Female,Hyderabad,Madhapur,2026-01-31,Basic,Google
U04384,24,Male,Hyderabad,Madhapur,2025-04-14,Basic,Instagram
U04385,40,Female,Pune,Hinjewadi,2026-03-21,Basic,College/Community
U04386,19,Male,Hyderabad,Madhapur,2025-03-03,Basic,YouTube
U04387,29,Female,Chennai,Anna Nagar,2026-07-19,Premium,Google
U04388,36,Female,Bengaluru,Jayanagar,2026-02-16,Premium,YouTube
U04389,29,Female,Bengaluru,Electronic City,2025-11-17,Basic,Instagram
U04390,33,Male,Bengaluru,HSR Layout,2025-05-11,Basic,Google
U04391,23,Male,Bengaluru,Electronic City,2025-07-18,Basic,Google
U04392,20,Male,Hyderabad,Gachibowli,2025-02-05,Basic,Instagram
U04393,19,Female,Mumbai,Bandra,2025-08-04,Basic,College/Community
U04394,37,Female,Bengaluru,Jayanagar,2026-08-09,Basic,YouTube
U04395,22,Male,Chennai,Velachery,2025-11-02,Basic,Google
U04396,28,Female,Pune,Baner,2026-07-21,Basic,Instagram
U04397,43,Male,Bengaluru,Whitefield,2025-01-12,Premium,Instagram
U04398,42,Male,Bengaluru,Marathahalli,2025-03-24,Basic,Google
U04399,20,Female,Bengaluru,Indiranagar,2025-02-01,Basic,Referral
U04400,20,Female,Bengaluru,Marathahalli,2026-02-12,Basic,Google
U04401,39,Male,Bengaluru,Marathahalli,2025-03-27,Pro,YouTube
U04402,22,Male,Hyderabad,Kondapur,2026-02-15,Basic,Google
U04403,39,Male,Bengaluru,Electronic City,2026-07-17,Basic,Google
U04404,40,Male,Bengaluru,Marathahalli,2025-09-13,Basic,Other
U04405,28,Female,Chennai,Velachery,2025-08-29,Premium,Google
U04406,20,Female,Mumbai,Thane,2026-03-28,Premium,Google
U04407,30,Male,Chennai,T Nagar,2025-01-01,Premium,Google
U04408,38,Male,Bengaluru,Indiranagar,2025-10-09,Basic,Instagram
U04409,25,Female,Bengaluru,Electronic City,2026-08-22,Premium,Instagram
U04410,37,Female,Hyderabad,Banjara Hills,2026-05-29,Premium,Google
U04411,27,Female,Bengaluru,Jayanagar,2025-04-29,Basic,College/Community
U04412,19,Male,Bengaluru,Yelahanka,2026-05-20,Premium,YouTube
U04413,21,Female,Mumbai,Thane,2025-03-21,Basic,YouTube
U04414,35,Male,Mumbai,Thane,2025-08-07,Basic,Google
U04415,36,Female,Bengaluru,Yelahanka,2026-06-01,Premium,Referral
U04416,21,Female,Hyderabad,Kukatpally,2026-04-11,Premium,Google
U04417,37,Male,Bengaluru,HSR Layout,2026-06-02,Basic,Instagram
U04418,43,Male,Bengaluru,Jayanagar,2026-05-17,Basic,Google
U04419,26,Male,Bengaluru,Marathahalli,2025-02-27,Premium,Referral
U04420,33,Male,Bengaluru,Jayanagar,2025-12-03,Basic,Instagram
U04421,43,Male,Bengaluru,Electronic City,2026-05-25,Basic,Instagram
U04422,23,Female,Chennai,OMR,2026-03-02,Basic,Google
U04423,42,Male,Hyderabad,Gachibowli,2026-07-14,Pro,Google
U04424,21,Female,Mumbai,Bandra,2026-01-05,Pro,Google
U04425,26,Female,Bengaluru,Indiranagar,2026-02-15,Basic,Instagram
U04426,44,Other,Bengaluru,Jayanagar,2026-03-08,Basic,Instagram
U04427,30,Male,Bengaluru,Whitefield,2025-07-15,Basic,Google
U04428,26,Male,Bengaluru,Electronic City,2026-01-12,Basic,Instagram
U04429,23,Male,Bengaluru,Whitefield,2025-12-31,Premium,Google
U04430,38,Male,Pune,Wakad,2026-02-09,Basic,Instagram
U04431,36,Female,Mumbai,Bandra,2026-05-07,Basic,YouTube
U04432,31,Male,Hyderabad,Kondapur,2025-03-07,Premium,Google
U04433,38,Male,Hyderabad,Gachibowli,2026-01-26,Basic,Google
U04434,32,Male,Chennai,T Nagar,2025-03-24,Basic,Instagram
U04435,20,Female,Bengaluru,Marathahalli,2026-04-26,Basic,Instagram
U04436,22,Male,Bengaluru,Jayanagar,2025-08-17,Premium,Instagram
U04437,38,Male,Bengaluru,Koramangala,2025-08-13,Basic,Other
U04438,35,Male,Pune,Hinjewadi,2025-04-23,Basic,College/Community
U04439,31,Male,Chennai,Adyar,2025-07-04,Basic,Instagram
U04440,33,Female,Bengaluru,Jayanagar,2026-05-27,Pro,Referral
U04441,31,Male,Pune,Hinjewadi,2025-06-22,Basic,Google
U04442,26,Female,Pune,Kothrud,2026-06-07,Pro,Instagram
U04443,32,Male,Bengaluru,Jayanagar,2025-07-24,Premium,YouTube
U04444,24,Male,Bengaluru,Marathahalli,2026-06-22,Premium,Instagram
U04445,31,Male,Bengaluru,Electronic City,2025-11-15,Basic,Google
U04446,23,Male,Chennai,OMR,2025-06-08,Basic,Referral
U04447,38,Female,Bengaluru,Jayanagar,2025-10-05,Basic,Referral
U04448,32,Male,Pune,Viman Nagar,2025-05-28,Basic,Other
U04449,37,Female,Bengaluru,Whitefield,2025-03-24,Pro,YouTube
U04450,25,Male,Mumbai,Bandra,2026-02-23,Basic,YouTube
U04451,19,Other,Hyderabad,Banjara Hills,2026-06-22,Basic,Google
U04452,25,Female,Hyderabad,Gachibowli,2026-08-06,Basic,Instagram
U04453,18,Female,Pune,Wakad,2026-07-03,Premium,YouTube
U04454,43,Male,Pune,Wakad,2026-01-27,Basic,Other
U04455,34,Other,Pune,Viman Nagar,2025-05-13,Basic,Google
U04456,36,Other,Bengaluru,Jayanagar,2025-08-30,Basic,Other
U04457,22,Male,Mumbai,Borivali,2026-03-27,Premium,Instagram
U04458,39,Male,Bengaluru,Marathahalli,2025-07-19,Basic,Google
U04459,37,Male,Bengaluru,Koramangala,2025-04-27,Basic,Instagram
U04460,33,Male,Hyderabad,Kukatpally,2025-08-07,Basic,Referral
U04461,24,Male,Bengaluru,HSR Layout,2025-11-01,Pro,YouTube
U04462,24,Male,Hyderabad,Kondapur,2025-08-31,Basic,Google
U04463,35,Female,Chennai,Velachery,2025-10-19,Premium,College/Community
U04464,35,Male,Bengaluru,Indiranagar,2025-10-28,Premium,Referral
U04465,19,Female,Mumbai,Andheri,2026-01-23,Basic,Google
U04466,32,Male,Bengaluru,Indiranagar,2026-08-11,Basic,YouTube
U04467,31,Female,Bengaluru,Indiranagar,2025-07-28,Basic,Instagram
U04468,35,Male,Bengaluru,Whitefield,2025-11-10,Basic,YouTube
U04469,26,Female,Chennai,T Nagar,2025-01-26,Basic,Instagram
U04470,31,Male,Pune,Baner,2025-03-20,Basic,Google
U04471,22,Male,Chennai,Adyar,2025-05-08,Basic,Referral
U04472,28,Female,Chennai,Velachery,2026-02-17,Basic,College/Community
U04473,25,Male,Bengaluru,HSR Layout,2025-05-17,Premium,Referral
U04474,22,Male,Bengaluru,Koramangala,2025-11-30,Premium,Referral
U04475,28,Male,Mumbai,Powai,2026-07-02,Basic,YouTube
U04476,22,Female,Hyderabad,Gachibowli,2026-01-23,Basic,Google
U04477,34,Male,Bengaluru,Whitefield,2026-07-25,Premium,College/Community
U04478,39,Female,Bengaluru,Jayanagar,2025-08-18,Premium,Google
U04479,21,Male,Hyderabad,Madhapur,2026-02-25,Pro,Instagram
U04480,32,Male,Hyderabad,Gachibowli,2025-05-04,Basic,Google
U04481,36,Female,Bengaluru,Yelahanka,2025-03-29,Basic,Instagram
U04482,39,Male,Hyderabad,Madhapur,2025-05-21,Basic,Instagram
U04483,19,Female,Hyderabad,Banjara Hills,2025-02-20,Premium,Google
U04484,41,Male,Hyderabad,Banjara Hills,2026-07-21,Basic,Instagram
U04485,34,Male,Bengaluru,Jayanagar,2026-02-09,Basic,Referral
U04486,29,Male,Mumbai,Powai,2025-12-03,Basic,Referral
U04487,42,Male,Bengaluru,Yelahanka,2026-01-01,Premium,Referral
U04488,41,Female,Bengaluru,Marathahalli,2025-09-15,Basic,Google
U04489,34,Female,Pune,Viman Nagar,2026-01-23,Basic,YouTube
U04490,27,Male,Hyderabad,Gachibowli,2025-02-14,Premium,Instagram
U04491,45,Male,Bengaluru,Koramangala,2025-09-26,Premium,Referral
U04492,42,Male,Mumbai,Thane,2025-11-07,Basic,Google
U04493,35,Female,Hyderabad,Madhapur,2025-10-05,Pro,Referral
U04494,36,Female,Pune,Wakad,2026-04-20,Basic,Google
U04495,35,Male,Mumbai,Thane,2026-07-21,Basic,YouTube
U04496,30,Male,Mumbai,Bandra,2025-05-25,Pro,College/Community
U04497,31,Male,Hyderabad,Banjara Hills,2025-08-23,Basic,YouTube
U04498,41,Female,Bengaluru,Electronic City,2025-05-16,Basic,Instagram
U04499,33,Female,Bengaluru,Yelahanka,2026-03-21,Basic,Google
U04500,35,Male,Bengaluru,Marathahalli,2025-12-19,Basic,College/Community
U04501,43,Male,Hyderabad,Gachibowli,2026-01-29,Basic,Google
U04502,35,Male,Hyderabad,Gachibowli,2025-10-02,Basic,Other
U04503,33,Female,Bengaluru,HSR Layout,2026-01-19,Basic,Google
U04504,34,Female,Bengaluru,Jayanagar,2025-11-19,Premium,Other
U04505,24,Male,Hyderabad,Gachibowli,2025-07-02,Basic,Other
U04506,29,Female,Bengaluru,Indiranagar,2026-07-27,Basic,Referral
U04507,19,Male,Mumbai,Bandra,2026-03-16,Basic,Instagram
U04508,27,Male,Bengaluru,Yelahanka,2025-03-04,Premium,Google
U04509,22,Female,Hyderabad,Banjara Hills,2025-02-03,Premium,College/Community
U04510,38,Male,Chennai,Velachery,2026-04-22,Premium,College/Community
U04511,20,Female,Bengaluru,Jayanagar,2025-03-28,Basic,Instagram
U04512,36,Male,Hyderabad,Madhapur,2025-07-29,Basic,Google
U04513,30,Male,Bengaluru,HSR Layout,2026-04-07,Basic,College/Community
U04514,29,Female,Mumbai,Bandra,2025-03-22,Basic,Referral
U04515,20,Male,Hyderabad,Gachibowli,2025-11-18,Basic,College/Community
U04516,23,Male,Bengaluru,Jayanagar,2026-02-19,Pro,College/Community
U04517,31,Other,Hyderabad,Banjara Hills,2025-07-09,Basic,College/Community
U04518,21,Male,Chennai,OMR,2025-08-21,Pro,Instagram
U04519,30,Male,Bengaluru,Jayanagar,2026-01-27,Basic,Instagram
U04520,36,Female,Bengaluru,Yelahanka,2025-06-18,Pro,Instagram
U04521,35,Male,Pune,Viman Nagar,2026-03-19,Basic,Other
U04522,20,Male,Hyderabad,Banjara Hills,2025-06-17,Pro,Referral
U04523,37,Female,Chennai,Velachery,2025-08-19,Basic,Instagram
U04524,23,Male,Hyderabad,Kondapur,2025-05-30,Pro,Google
U04525,33,Other,Pune,Kothrud,2026-07-04,Basic,Google
U04526,37,Male,Hyderabad,Madhapur,2026-01-21,Basic,College/Community
U04527,41,Female,Mumbai,Borivali,2026-01-16,Basic,YouTube
U04528,20,Male,Chennai,Adyar,2025-10-02,Basic,YouTube
U04529,29,Male,Hyderabad,Kukatpally,2025-03-03,Premium,Instagram
U04530,36,Female,Bengaluru,Electronic City,2026-04-12,Pro,College/Community
U04531,36,Male,Bengaluru,Whitefield,2026-06-12,Basic,Instagram
U04532,41,Female,Bengaluru,Indiranagar,2025-05-30,Premium,Referral
U04533,21,Male,Bengaluru,Yelahanka,2025-05-22,Basic,Instagram
U04534,18,Female,Bengaluru,Marathahalli,2025-04-26,Premium,Instagram
U04535,19,Male,Hyderabad,Gachibowli,2025-03-06,Basic,Instagram
U04536,30,Female,Hyderabad,Kondapur,2026-03-05,Premium,Referral
U04537,43,Female,Hyderabad,Banjara Hills,2025-11-06,Basic,Referral
U04538,30,Male,Mumbai,Andheri,2026-03-06,Premium,Instagram
U04539,19,Male,Bengaluru,Koramangala,2025-06-10,Basic,Google
U04540,36,Male,Bengaluru,Yelahanka,2025-11-02,Basic,College/Community
U04541,39,Male,Bengaluru,Indiranagar,2025-12-27,Basic,Instagram
U04542,41,Female,Hyderabad,Gachibowli,2025-10-05,Basic,Instagram
U04543,33,Male,Bengaluru,Indiranagar,2025-10-23,Basic,Google
U04544,29,Female,Bengaluru,Marathahalli,2026-07-05,Basic,College/Community
U04545,18,Male,Bengaluru,Whitefield,2025-06-18,Premium,Google
U04546,26,Female,Pune,Baner,2026-04-04,Basic,Other
U04547,34,Male,Bengaluru,Koramangala,2026-08-03,Premium,Google
U04548,27,Female,Mumbai,Borivali,2025-01-07,Basic,Google
U04549,35,Male,Mumbai,Bandra,2026-08-20,Basic,Instagram
U04550,36,Male,Pune,Hinjewadi,2025-05-12,Basic,YouTube
U04551,24,Female,Chennai,Anna Nagar,2026-08-11,Basic,Instagram
U04552,42,Male,Bengaluru,Whitefield,2025-12-13,Basic,Referral
U04553,36,Male,Bengaluru,Electronic City,2026-08-19,Basic,Instagram
U04554,41,Female,Pune,Hinjewadi,2025-09-10,Basic,Google
U04555,32,Female,Hyderabad,Kondapur,2026-02-14,Premium,College/Community
U04556,26,Male,Hyderabad,Madhapur,2026-06-27,Basic,YouTube
U04557,27,Male,Mumbai,Andheri,2025-12-21,Basic,Instagram
U04558,40,Female,Mumbai,Thane,2026-07-18,Premium,Referral
U04559,37,Male,Chennai,OMR,2026-01-03,Premium,Referral
U04560,37,Female,Chennai,Anna Nagar,2026-08-07,Basic,Instagram
U04561,21,Female,Mumbai,Andheri,2026-05-26,Premium,Google
U04562,23,Female,Bengaluru,Whitefield,2026-06-17,Pro,Google
U04563,21,Male,Pune,Baner,2026-06-12,Basic,Google
U04564,22,Female,Bengaluru,Jayanagar,2026-06-12,Basic,YouTube
U04565,26,Male,Bengaluru,Koramangala,2026-02-06,Pro,Instagram
U04566,29,Female,Chennai,Anna Nagar,2025-06-24,Basic,Instagram
U04567,40,Male,Bengaluru,Marathahalli,2025-03-19,Basic,Google
U04568,25,Female,Bengaluru,Marathahalli,2026-03-16,Basic,Other
U04569,38,Male,Bengaluru,HSR Layout,2026-07-03,Premium,YouTube
U04570,22,Male,Pune,Baner,2025-08-20,Pro,Instagram
U04571,28,Male,Hyderabad,Banjara Hills,2026-02-04,Premium,Google
U04572,40,Male,Mumbai,Bandra,2025-08-01,Pro,Google
U04573,28,Male,Bengaluru,Jayanagar,2025-07-12,Basic,Referral
U04574,30,Male,Pune,Wakad,2026-07-26,Basic,Google
U04575,31,Male,Pune,Hinjewadi,2025-09-24,Basic,Other
U04576,45,Female,Bengaluru,Indiranagar,2025-05-06,Pro,Instagram
U04577,25,Male,Bengaluru,Whitefield,2026-01-17,Basic,Referral
U04578,42,Male,Bengaluru,Marathahalli,2026-06-28,Basic,YouTube
U04579,35,Female,Chennai,Adyar,2026-05-17,Basic,College/Community
U04580,36,Female,Mumbai,Andheri,2026-02-07,Basic,Google
U04581,29,Male,Chennai,Anna Nagar,2025-09-18,Basic,YouTube
U04582,29,Male,Bengaluru,Indiranagar,2026-01-22,Basic,Google
U04583,35,Male,Pune,Kothrud,2026-02-16,Pro,Google
U04584,27,Female,Pune,Viman Nagar,2025-12-12,Basic,College/Community
U04585,24,Female,Mumbai,Powai,2025-04-04,Premium,Other
U04586,45,Female,Chennai,Adyar,2025-11-24,Basic,YouTube
U04587,35,Male,Bengaluru,Indiranagar,2025-04-10,Basic,Google
U04588,29,Female,Bengaluru,Indiranagar,2026-04-06,Basic,College/Community
U04589,31,Male,Mumbai,Borivali,2025-11-11,Premium,Instagram
U04590,32,Male,Mumbai,Andheri,2025-01-25,Basic,Instagram
U04591,33,Male,Hyderabad,Gachibowli,2026-05-09,Premium,Referral
U04592,19,Male,Bengaluru,Indiranagar,2025-12-19,Premium,Google
U04593,35,Female,Hyderabad,Banjara Hills,2025-04-27,Basic,Other
U04594,29,Female,Bengaluru,Marathahalli,2025-07-18,Basic,Google
U04595,33,Female,Hyderabad,Gachibowli,2025-10-06,Premium,Google
U04596,30,Male,Mumbai,Powai,2026-08-05,Basic,YouTube
U04597,37,Other,Mumbai,Borivali,2025-03-20,Basic,YouTube
U04598,34,Female,Bengaluru,Koramangala,2026-02-28,Basic,Referral
U04599,35,Male,Bengaluru,Marathahalli,2025-12-20,Basic,Instagram
U04600,20,Female,Bengaluru,Whitefield,2026-06-10,Pro,YouTube
U04601,40,Female,Bengaluru,Koramangala,2026-06-25,Basic,Google
U04602,27,Male,Pune,Baner,2026-04-22,Basic,Instagram
U04603,18,Female,Chennai,Adyar,2025-01-10,Basic,Referral
U04604,23,Female,Bengaluru,Indiranagar,2026-07-13,Premium,Instagram
U04605,20,Female,Pune,Baner,2026-05-18,Premium,Other
U04606,36,Female,Chennai,Adyar,2025-09-17,Pro,Referral
U04607,21,Male,Pune,Baner,2026-06-08,Premium,Other
U04608,37,Female,Bengaluru,Yelahanka,2026-08-19,Basic,Google
U04609,40,Female,Chennai,T Nagar,2025-01-06,Basic,Other
U04610,20,Male,Bengaluru,Koramangala,2025-02-04,Basic,Instagram
U04611,25,Male,Bengaluru,Marathahalli,2025-06-24,Premium,Instagram
U04612,25,Female,Bengaluru,Marathahalli,2026-03-18,Premium,Instagram
U04613,44,Male,Hyderabad,Gachibowli,2026-07-31,Pro,Google
U04614,24,Female,Bengaluru,Yelahanka,2025-05-27,Basic,Instagram
U04615,19,Female,Bengaluru,HSR Layout,2026-07-23,Basic,Referral
U04616,38,Male,Bengaluru,Electronic City,2025-07-12,Basic,Google
U04617,23,Male,Pune,Wakad,2025-01-13,Basic,Google
U04618,45,Male,Pune,Baner,2026-06-14,Basic,Referral
U04619,33,Male,Bengaluru,Electronic City,2025-09-03,Basic,Instagram
U04620,27,Female,Pune,Wakad,2025-04-24,Basic,YouTube
U04621,21,Male,Pune,Kothrud,2025-08-21,Basic,Referral
U04622,30,Male,Pune,Viman Nagar,2025-11-18,Premium,College/Community
U04623,27,Female,Bengaluru,Yelahanka,2026-06-22,Basic,Google
U04624,38,Female,Mumbai,Borivali,2025-05-06,Basic,Other
U04625,31,Male,Chennai,T Nagar,2025-11-09,Basic,Referral
U04626,26,Female,Mumbai,Thane,2026-05-26,Basic,Other
U04627,28,Male,Bengaluru,Indiranagar,2026-04-29,Pro,Instagram
U04628,40,Female,Hyderabad,Kukatpally,2025-10-08,Basic,YouTube
U04629,35,Male,Mumbai,Thane,2025-10-10,Pro,College/Community
U04630,28,Male,Hyderabad,Madhapur,2026-01-27,Basic,Instagram
U04631,34,Female,Bengaluru,HSR Layout,2026-06-07,Basic,Referral
U04632,19,Male,Bengaluru,Whitefield,2026-01-17,Basic,College/Community
U04633,20,Male,Pune,Kothrud,2025-08-04,Basic,Referral
U04634,28,Female,Pune,Kothrud,2026-06-26,Basic,Instagram
U04635,35,Female,Bengaluru,HSR Layout,2025-04-26,Premium,YouTube
U04636,44,Male,Chennai,Adyar,2026-05-24,Basic,Instagram
U04637,20,Female,Bengaluru,Yelahanka,2026-05-15,Basic,College/Community
U04638,43,Female,Mumbai,Bandra,2025-09-28,Basic,Instagram
U04639,32,Female,Pune,Baner,2026-03-16,Basic,Instagram
U04640,28,Male,Pune,Baner,2025-10-18,Pro,Google
U04641,28,Female,Chennai,Velachery,2025-02-08,Premium,Referral
U04642,45,Female,Bengaluru,Whitefield,2025-01-24,Basic,Other
U04643,45,Female,Pune,Hinjewadi,2025-02-12,Basic,Instagram
U04644,42,Male,Bengaluru,Indiranagar,2025-06-19,Basic,Instagram
U04645,37,Female,Mumbai,Thane,2025-12-06,Pro,Google
U04646,45,Male,Mumbai,Powai,2025-06-18,Basic,College/Community
U04647,42,Female,Mumbai,Powai,2026-06-22,Premium,Google
U04648,28,Female,Bengaluru,Jayanagar,2026-04-17,Basic,Google
U04649,36,Male,Pune,Kothrud,2025-05-23,Pro,Referral
U04650,45,Male,Bengaluru,Electronic City,2025-04-11,Basic,Google
U04651,18,Female,Bengaluru,Indiranagar,2026-07-29,Basic,Google
U04652,44,Female,Mumbai,Bandra,2026-04-20,Premium,Google
U04653,22,Male,Hyderabad,Gachibowli,2025-11-07,Pro,College/Community
U04654,27,Female,Pune,Hinjewadi,2026-08-07,Pro,Other
U04655,27,Female,Bengaluru,Electronic City,2025-03-01,Premium,YouTube
U04656,31,Female,Bengaluru,Electronic City,2025-01-29,Premium,Google
U04657,19,Female,Pune,Baner,2026-06-15,Basic,Referral
U04658,21,Male,Hyderabad,Kondapur,2025-03-14,Premium,Instagram
U04659,19,Female,Bengaluru,Indiranagar,2026-01-29,Premium,YouTube
U04660,35,Male,Mumbai,Andheri,2026-01-29,Basic,Referral
U04661,30,Male,Hyderabad,Banjara Hills,2026-04-26,Basic,College/Community
U04662,36,Male,Mumbai,Bandra,2026-04-18,Basic,Instagram
U04663,22,Female,Hyderabad,Madhapur,2025-11-09,Basic,YouTube
U04664,37,Female,Pune,Kothrud,2026-03-14,Premium,YouTube
U04665,19,Male,Pune,Wakad,2025-11-20,Basic,Google
U04666,28,Female,Mumbai,Borivali,2025-03-28,Basic,Referral
U04667,43,Female,Bengaluru,Whitefield,2025-12-25,Basic,Other
U04668,35,Female,Pune,Hinjewadi,2025-07-16,Basic,College/Community
U04669,23,Female,Mumbai,Thane,2026-01-20,Basic,YouTube
U04670,40,Male,Mumbai,Andheri,2025-04-28,Pro,Instagram
U04671,45,Male,Bengaluru,Marathahalli,2026-05-13,Basic,College/Community
U04672,27,Female,Pune,Wakad,2026-04-07,Premium,Referral
U04673,39,Male,Mumbai,Bandra,2026-05-11,Basic,Google
U04674,40,Male,Bengaluru,Indiranagar,2026-08-17,Pro,Instagram
U04675,34,Female,Bengaluru,Koramangala,2025-09-04,Basic,Instagram
U04676,39,Female,Pune,Wakad,2025-08-22,Basic,Instagram
U04677,28,Female,Bengaluru,HSR Layout,2026-02-21,Premium,YouTube
U04678,36,Male,Chennai,T Nagar,2026-04-12,Pro,Instagram
U04679,34,Male,Mumbai,Powai,2026-04-27,Basic,Instagram
U04680,41,Female,Mumbai,Andheri,2025-12-31,Basic,Google
U04681,21,Male,Bengaluru,HSR Layout,2025-06-02,Pro,Referral
U04682,43,Male,Bengaluru,Indiranagar,2025-09-29,Basic,Instagram
U04683,41,Male,Chennai,OMR,2026-01-27,Premium,Instagram
U04684,43,Female,Bengaluru,Electronic City,2026-07-01,Basic,Instagram
U04685,31,Male,Pune,Wakad,2026-03-06,Basic,YouTube
U04686,44,Male,Bengaluru,HSR Layout,2025-07-08,Premium,Instagram
U04687,37,Male,Bengaluru,Yelahanka,2025-09-09,Basic,Referral
U04688,21,Male,Bengaluru,Electronic City,2026-01-30,Premium,Instagram
U04689,45,Male,Hyderabad,Kukatpally,2025-08-07,Basic,Instagram
U04690,31,Male,Chennai,T Nagar,2026-08-17,Basic,Google
U04691,43,Male,Bengaluru,HSR Layout,2025-07-09,Basic,Instagram
U04692,21,Male,Bengaluru,Jayanagar,2025-08-22,Basic,Instagram
U04693,23,Male,Bengaluru,Koramangala,2025-08-20,Basic,Google
U04694,26,Male,Hyderabad,Kukatpally,2025-12-24,Premium,Google
U04695,38,Male,Hyderabad,Kondapur,2026-04-23,Pro,YouTube
U04696,29,Male,Pune,Kothrud,2026-07-29,Premium,Instagram
U04697,43,Male,Hyderabad,Gachibowli,2026-03-05,Basic,College/Community
U04698,25,Male,Hyderabad,Kukatpally,2025-08-25,Premium,College/Community
U04699,41,Other,Bengaluru,Indiranagar,2025-02-02,Pro,YouTube
U04700,21,Male,Chennai,OMR,2025-08-01,Basic,Google
U04701,44,Female,Bengaluru,Whitefield,2026-07-26,Basic,College/Community
U04702,43,Male,Bengaluru,Indiranagar,2026-01-14,Basic,Instagram
U04703,42,Male,Mumbai,Andheri,2025-01-02,Basic,Instagram
U04704,42,Female,Hyderabad,Kukatpally,2026-03-26,Pro,Instagram
U04705,22,Male,Bengaluru,Indiranagar,2026-07-23,Basic,Other
U04706,23,Male,Hyderabad,Kondapur,2026-03-03,Premium,Google
U04707,22,Female,Pune,Viman Nagar,2025-10-06,Basic,College/Community
U04708,36,Male,Bengaluru,Marathahalli,2025-08-02,Basic,Google
U04709,44,Male,Pune,Hinjewadi,2025-10-12,Basic,College/Community
U04710,25,Male,Mumbai,Bandra,2026-06-27,Pro,College/Community
U04711,26,Female,Bengaluru,Whitefield,2025-10-01,Basic,Other
U04712,32,Female,Hyderabad,Gachibowli,2025-01-11,Premium,Referral
U04713,21,Male,Bengaluru,Jayanagar,2025-02-16,Basic,College/Community
U04714,42,Male,Pune,Baner,2026-05-30,Basic,Other
U04715,26,Female,Hyderabad,Kondapur,2026-03-14,Basic,Google
U04716,24,Male,Bengaluru,Yelahanka,2026-08-07,Premium,Google
U04717,25,Male,Hyderabad,Kondapur,2026-03-03,Basic,YouTube
U04718,32,Female,Chennai,Anna Nagar,2026-03-08,Basic,Google
U04719,36,Male,Hyderabad,Kondapur,2025-05-10,Basic,YouTube
U04720,32,Female,Chennai,Velachery,2025-01-22,Pro,Instagram
U04721,22,Female,Bengaluru,Indiranagar,2026-01-24,Basic,Referral
U04722,36,Female,Bengaluru,HSR Layout,2025-05-15,Basic,Instagram
U04723,24,Male,Bengaluru,Electronic City,2026-06-16,Basic,Google
U04724,23,Male,Bengaluru,Whitefield,2025-08-08,Basic,Google
U04725,44,Male,Bengaluru,Electronic City,2025-11-29,Premium,College/Community
U04726,36,Male,Bengaluru,Yelahanka,2025-05-10,Pro,Instagram
U04727,42,Male,Chennai,T Nagar,2025-02-01,Basic,College/Community
U04728,45,Male,Pune,Wakad,2026-03-01,Pro,YouTube
U04729,34,Male,Mumbai,Bandra,2025-10-25,Premium,Referral
U04730,27,Male,Bengaluru,Indiranagar,2026-05-19,Basic,Instagram
U04731,36,Male,Bengaluru,Koramangala,2025-12-23,Pro,Instagram
U04732,28,Male,Bengaluru,Marathahalli,2026-03-31,Premium,Google
U04733,32,Female,Mumbai,Andheri,2026-02-05,Basic,Instagram
U04734,27,Male,Chennai,Adyar,2026-07-13,Premium,Referral
U04735,28,Female,Hyderabad,Madhapur,2026-03-31,Basic,Other
U04736,40,Female,Bengaluru,Marathahalli,2025-02-03,Basic,Instagram
U04737,20,Male,Hyderabad,Kondapur,2025-09-05,Premium,Referral
U04738,20,Male,Bengaluru,Electronic City,2025-02-11,Premium,Other
U04739,35,Male,Bengaluru,Whitefield,2025-05-03,Premium,College/Community
U04740,42,Male,Mumbai,Borivali,2025-01-27,Basic,College/Community
U04741,28,Male,Mumbai,Bandra,2026-04-07,Pro,College/Community
U04742,37,Other,Bengaluru,Koramangala,2026-07-25,Basic,Google
U04743,43,Male,Bengaluru,HSR Layout,2025-05-27,Basic,College/Community
U04744,39,Female,Chennai,Anna Nagar,2026-05-11,Basic,Other
U04745,35,Male,Bengaluru,Indiranagar,2026-05-01,Basic,Referral
U04746,42,Male,Bengaluru,Indiranagar,2026-04-05,Basic,Google
U04747,32,Male,Bengaluru,Yelahanka,2025-05-08,Premium,Google
U04748,24,Female,Bengaluru,Whitefield,2026-01-11,Premium,Google
U04749,27,Male,Bengaluru,Marathahalli,2025-03-24,Pro,Instagram
U04750,38,Male,Pune,Baner,2026-06-19,Premium,Referral
U04751,40,Female,Bengaluru,Koramangala,2026-06-07,Basic,Referral
U04752,37,Male,Hyderabad,Madhapur,2025-04-13,Premium,Google
U04753,27,Male,Mumbai,Andheri,2026-06-03,Premium,Instagram
U04754,30,Male,Hyderabad,Kondapur,2025-12-28,Basic,YouTube
U04755,32,Female,Pune,Viman Nagar,2025-09-13,Premium,Instagram
U04756,40,Male,Pune,Wakad,2025-09-04,Basic,Instagram
U04757,35,Male,Bengaluru,Yelahanka,2025-07-11,Basic,Referral
U04758,40,Male,Pune,Hinjewadi,2026-06-19,Basic,Google
U04759,21,Male,Hyderabad,Madhapur,2025-11-10,Premium,Instagram
U04760,37,Female,Chennai,T Nagar,2025-10-03,Premium,Google
U04761,34,Female,Hyderabad,Kondapur,2026-01-08,Basic,YouTube
U04762,45,Male,Chennai,OMR,2026-03-20,Basic,Referral
U04763,20,Male,Pune,Wakad,2025-07-14,Pro,Google
U04764,38,Male,Bengaluru,Indiranagar,2025-09-15,Pro,Instagram
U04765,38,Male,Hyderabad,Banjara Hills,2026-08-05,Basic,Referral
U04766,19,Male,Chennai,Adyar,2025-12-26,Basic,College/Community
U04767,21,Male,Pune,Hinjewadi,2026-07-02,Premium,Referral
U04768,18,Other,Bengaluru,Jayanagar,2025-04-18,Basic,College/Community
U04769,32,Male,Mumbai,Borivali,2025-01-24,Basic,Referral
U04770,42,Other,Bengaluru,Indiranagar,2026-04-10,Basic,YouTube
U04771,18,Male,Bengaluru,HSR Layout,2025-01-22,Premium,College/Community
U04772,23,Male,Bengaluru,Indiranagar,2026-05-17,Premium,YouTube
U04773,24,Male,Bengaluru,Marathahalli,2026-05-16,Basic,College/Community
U04774,36,Male,Pune,Baner,2026-08-16,Basic,Google
U04775,29,Male,Bengaluru,Electronic City,2026-02-11,Basic,College/Community
U04776,18,Male,Pune,Hinjewadi,2025-11-26,Basic,Referral
U04777,24,Female,Bengaluru,Indiranagar,2025-10-13,Basic,College/Community
U04778,36,Male,Bengaluru,Jayanagar,2025-05-27,Basic,Instagram
U04779,30,Male,Bengaluru,Indiranagar,2026-01-19,Basic,Referral
U04780,43,Female,Bengaluru,Electronic City,2025-01-11,Basic,College/Community
U04781,29,Female,Bengaluru,Indiranagar,2025-10-03,Premium,Instagram
U04782,29,Female,Bengaluru,Koramangala,2026-07-22,Premium,Referral
U04783,39,Male,Hyderabad,Kukatpally,2025-10-30,Basic,College/Community
U04784,30,Male,Bengaluru,Jayanagar,2025-07-23,Basic,Google
U04785,45,Male,Bengaluru,Yelahanka,2025-12-11,Basic,Google
U04786,31,Male,Bengaluru,Yelahanka,2025-09-23,Premium,Referral
U04787,39,Male,Pune,Viman Nagar,2025-01-22,Basic,Referral
U04788,29,Male,Chennai,T Nagar,2026-06-20,Basic,Instagram
U04789,37,Female,Hyderabad,Kondapur,2025-04-06,Premium,Instagram
U04790,29,Female,Bengaluru,Koramangala,2026-03-21,Premium,Instagram
U04791,44,Male,Bengaluru,Indiranagar,2025-09-20,Basic,Google
U04792,23,Male,Chennai,OMR,2026-08-07,Basic,Instagram
U04793,44,Male,Bengaluru,Jayanagar,2026-01-18,Pro,YouTube
U04794,27,Male,Bengaluru,Indiranagar,2026-07-04,Pro,Referral
U04795,37,Male,Bengaluru,Jayanagar,2026-01-27,Basic,YouTube
U04796,41,Female,Bengaluru,Indiranagar,2026-06-24,Premium,Instagram
U04797,26,Male,Bengaluru,Electronic City,2025-04-02,Basic,Referral
U04798,19,Male,Pune,Hinjewadi,2026-07-20,Pro,Google
U04799,24,Male,Bengaluru,Yelahanka,2025-06-08,Basic,College/Community
U04800,26,Other,Mumbai,Andheri,2025-08-16,Premium,YouTube
U04801,42,Female,Bengaluru,Marathahalli,2026-04-18,Premium,College/Community
U04802,29,Female,Bengaluru,Koramangala,2026-01-07,Basic,Instagram
U04803,22,Male,Chennai,Velachery,2026-01-11,Premium,YouTube
U04804,18,Male,Bengaluru,Marathahalli,2026-07-07,Basic,Referral
U04805,39,Male,Pune,Kothrud,2025-02-06,Basic,College/Community
U04806,32,Male,Hyderabad,Banjara Hills,2025-02-06,Basic,Referral
U04807,25,Female,Bengaluru,Marathahalli,2025-04-11,Pro,Referral
U04808,18,Male,Chennai,OMR,2026-06-27,Basic,Instagram
U04809,35,Male,Bengaluru,Jayanagar,2025-07-09,Premium,Referral
U04810,30,Female,Pune,Baner,2026-05-27,Premium,Google
U04811,18,Male,Bengaluru,HSR Layout,2025-03-31,Basic,Instagram
U04812,22,Female,Pune,Hinjewadi,2025-01-06,Basic,Instagram
U04813,35,Male,Bengaluru,Yelahanka,2025-05-19,Premium,Other
U04814,33,Male,Hyderabad,Banjara Hills,2025-04-05,Pro,Google
U04815,43,Male,Pune,Kothrud,2026-01-21,Basic,College/Community
U04816,27,Female,Chennai,T Nagar,2025-05-03,Basic,Other
U04817,21,Male,Chennai,Velachery,2025-10-12,Basic,Other
U04818,18,Male,Pune,Baner,2026-01-01,Basic,College/Community
U04819,40,Male,Pune,Wakad,2026-05-05,Basic,College/Community
U04820,25,Female,Bengaluru,Indiranagar,2025-11-21,Basic,Google
U04821,22,Female,Bengaluru,Jayanagar,2026-02-11,Basic,Instagram
U04822,19,Male,Bengaluru,Indiranagar,2026-06-03,Basic,Referral
U04823,41,Male,Bengaluru,Jayanagar,2025-03-18,Premium,Referral
U04824,34,Female,Bengaluru,Electronic City,2025-08-22,Pro,Instagram
U04825,24,Female,Hyderabad,Gachibowli,2026-08-09,Basic,YouTube
U04826,34,Male,Bengaluru,Marathahalli,2026-04-29,Premium,Referral
U04827,45,Male,Mumbai,Borivali,2026-04-09,Basic,College/Community
U04828,23,Male,Bengaluru,Whitefield,2025-09-28,Pro,Referral
U04829,39,Female,Bengaluru,Marathahalli,2026-04-12,Premium,Referral
U04830,32,Male,Hyderabad,Madhapur,2026-04-14,Premium,Google
U04831,22,Male,Pune,Kothrud,2026-07-01,Basic,Google
U04832,32,Male,Mumbai,Bandra,2025-09-27,Basic,Other
U04833,35,Male,Mumbai,Andheri,2026-01-13,Basic,Instagram
U04834,35,Female,Bengaluru,Indiranagar,2025-06-26,Basic,Google
U04835,42,Female,Hyderabad,Kondapur,2025-10-01,Basic,Referral
U04836,38,Male,Bengaluru,Whitefield,2025-01-27,Basic,Google
U04837,38,Female,Bengaluru,Marathahalli,2026-07-30,Premium,Google
U04838,40,Male,Bengaluru,Electronic City,2025-03-01,Basic,Google
U04839,23,Female,Bengaluru,Whitefield,2025-08-05,Basic,Instagram
U04840,19,Female,Bengaluru,Electronic City,2025-09-27,Basic,Google
U04841,44,Female,Chennai,Anna Nagar,2025-04-26,Basic,College/Community
U04842,34,Female,Chennai,OMR,2025-09-02,Premium,Referral
U04843,38,Male,Bengaluru,Marathahalli,2025-03-26,Basic,Instagram
U04844,21,Female,Bengaluru,Koramangala,2026-08-22,Basic,Google
U04845,29,Male,Bengaluru,Jayanagar,2026-03-26,Basic,Instagram
U04846,36,Male,Bengaluru,Jayanagar,2026-06-20,Premium,College/Community
U04847,19,Male,Chennai,OMR,2025-03-30,Basic,Google
U04848,43,Male,Bengaluru,Whitefield,2026-07-03,Pro,Other
U04849,19,Female,Pune,Wakad,2026-05-22,Basic,Google
U04850,31,Male,Bengaluru,Electronic City,2026-02-12,Premium,College/Community
U04851,32,Female,Chennai,Anna Nagar,2025-09-28,Basic,Google
U04852,37,Female,Bengaluru,Electronic City,2026-06-08,Basic,Instagram
U04853,19,Female,Pune,Kothrud,2026-05-09,Basic,Instagram
U04854,21,Male,Bengaluru,Whitefield,2026-03-24,Basic,Referral
U04855,36,Male,Mumbai,Andheri,2026-06-27,Basic,Google
U04856,26,Male,Bengaluru,Indiranagar,2025-12-16,Basic,Google
U04857,24,Male,Bengaluru,Indiranagar,2025-11-24,Basic,College/Community
U04858,30,Female,Chennai,Velachery,2025-10-13,Basic,Instagram
U04859,44,Female,Chennai,OMR,2025-02-04,Premium,Google
U04860,29,Male,Pune,Wakad,2026-06-17,Premium,College/Community
U04861,20,Female,Mumbai,Bandra,2026-05-03,Basic,Referral
U04862,30,Male,Pune,Wakad,2026-05-02,Basic,College/Community
U04863,32,Male,Bengaluru,Jayanagar,2025-05-25,Basic,Google
U04864,31,Male,Bengaluru,Jayanagar,2026-06-08,Basic,Google
U04865,41,Male,Bengaluru,Whitefield,2025-05-26,Premium,Instagram
U04866,26,Female,Mumbai,Bandra,2026-05-18,Basic,College/Community
U04867,30,Female,Bengaluru,HSR Layout,2026-06-11,Basic,College/Community
U04868,40,Female,Bengaluru,Marathahalli,2025-09-29,Basic,Other
U04869,39,Male,Hyderabad,Banjara Hills,2026-06-18,Premium,Google
U04870,21,Male,Pune,Baner,2025-04-05,Basic,College/Community
U04871,38,Male,Bengaluru,HSR Layout,2026-03-23,Basic,Google
U04872,25,Female,Bengaluru,Electronic City,2026-02-19,Premium,Google
U04873,20,Male,Bengaluru,Indiranagar,2025-09-14,Basic,College/Community
U04874,19,Male,Bengaluru,Indiranagar,2025-09-19,Basic,Instagram
U04875,36,Female,Bengaluru,HSR Layout,2025-03-28,Premium,Instagram
U04876,45,Female,Mumbai,Thane,2026-03-12,Basic,Google
U04877,40,Female,Mumbai,Andheri,2026-07-24,Premium,YouTube
U04878,25,Female,Mumbai,Powai,2025-04-18,Basic,Google
U04879,34,Male,Bengaluru,Yelahanka,2025-01-19,Basic,Google
U04880,30,Male,Pune,Hinjewadi,2025-12-31,Premium,Other
U04881,24,Male,Bengaluru,Yelahanka,2026-01-14,Basic,Google
U04882,26,Male,Hyderabad,Madhapur,2025-06-09,Premium,Instagram
U04883,29,Male,Pune,Wakad,2025-04-10,Premium,Referral
U04884,31,Male,Bengaluru,Yelahanka,2025-09-22,Basic,College/Community
U04885,31,Female,Bengaluru,Electronic City,2025-02-18,Premium,Instagram
U04886,32,Male,Pune,Viman Nagar,2026-02-19,Pro,Referral
U04887,20,Male,Bengaluru,Indiranagar,2025-02-28,Basic,Instagram
U04888,32,Female,Mumbai,Thane,2025-07-02,Basic,Referral
U04889,36,Male,Bengaluru,Yelahanka,2026-03-23,Basic,Google
U04890,41,Female,Mumbai,Thane,2025-10-28,Basic,Google
U04891,37,Other,Bengaluru,Whitefield,2026-07-09,Basic,Google
U04892,31,Female,Bengaluru,Marathahalli,2025-12-20,Basic,Other
U04893,25,Male,Mumbai,Powai,2025-08-01,Basic,YouTube
U04894,22,Female,Bengaluru,Marathahalli,2025-07-08,Basic,Other
U04895,36,Male,Bengaluru,HSR Layout,2025-12-13,Basic,Referral
U04896,21,Female,Bengaluru,HSR Layout,2025-05-17,Basic,Instagram
U04897,31,Male,Bengaluru,Jayanagar,2025-01-30,Basic,Google
U04898,33,Male,Bengaluru,Yelahanka,2025-05-26,Premium,College/Community
U04899,37,Other,Bengaluru,Koramangala,2026-04-13,Basic,Referral
U04900,41,Male,Chennai,Anna Nagar,2026-05-18,Basic,Other
U04901,23,Female,Bengaluru,Electronic City,2025-07-10,Basic,Instagram
U04902,40,Male,Hyderabad,Gachibowli,2026-04-16,Basic,Google
U04903,42,Female,Bengaluru,Electronic City,2025-12-11,Basic,Google
U04904,23,Female,Bengaluru,Whitefield,2025-01-01,Premium,Google
U04905,20,Male,Chennai,OMR,2025-04-20,Basic,Google
U04906,32,Male,Bengaluru,Indiranagar,2025-03-05,Pro,Google
U04907,20,Female,Chennai,OMR,2025-02-22,Basic,Referral
U04908,28,Female,Bengaluru,Koramangala,2025-09-19,Basic,Google
U04909,20,Male,Mumbai,Thane,2026-06-13,Premium,Instagram
U04910,45,Female,Hyderabad,Gachibowli,2025-10-29,Premium,YouTube
U04911,27,Male,Pune,Viman Nagar,2025-08-22,Basic,Google
U04912,35,Male,Hyderabad,Madhapur,2025-03-14,Pro,Referral
U04913,18,Male,Hyderabad,Madhapur,2025-12-23,Basic,Google
U04914,33,Female,Bengaluru,Jayanagar,2026-04-29,Premium,College/Community
U04915,33,Female,Bengaluru,Koramangala,2025-01-06,Basic,Referral
U04916,44,Male,Chennai,Velachery,2025-05-17,Premium,Other
U04917,27,Male,Bengaluru,Jayanagar,2026-02-08,Basic,Referral
U04918,18,Female,Bengaluru,Yelahanka,2026-07-09,Basic,Google
U04919,21,Male,Pune,Hinjewadi,2026-07-24,Premium,Google
U04920,20,Female,Bengaluru,Marathahalli,2025-07-25,Basic,Referral
U04921,22,Male,Chennai,T Nagar,2026-02-14,Basic,Referral
U04922,29,Male,Mumbai,Powai,2025-02-05,Basic,YouTube
U04923,42,Male,Hyderabad,Kondapur,2025-08-18,Premium,Instagram
U04924,29,Female,Pune,Viman Nagar,2025-08-15,Premium,Referral
U04925,30,Other,Bengaluru,Jayanagar,2025-09-19,Premium,YouTube
U04926,41,Male,Bengaluru,HSR Layout,2025-05-11,Premium,YouTube
U04927,29,Male,Hyderabad,Kukatpally,2026-07-31,Basic,Referral
U04928,42,Male,Bengaluru,Indiranagar,2026-03-24,Basic,Other
U04929,33,Female,Mumbai,Powai,2025-07-05,Basic,Google
U04930,30,Female,Chennai,OMR,2025-07-05,Basic,Instagram
U04931,22,Female,Hyderabad,Banjara Hills,2025-10-01,Basic,College/Community
U04932,41,Female,Bengaluru,Marathahalli,2025-12-18,Basic,Instagram
U04933,21,Female,Chennai,OMR,2026-02-17,Basic,YouTube
U04934,38,Male,Hyderabad,Gachibowli,2025-05-31,Premium,Instagram
U04935,32,Male,Hyderabad,Banjara Hills,2026-01-19,Basic,Instagram
U04936,29,Female,Bengaluru,Indiranagar,2025-02-05,Premium,Instagram
U04937,36,Male,Chennai,Anna Nagar,2025-11-22,Premium,Google
U04938,38,Male,Hyderabad,Banjara Hills,2026-04-10,Premium,Instagram
U04939,45,Male,Pune,Wakad,2026-04-11,Pro,Instagram
U04940,36,Male,Pune,Wakad,2025-04-05,Basic,YouTube
U04941,38,Female,Bengaluru,Jayanagar,2025-05-14,Premium,YouTube
U04942,28,Male,Hyderabad,Banjara Hills,2025-06-11,Premium,College/Community
U04943,38,Male,Pune,Baner,2026-07-10,Basic,College/Community
U04944,23,Male,Bengaluru,Indiranagar,2025-10-27,Premium,Google
U04945,26,Male,Pune,Viman Nagar,2025-12-22,Basic,College/Community
U04946,18,Female,Chennai,OMR,2025-08-28,Basic,Referral
U04947,29,Male,Mumbai,Powai,2026-07-18,Basic,Referral
U04948,43,Female,Mumbai,Powai,2026-08-09,Pro,YouTube
U04949,31,Female,Pune,Hinjewadi,2025-06-16,Premium,Instagram
U04950,23,Female,Pune,Wakad,2025-05-20,Premium,YouTube
U04951,18,Female,Bengaluru,Marathahalli,2025-05-19,Premium,Google
U04952,39,Male,Bengaluru,Indiranagar,2025-08-23,Basic,Instagram
U04953,19,Male,Bengaluru,Koramangala,2025-01-03,Basic,Instagram
U04954,41,Female,Mumbai,Borivali,2025-09-13,Premium,Instagram
U04955,28,Male,Hyderabad,Banjara Hills,2026-01-06,Basic,College/Community
U04956,20,Male,Mumbai,Andheri,2025-10-05,Basic,Other
U04957,27,Male,Bengaluru,HSR Layout,2026-05-31,Basic,Google
U04958,23,Female,Mumbai,Bandra,2025-07-31,Basic,Google
U04959,23,Male,Bengaluru,Whitefield,2025-08-04,Premium,Instagram
U04960,37,Male,Mumbai,Bandra,2025-09-27,Basic,College/Community
U04961,38,Female,Hyderabad,Kondapur,2026-04-21,Premium,Instagram
U04962,19,Female,Bengaluru,Marathahalli,2026-06-12,Premium,Other
U04963,43,Male,Bengaluru,Indiranagar,2025-03-05,Basic,Referral
U04964,43,Female,Mumbai,Bandra,2026-04-05,Basic,College/Community
U04965,41,Male,Hyderabad,Gachibowli,2025-01-16,Basic,Referral
U04966,27,Female,Bengaluru,Indiranagar,2026-07-18,Pro,YouTube
U04967,40,Male,Chennai,OMR,2025-01-19,Basic,Referral
U04968,43,Male,Mumbai,Powai,2025-11-21,Basic,College/Community
U04969,23,Female,Chennai,Velachery,2025-04-03,Premium,College/Community
U04970,40,Male,Hyderabad,Kondapur,2025-01-17,Basic,Referral
U04971,45,Male,Hyderabad,Gachibowli,2026-05-03,Pro,Referral
U04972,34,Female,Chennai,Anna Nagar,2025-04-04,Premium,Other
U04973,31,Male,Hyderabad,Kondapur,2025-01-10,Basic,Other
U04974,22,Female,Mumbai,Andheri,2026-06-12,Premium,Referral
U04975,40,Male,Bengaluru,Whitefield,2026-05-04,Basic,Instagram
U04976,34,Male,Hyderabad,Gachibowli,2025-05-24,Premium,Instagram
U04977,19,Female,Bengaluru,HSR Layout,2026-07-08,Premium,College/Community
U04978,26,Male,Bengaluru,Marathahalli,2026-05-30,Basic,Instagram
U04979,29,Male,Bengaluru,Whitefield,2026-04-15,Basic,Instagram
U04980,36,Male,Bengaluru,HSR Layout,2026-01-12,Pro,Instagram
U04981,39,Female,Chennai,Adyar,2026-05-09,Basic,Referral
U04982,24,Male,Bengaluru,Electronic City,2026-04-29,Premium,Referral
U04983,26,Male,Mumbai,Andheri,2026-03-28,Basic,Google
U04984,38,Male,Pune,Wakad,2026-06-20,Basic,Instagram
U04985,33,Male,Hyderabad,Kukatpally,2025-03-16,Premium,YouTube
U04986,37,Male,Bengaluru,Whitefield,2025-02-09,Basic,Other
U04987,28,Female,Mumbai,Borivali,2025-10-29,Basic,Instagram
U04988,29,Female,Mumbai,Thane,2026-07-06,Basic,Instagram
U04989,32,Male,Mumbai,Borivali,2025-03-03,Basic,Referral
U04990,35,Male,Pune,Baner,2026-05-18,Pro,College/Community
U04991,36,Female,Chennai,OMR,2025-09-02,Basic,YouTube
U04992,33,Male,Hyderabad,Kukatpally,2025-01-18,Pro,YouTube
U04993,32,Male,Bengaluru,Jayanagar,2026-02-02,Pro,College/Community
U04994,22,Female,Mumbai,Powai,2026-08-17,Pro,Instagram
U04995,28,Female,Bengaluru,Indiranagar,2025-07-08,Premium,Instagram
U04996,32,Male,Chennai,OMR,2025-04-14,Basic,Referral
U04997,35,Male,Bengaluru,Marathahalli,2025-12-10,Pro,College/Community
U04998,30,Male,Bengaluru,HSR Layout,2026-01-06,Basic,Referral
U04999,21,Male,Pune,Viman Nagar,2025-02-02,Basic,Other
U05000,34,Female,Hyderabad,Madhapur,2026-01-09,Basic,YouTube
